cust_id,city,total_spend,spend_tier
3845,Dubai,16599.204557514193,High
1404,Dubai,16595.93901910782,High
4900,Dubai,16569.1340018034,High
4184,Dubai,16497.303976190087,High
1846,Abu Dhabi,16479.97903499603,High
3969,Dubai,16452.32449808121,High
1962,Sharjah,16419.815966629983,High
1169,Dubai,16297.94899067879,High
3727,Dubai,16297.20508668423,High
283,Sharjah,16118.04549705982,High
3378,Abu Dhabi,15956.765993809699,High
3680,Dubai,15902.122430038455,High
4915,Sharjah,15895.694439244273,High
1343,Abu Dhabi,15842.925989866257,High
559,Abu Dhabi,15835.64199781418,High
2804,Sharjah,15753.240922689438,High
3424,Dubai,15736.274016070363,High
2360,Abu Dhabi,15687.60604016781,High
3865,Dubai,15588.363959527016,High
2636,Dubai,15587.006878256798,High
4510,Sharjah,15572.776017713548,High
4078,Dubai,15535.376840496063,High
3695,Sharjah,15462.343035602571,High
2771,Dubai,15435.264508819582,High
2923,Sharjah,15423.035971331594,High
3756,Dubai,15383.527494621276,High
249,Dubai,15380.221959495546,High
1966,Dubai,15242.442829728127,High
467,Abu Dhabi,15235.564462828635,High
3285,Sharjah,15228.806033277513,High
4524,Abu Dhabi,15225.196071171758,High
4742,Abu Dhabi,15211.56641442776,High
3470,Dubai,15203.77856981754,High
2895,Abu Dhabi,15180.693375444414,High
267,Abu Dhabi,15128.590981006624,High
4396,Sharjah,15114.709502935406,High
3873,Dubai,15100.496486747264,High
1852,Sharjah,15096.517629122736,High
509,Abu Dhabi,15077.399988102912,High
4227,Sharjah,15044.365971374511,High
1867,Abu Dhabi,15042.932951259614,High
3469,Sharjah,15002.586497879027,High
4337,Abu Dhabi,14995.984018731118,Medium
701,Dubai,14960.601391625405,Medium
2308,Sharjah,14941.902950549127,Medium
4316,Abu Dhabi,14930.03592104912,Medium
4377,Abu Dhabi,14929.427050256725,Medium
705,Dubai,14894.763977622988,Medium
414,Dubai,14853.997008943563,Medium
702,Sharjah,14849.164865779872,Medium
2612,Abu Dhabi,14848.528955173491,Medium
3678,Abu Dhabi,14842.166976952552,Medium
3794,Sharjah,14804.182991313934,Medium
1824,Abu Dhabi,14802.302462267877,Medium
3857,Abu Dhabi,14752.784506225587,Medium
66,Dubai,14734.889919877052,Medium
2166,Abu Dhabi,14694.412497591971,Medium
4345,Abu Dhabi,14676.82311935425,Medium
2217,Dubai,14652.621540236476,Medium
3317,Abu Dhabi,14646.109005331993,Medium
2124,Dubai,14638.127991223335,Medium
3536,Sharjah,14574.34051659107,Medium
4248,Sharjah,14571.04997417927,Medium
3208,Sharjah,14570.626055622097,Medium
455,Dubai,14566.640037536625,Medium
2461,Dubai,14566.498473119735,Medium
4955,Sharjah,14553.040440607072,Medium
348,Sharjah,14551.705936479566,Medium
3272,Dubai,14539.50602231026,Medium
3415,Abu Dhabi,14510.709514856339,Medium
4079,Sharjah,14502.127566695211,Medium
4604,Dubai,14479.493019437792,Medium
3591,Sharjah,14472.594957923891,Medium
4840,Abu Dhabi,14457.554029393195,Medium
3544,Dubai,14450.014944076538,Medium
2273,Sharjah,14447.103492474555,Medium
4442,Dubai,14441.518575286864,Medium
4689,Abu Dhabi,14437.537490797044,Medium
4723,Dubai,14429.4459666729,Medium
3172,Sharjah,14426.309975910186,Medium
4250,Dubai,14417.046472740174,Medium
2834,Dubai,14414.872029161459,Medium
4221,Sharjah,14413.175487804418,Medium
4869,Abu Dhabi,14401.002610456944,Medium
2425,Sharjah,14382.337502717972,Medium
1888,Dubai,14381.823991417885,Medium
132,Dubai,14381.165500164032,Medium
1324,Sharjah,14365.708906102183,Medium
1869,Abu Dhabi,14359.80395582914,Medium
2625,Dubai,14355.126998519898,Medium
394,Dubai,14354.447106409072,Medium
2977,Abu Dhabi,14353.746968424319,Medium
4356,Dubai,14340.551057291032,Medium
224,Dubai,14333.950642156606,Medium
3084,Abu Dhabi,14333.22142047882,Medium
4094,Dubai,14317.780546259879,Medium
404,Abu Dhabi,14303.186460411549,Medium
655,Dubai,14284.539531421664,Medium
369,Dubai,14256.227974939344,Medium
1173,Abu Dhabi,14253.31604859829,Medium
3856,Abu Dhabi,14242.161016273498,Medium
3403,Abu Dhabi,14240.968511962888,Medium
1256,Abu Dhabi,14233.448503303525,Medium
250,Abu Dhabi,14187.478958630563,Medium
4563,Sharjah,14184.814031219485,Medium
1462,Dubai,14182.912541818616,Medium
3705,Sharjah,14176.69152019024,Medium
211,Abu Dhabi,14175.591916048528,Medium
4587,Dubai,14175.06944811344,Medium
1974,Dubai,14159.029485964775,Medium
4178,Dubai,14155.979465341567,Medium
4949,Dubai,14147.683638381957,Medium
4512,Dubai,14147.342503440383,Medium
34,Dubai,14140.53397760391,Medium
4402,Sharjah,14140.34649205208,Medium
724,Dubai,14133.479582214353,Medium
4968,Dubai,14120.308463907242,Medium
2245,Dubai,14114.048047065735,Medium
4769,Dubai,14111.109531712535,Medium
4969,Abu Dhabi,14100.28336391449,Medium
456,Abu Dhabi,14099.374478912354,Medium
4481,Abu Dhabi,14090.149067831037,Medium
1638,Abu Dhabi,14085.83412579298,Medium
1642,Sharjah,14085.58002409935,Medium
3151,Abu Dhabi,14081.820009016988,Medium
2420,Dubai,14061.520888757708,Medium
2161,Dubai,14029.268511009217,Medium
3676,Sharjah,14024.937458109856,Medium
2807,Sharjah,14018.20359659195,Medium
1096,Dubai,14016.127087974548,Medium
1648,Sharjah,14007.970444107057,Medium
301,Dubai,14000.636970138548,Medium
4014,Dubai,13988.875947427747,Medium
4546,Dubai,13984.539034128187,Medium
2591,Sharjah,13975.781921195981,Medium
3782,Dubai,13973.115400505065,Medium
4890,Dubai,13972.794486641886,Medium
4,Abu Dhabi,13960.22143473625,Medium
4684,Dubai,13946.986996650696,Medium
1585,Sharjah,13939.157469034193,Medium
2604,Sharjah,13938.971003460882,Medium
1535,Dubai,13918.85142297745,Medium
356,Dubai,13916.667900419236,Medium
3875,Dubai,13908.519000411032,Medium
526,Dubai,13908.121494817733,Medium
3448,Sharjah,13907.781053876874,Medium
743,Abu Dhabi,13896.856534790993,Medium
1575,Sharjah,13890.510059404372,Medium
2971,Sharjah,13880.266026639938,Medium
2568,Abu Dhabi,13868.475982952117,Medium
4725,Dubai,13864.271021699904,Medium
2183,Dubai,13862.78647780418,Medium
4560,Sharjah,13862.709454107287,Medium
884,Sharjah,13852.31797492504,Medium
2578,Abu Dhabi,13842.591499495507,Medium
3913,Dubai,13841.929460811616,Medium
1327,Dubai,13839.734928441048,Medium
243,Dubai,13826.188461852074,Medium
273,Sharjah,13823.395061492918,Medium
3718,Dubai,13813.66150996685,Medium
1104,Abu Dhabi,13809.972428536415,Medium
341,Dubai,13801.73445456028,Medium
2015,Abu Dhabi,13799.82546749115,Medium
1333,Sharjah,13794.551986670498,Medium
586,Dubai,13785.64844286442,Medium
3972,Dubai,13780.617496991159,Medium
229,Dubai,13776.186981725692,Medium
3184,Dubai,13765.277997732162,Medium
1290,Abu Dhabi,13756.732026910786,Medium
2261,Dubai,13743.044471359257,Medium
1115,Dubai,13741.056077528,Medium
337,Sharjah,13740.411997985837,Medium
448,Dubai,13738.90797857046,Medium
1688,Dubai,13738.582468557355,Medium
3430,Abu Dhabi,13738.267526960373,Medium
3564,Dubai,13733.16893877983,Medium
4691,Sharjah,13731.417502975462,Medium
2574,Sharjah,13727.90189538002,Medium
1948,Abu Dhabi,13727.83661074638,Medium
3435,Sharjah,13718.762504339218,Medium
1037,Abu Dhabi,13718.679986429213,Medium
1730,Sharjah,13718.618094468116,Medium
2267,Abu Dhabi,13718.599985456465,Medium
983,Dubai,13718.283507966995,Medium
716,Dubai,13707.331482768062,Medium
1789,Abu Dhabi,13703.02503168583,Medium
4245,Sharjah,13701.674444234368,Medium
1825,Dubai,13693.602950453755,Medium
540,Sharjah,13693.052499794961,Medium
2147,Dubai,13687.858024096491,Medium
3385,Sharjah,13687.140981030461,Medium
1538,Dubai,13686.99850311279,Medium
2927,Dubai,13685.835548210143,Medium
1074,Dubai,13685.525957393644,Medium
4371,Sharjah,13680.789026308059,Medium
1223,Dubai,13679.185850214957,Medium
1883,Abu Dhabi,13675.76697511673,Medium
516,Abu Dhabi,13660.91046013832,Medium
2740,Dubai,13660.440994954108,Medium
4632,Sharjah,13655.059539604186,Medium
4495,Dubai,13649.046990013123,Medium
1996,Abu Dhabi,13649.027996778488,Medium
2110,Abu Dhabi,13633.659109902383,Medium
1102,Sharjah,13632.029967546465,Medium
4233,Sharjah,13628.608469772338,Medium
3506,Sharjah,13614.019443321227,Medium
2149,Dubai,13612.500557804107,Medium
2432,Abu Dhabi,13609.036445665357,Medium
2324,Abu Dhabi,13608.385460710522,Medium
2783,Abu Dhabi,13600.970970916747,Medium
2290,Sharjah,13598.02695872784,Medium
4875,Dubai,13587.65647153854,Medium
3560,Dubai,13586.609977674483,Medium
1619,Sharjah,13586.34247684479,Medium
870,Dubai,13575.177069044112,Medium
1748,Dubai,13566.589035654068,Medium
2277,Dubai,13563.781523048878,Medium
4263,Sharjah,13561.776421582697,Medium
2975,Dubai,13560.345074427127,Medium
1545,Dubai,13556.642499518393,Medium
1914,Sharjah,13554.779565000536,Medium
265,Dubai,13552.239015293122,Medium
1387,Abu Dhabi,13534.317056441305,Medium
3688,Dubai,13533.95293302536,Medium
4360,Abu Dhabi,13529.611056447025,Medium
1372,Dubai,13522.445936083794,Medium
3801,Dubai,13522.142077660563,Medium
2359,Dubai,13519.67249224186,Medium
2076,Sharjah,13507.269550919535,Medium
1061,Sharjah,13503.267088341709,Medium
1090,Dubai,13497.7355740428,Medium
4308,Dubai,13494.967064237597,Medium
2717,Abu Dhabi,13494.230957365035,Medium
1348,Abu Dhabi,13494.134549665452,Medium
2437,Dubai,13492.538567614552,Medium
2758,Dubai,13487.412506818773,Medium
1393,Sharjah,13480.811380636693,Medium
2328,Dubai,13479.638536381719,Medium
807,Dubai,13476.635431623461,Medium
2832,Dubai,13474.945986557008,Medium
3362,Dubai,13471.056508922578,Medium
3614,Abu Dhabi,13470.555035972597,Medium
1692,Dubai,13468.067422628405,Medium
791,Sharjah,13464.245480751988,Medium
1777,Dubai,13462.675563764575,Medium
3535,Abu Dhabi,13459.422472226619,Medium
1728,Sharjah,13456.081993961332,Medium
2342,Dubai,13455.997574973106,Medium
405,Dubai,13438.297536230086,Medium
656,Abu Dhabi,13432.879493045808,Medium
492,Dubai,13431.08988580704,Medium
3407,Dubai,13412.310975003242,Medium
3864,Sharjah,13400.256514406203,Medium
4942,Dubai,13399.370191073416,Medium
4212,Abu Dhabi,13395.566499137876,Medium
3331,Dubai,13391.097872257233,Medium
3288,Abu Dhabi,13391.083376049995,Medium
357,Dubai,13389.738021564483,Medium
2512,Abu Dhabi,13378.231981897356,Medium
1143,Dubai,13372.294085359574,Medium
4336,Sharjah,13370.283522987367,Medium
2344,Dubai,13369.57752418518,Medium
681,Dubai,13364.456601071357,Medium
1982,Dubai,13357.94788761139,Medium
4911,Sharjah,13348.183984661104,Medium
2030,Dubai,13344.439571642877,Medium
4398,Sharjah,13342.305051827432,Medium
4572,Dubai,13335.914455795288,Medium
828,Abu Dhabi,13333.929981565474,Medium
1604,Abu Dhabi,13332.466988706587,Medium
3169,Dubai,13332.451449227334,Medium
1843,Dubai,13331.407054471973,Medium
1591,Dubai,13330.960932421689,Medium
878,Abu Dhabi,13330.785027003287,Medium
4959,Dubai,13326.631378126147,Medium
142,Sharjah,13322.152943897245,Medium
2919,Dubai,13317.819923877716,Medium
590,Abu Dhabi,13317.441478276254,Medium
3294,Dubai,13317.100481152536,Medium
372,Sharjah,13303.695464968683,Medium
1878,Dubai,13302.898487901686,Medium
1111,Abu Dhabi,13301.804929590224,Medium
2250,Abu Dhabi,13300.597975993154,Medium
4343,Dubai,13295.829564309119,Medium
2744,Sharjah,13290.697977256772,Medium
1508,Abu Dhabi,13289.85942349434,Medium
3337,Dubai,13289.548009419439,Medium
4017,Sharjah,13281.794416904451,Medium
1431,Dubai,13280.225033402445,Medium
1583,Dubai,13270.349979424476,Medium
2679,Sharjah,13264.856028699875,Medium
3043,Abu Dhabi,13258.21347692013,Medium
2812,Dubai,13258.15894203186,Medium
4567,Abu Dhabi,13257.990950250623,Medium
506,Sharjah,13257.966570854189,Medium
3636,Abu Dhabi,13257.048057603835,Medium
2900,Abu Dhabi,13254.596494197847,Medium
713,Dubai,13247.619119024277,Medium
366,Dubai,13247.482035779954,Medium
4731,Dubai,13243.003998816015,Medium
1481,Dubai,13242.880019164084,Medium
1957,Abu Dhabi,13238.709993600844,Medium
916,Abu Dhabi,13232.608510303498,Medium
2524,Dubai,13232.433053421975,Medium
245,Dubai,13225.287601685524,Medium
1477,Dubai,13222.281419920922,Medium
3698,Abu Dhabi,13220.729975128175,Medium
4450,Dubai,13216.355481910705,Medium
4945,Dubai,13210.936975789069,Medium
795,Sharjah,13204.6055290699,Medium
227,Abu Dhabi,13201.602560853958,Medium
4472,Abu Dhabi,13199.531512832642,Medium
1093,Abu Dhabi,13199.414541840551,Medium
4513,Dubai,13199.327978229521,Medium
483,Dubai,13193.200997710226,Medium
2930,Dubai,13193.056548690796,Medium
1537,Dubai,13181.439472126962,Medium
4239,Dubai,13181.066568374634,Medium
2170,Dubai,13177.97700893879,Medium
1679,Dubai,13172.002991116047,Medium
1842,Dubai,13168.847646141048,Medium
4645,Dubai,13159.617518115047,Medium
4088,Dubai,13154.913594007494,Medium
707,Dubai,13153.737023663522,Medium
4783,Dubai,13153.22909834385,Medium
2252,Dubai,13148.528515124322,Medium
386,Abu Dhabi,13146.054046106336,Medium
3045,Dubai,13142.910427713394,Medium
838,Sharjah,13141.6519990921,Medium
2439,Dubai,13139.789487552645,Medium
946,Dubai,13138.105988693236,Medium
4630,Dubai,13137.223875045775,Medium
1701,Dubai,13136.444032478334,Medium
4366,Dubai,13135.431006383895,Medium
1706,Dubai,13135.053492212293,Medium
4500,Sharjah,13131.903979253766,Medium
4361,Abu Dhabi,13116.534476304056,Medium
3476,Sharjah,13115.484585142138,Medium
340,Abu Dhabi,13111.310521292684,Medium
2774,Dubai,13105.106578159333,Medium
190,Sharjah,13104.22248315811,Medium
3495,Sharjah,13101.779001259807,Medium
2350,Dubai,13095.05444974899,Medium
601,Abu Dhabi,13094.66641819477,Medium
4811,Dubai,13093.031987810138,Medium
1812,Dubai,13091.451990270614,Medium
2386,Dubai,13089.939906644819,Medium
3554,Abu Dhabi,13079.117547559741,Medium
3209,Sharjah,13072.142544770242,Medium
4657,Abu Dhabi,13069.251918339729,Medium
1865,Dubai,13059.118934440612,Medium
1457,Dubai,13058.849012851715,Medium
1902,Sharjah,13054.02496287823,Medium
913,Dubai,13052.225477719305,Medium
1461,Dubai,13052.063524460791,Medium
1316,Abu Dhabi,13049.318458414076,Medium
751,Dubai,13047.427534389495,Medium
4380,Abu Dhabi,13045.760987317564,Medium
4215,Sharjah,13044.203435921669,Medium
3402,Dubai,13041.721984028816,Medium
117,Dubai,13040.268515515327,Medium
4997,Sharjah,13037.559998893737,Medium
757,Abu Dhabi,13037.066981792448,Medium
2318,Abu Dhabi,13035.045414566992,Medium
333,Sharjah,13019.934033346177,Medium
2114,Dubai,13017.82851436138,Medium
3194,Abu Dhabi,13014.465520358088,Medium
2302,Abu Dhabi,13009.549064433575,Medium
1026,Abu Dhabi,13005.809012341502,Medium
3668,Abu Dhabi,13003.401082229611,Medium
4315,Sharjah,13002.859574770928,Medium
3010,Sharjah,12991.816856193542,Medium
3790,Abu Dhabi,12989.93252120018,Medium
1752,Abu Dhabi,12989.659482836723,Medium
2613,Dubai,12985.907049512862,Medium
3795,Dubai,12982.389502859114,Medium
4534,Abu Dhabi,12981.472040653227,Medium
53,Dubai,12980.330415809158,Medium
4117,Sharjah,12976.841976523401,Medium
3825,Dubai,12976.481927204131,Medium
3524,Dubai,12968.759975743298,Medium
3381,Sharjah,12965.732446599002,Medium
2268,Abu Dhabi,12964.009924745556,Medium
1616,Dubai,12962.722532892225,Medium
2899,Abu Dhabi,12961.290513324739,Medium
2351,Abu Dhabi,12959.773995745183,Medium
781,Dubai,12953.537015104295,Medium
3890,Sharjah,12951.321521568298,Medium
2968,Dubai,12950.983964920046,Medium
4103,Abu Dhabi,12949.429103374478,Medium
3439,Sharjah,12949.1648958683,Medium
2084,Sharjah,12946.957527995108,Medium
4808,Dubai,12943.719432997708,Medium
3883,Abu Dhabi,12940.7009421587,Medium
3717,Abu Dhabi,12936.044416069986,Medium
511,Sharjah,12935.535056912899,Medium
3579,Dubai,12934.281525039676,Medium
3426,Abu Dhabi,12932.821460437775,Medium
2174,Abu Dhabi,12929.884044837952,Medium
4586,Dubai,12928.90905005932,Medium
2137,Abu Dhabi,12924.227972960472,Medium
3293,Abu Dhabi,12915.405021429062,Medium
4086,Dubai,12913.002401995658,Medium
319,Sharjah,12912.701954746244,Medium
4418,Dubai,12911.64403760433,Medium
1835,Dubai,12910.257476854325,Medium
3393,Dubai,12909.384525191786,Medium
768,Dubai,12908.609923148155,Medium
3853,Abu Dhabi,12905.931950223448,Medium
2036,Dubai,12902.507481646537,Medium
2609,Dubai,12896.736519575119,Medium
464,Sharjah,12894.320475816729,Medium
4784,Sharjah,12890.929017996787,Medium
1195,Abu Dhabi,12890.350496602057,Medium
2317,Dubai,12890.22540485859,Medium
3077,Dubai,12889.792001926899,Medium
890,Dubai,12885.93355693817,Medium
130,Abu Dhabi,12884.95594687462,Medium
4994,Abu Dhabi,12881.82804441452,Medium
978,Abu Dhabi,12877.788534080983,Medium
3879,Abu Dhabi,12873.638447475434,Medium
2288,Dubai,12872.878491210939,Medium
2438,Abu Dhabi,12870.060926604276,Medium
4796,Dubai,12867.691953372956,Medium
2849,Dubai,12863.894028425217,Medium
2951,Dubai,12859.601988315582,Medium
1700,Abu Dhabi,12859.472929334643,Medium
1682,Abu Dhabi,12858.459477972985,Medium
4568,Dubai,12854.918534660339,Medium
2451,Dubai,12854.757027029991,Medium
1426,Dubai,12846.697003936764,Medium
3336,Dubai,12846.144054937362,Medium
552,Sharjah,12835.177957057953,Medium
2163,Sharjah,12828.760922646525,Medium
359,Abu Dhabi,12827.775064802168,Medium
942,Dubai,12822.847003793717,Medium
3566,Dubai,12818.682425832747,Medium
1177,Dubai,12818.542952632903,Medium
2727,Dubai,12814.248937582972,Medium
3760,Abu Dhabi,12813.916966807843,Medium
134,Sharjah,12794.696042966843,Medium
3164,Dubai,12794.68941516876,Medium
4557,Dubai,12793.076040554048,Medium
1039,Sharjah,12791.984958291056,Medium
4313,Sharjah,12786.190505933762,Medium
784,Abu Dhabi,12785.984534835816,Medium
809,Sharjah,12785.85950613022,Medium
3541,Abu Dhabi,12780.462480306625,Medium
3981,Abu Dhabi,12778.833359074591,Medium
4850,Abu Dhabi,12777.931036138536,Medium
3820,Dubai,12773.125498318674,Medium
4321,Dubai,12772.228965353968,Medium
3187,Sharjah,12771.378475165364,Medium
2925,Dubai,12771.364481484892,Medium
3458,Sharjah,12769.28947212696,Medium
2064,Dubai,12766.907030296325,Medium
4675,Abu Dhabi,12766.802982556823,Medium
3253,Dubai,12766.550047898289,Medium
4867,Abu Dhabi,12760.05644288063,Medium
4022,Abu Dhabi,12754.195422649384,Medium
1968,Dubai,12752.48500268459,Medium
2218,Sharjah,12750.38000067472,Medium
1862,Abu Dhabi,12749.43402528763,Medium
2869,Abu Dhabi,12747.415528249741,Medium
2254,Dubai,12746.37251253724,Medium
1714,Dubai,12745.581960344316,Medium
4864,Dubai,12742.71501917839,Medium
3830,Dubai,12739.975024461746,Medium
1273,Abu Dhabi,12738.928084337711,Medium
4562,Sharjah,12736.099013996125,Medium
3083,Dubai,12734.504487061502,Medium
4685,Sharjah,12734.243013334275,Medium
4952,Abu Dhabi,12732.537054038048,Medium
3100,Abu Dhabi,12732.258079361916,Medium
4669,Abu Dhabi,12730.892533612252,Medium
766,Dubai,12727.562516355514,Medium
1276,Dubai,12724.232018113138,Medium
856,Sharjah,12721.828544044492,Medium
85,Sharjah,12721.618041253092,Medium
1349,Dubai,12715.363475966453,Medium
3984,Abu Dhabi,12715.343961763383,Medium
3568,Sharjah,12713.907492303846,Medium
2349,Abu Dhabi,12713.221360015867,Medium
4847,Dubai,12709.636566329002,Medium
3,Dubai,12708.429977798465,Medium
1775,Abu Dhabi,12702.58512622118,Medium
2129,Dubai,12700.984484076502,Medium
2809,Abu Dhabi,12700.707035684587,Medium
2796,Dubai,12697.738030004504,Medium
2190,Sharjah,12695.30001423359,Medium
124,Dubai,12694.033559823036,Medium
665,Sharjah,12693.8329749465,Medium
3310,Abu Dhabi,12693.310561084749,Medium
4577,Sharjah,12690.371488952636,Medium
4211,Abu Dhabi,12689.52491412163,Medium
2068,Sharjah,12687.002479052544,Medium
738,Dubai,12685.372018575672,Medium
1626,Sharjah,12684.950414013862,Medium
3035,Dubai,12684.709468936922,Medium
3956,Dubai,12684.324958610532,Medium
3640,Dubai,12684.175491976739,Medium
2986,Sharjah,12677.360018634794,Medium
1936,Sharjah,12675.384996342658,Medium
4136,Sharjah,12672.42195813656,Medium
4813,Sharjah,12672.421024751664,Medium
20,Sharjah,12671.03645105362,Medium
632,Dubai,12664.823032426833,Medium
4467,Dubai,12662.733483123779,Medium
2445,Dubai,12660.379474735262,Medium
3387,Dubai,12658.743568038939,Medium
1071,Dubai,12654.814928245549,Medium
1056,Dubai,12654.343955111508,Medium
3252,Abu Dhabi,12653.229994297028,Medium
3515,Sharjah,12653.170499968524,Medium
4152,Abu Dhabi,12652.469486999511,Medium
3489,Dubai,12643.290067362785,Medium
437,Sharjah,12639.644500303268,Medium
3594,Dubai,12637.138029932974,Medium
364,Abu Dhabi,12636.404959988595,Medium
4643,Sharjah,12633.889023673533,Medium
3156,Sharjah,12630.092412614826,Medium
1633,Abu Dhabi,12627.007042098045,Medium
652,Dubai,12622.435550487038,Medium
4893,Abu Dhabi,12621.990537762642,Medium
4039,Abu Dhabi,12620.47100019455,Medium
470,Dubai,12619.93143107891,Medium
3016,Sharjah,12615.397486162186,Medium
1493,Dubai,12612.447992563248,Medium
4019,Sharjah,12612.269911789894,Medium
4798,Sharjah,12611.886969399455,Medium
4668,Dubai,12610.840519380572,Medium
4824,Dubai,12607.858038926124,Medium
1485,Sharjah,12604.862447547912,Medium
4082,Dubai,12604.208007419113,Medium
4735,Abu Dhabi,12602.288991260526,Medium
2380,Abu Dhabi,12602.155000448227,Medium
808,Sharjah,12601.358568859101,Medium
3419,Abu Dhabi,12588.164009547234,Medium
4181,Dubai,12587.401506674292,Medium
2792,Dubai,12585.57401723862,Medium
4839,Sharjah,12584.814049029352,Medium
3860,Sharjah,12582.27145590782,Medium
3170,Dubai,12582.042538642883,Medium
3513,Sharjah,12581.565966248512,Medium
3799,Dubai,12579.202986323833,Medium
2939,Abu Dhabi,12578.187496662142,Medium
1548,Dubai,12577.103030753133,Medium
4067,Dubai,12574.813459992407,Medium
571,Dubai,12569.28610351086,Medium
3189,Abu Dhabi,12566.284549951555,Medium
2069,Dubai,12563.538493561748,Medium
927,Dubai,12563.208977043627,Medium
1309,Sharjah,12560.667501950264,Medium
3037,Sharjah,12554.25998721123,Medium
410,Abu Dhabi,12549.213580608368,Medium
4335,Dubai,12548.744972133636,Medium
1411,Dubai,12545.36196846962,Medium
4922,Abu Dhabi,12541.595028448104,Medium
4530,Dubai,12541.356961345678,Medium
3446,Dubai,12540.480994057654,Medium
2272,Abu Dhabi,12531.55538496971,Medium
3364,Sharjah,12529.73754093647,Medium
3817,Abu Dhabi,12529.605446267127,Medium
4506,Abu Dhabi,12529.513052010534,Medium
3051,Dubai,12527.04598271847,Medium
2059,Dubai,12525.859481430054,Medium
2934,Abu Dhabi,12523.866967773436,Medium
2965,Dubai,12521.5924384594,Medium
315,Dubai,12520.638034296035,Medium
1314,Abu Dhabi,12517.121521568299,Medium
1248,Sharjah,12512.429897761345,Medium
1007,Dubai,12509.241473150254,Medium
3007,Abu Dhabi,12508.3729701519,Medium
672,Sharjah,12505.49999756813,Medium
4433,Sharjah,12498.745068502425,Medium
2199,Abu Dhabi,12497.924972248078,Medium
1049,Abu Dhabi,12497.44442474842,Medium
475,Dubai,12491.126974272729,Medium
2518,Abu Dhabi,12491.04094312191,Medium
2982,Dubai,12489.815428566932,Medium
2037,Dubai,12489.640526390076,Medium
899,Dubai,12486.842028188705,Medium
764,Abu Dhabi,12479.914432668684,Medium
1655,Dubai,12478.309515547751,Medium
682,Abu Dhabi,12475.391006326676,Medium
3585,Dubai,12473.852549850935,Medium
4624,Dubai,12471.910571336752,Medium
67,Sharjah,12471.519537496566,Medium
4175,Dubai,12471.043956708905,Medium
1317,Dubai,12467.212497544288,Medium
1564,Abu Dhabi,12466.456917786598,Medium
240,Abu Dhabi,12464.23844075203,Medium
545,Sharjah,12460.109471940994,Medium
922,Sharjah,12458.768495821952,Medium
1305,Sharjah,12456.069451665879,Medium
3412,Abu Dhabi,12455.888475561142,Medium
3485,Dubai,12455.72410480976,Medium
3306,Abu Dhabi,12454.335968923568,Medium
1503,Abu Dhabi,12453.823043584824,Medium
444,Abu Dhabi,12453.817431521418,Medium
660,Abu Dhabi,12453.745018005367,Medium
550,Dubai,12449.762049293518,Medium
3733,Sharjah,12448.431973445415,Medium
58,Sharjah,12447.954988527297,Medium
1291,Abu Dhabi,12441.571947264672,Medium
932,Dubai,12439.711560654641,Medium
3071,Sharjah,12435.649489641188,Medium
1845,Sharjah,12433.173464846612,Medium
2056,Dubai,12431.113486230375,Medium
1941,Abu Dhabi,12427.01705365181,Medium
2385,Dubai,12426.70156235695,Medium
3602,Sharjah,12424.920079278945,Medium
3978,Dubai,12423.240446519852,Medium
260,Sharjah,12423.015549373627,Medium
1815,Dubai,12421.890989017485,Medium
4826,Sharjah,12421.759932422636,Medium
2244,Sharjah,12420.703050565717,Medium
970,Dubai,12420.326392173767,Medium
3780,Abu Dhabi,12420.100014567373,Medium
3979,Dubai,12419.742975091935,Medium
733,Dubai,12417.926639676094,Medium
4036,Sharjah,12410.858393907547,Medium
3784,Sharjah,12407.102471995351,Medium
3263,Dubai,12406.18904604912,Medium
1550,Dubai,12406.062404638522,Medium
1496,Dubai,12404.866394472123,Medium
1589,Dubai,12400.605451989173,Medium
3413,Sharjah,12398.999449872972,Medium
2279,Abu Dhabi,12396.023559713363,Medium
568,Dubai,12393.994441890716,Medium
4488,Abu Dhabi,12393.887066030506,Medium
1964,Sharjah,12389.329496359827,Medium
502,Dubai,12389.128997373582,Medium
3744,Dubai,12388.559101891517,Medium
2659,Abu Dhabi,12385.963009679317,Medium
1450,Dubai,12384.628464531897,Medium
1822,Sharjah,12383.601594114301,Medium
2534,Dubai,12382.32054579258,Medium
4860,Dubai,12381.838952732081,Medium
86,Dubai,12376.511004424096,Medium
1611,Abu Dhabi,12375.401039791108,Medium
2521,Dubai,12372.644997167588,Medium
3211,Dubai,12372.228963947295,Medium
2164,Dubai,12369.022040128708,Medium
1631,Dubai,12366.249960505962,Medium
2052,Abu Dhabi,12364.069492340086,Medium
3073,Abu Dhabi,12363.970615434648,Medium
2730,Sharjah,12363.076520228386,Medium
2226,Sharjah,12362.547973835472,Medium
2088,Abu Dhabi,12360.997981357577,Medium
3467,Dubai,12357.026026344298,Medium
667,Abu Dhabi,12355.646511244775,Medium
3165,Dubai,12353.698970937732,Medium
1172,Abu Dhabi,12352.688474225997,Medium
1840,Abu Dhabi,12352.182477521896,Medium
157,Dubai,12347.989007759095,Medium
4950,Abu Dhabi,12347.602493190769,Medium
4871,Abu Dhabi,12346.877495718003,Medium
952,Dubai,12344.857507574556,Medium
3464,Abu Dhabi,12344.848009777068,Medium
4704,Dubai,12344.73649790287,Medium
2300,Dubai,12342.400975227356,Medium
604,Abu Dhabi,12342.330947422983,Medium
4819,Dubai,12334.392051124572,Medium
2222,Abu Dhabi,12334.040442848205,Medium
782,Abu Dhabi,12333.512894868853,Medium
647,Dubai,12332.378967380519,Medium
3520,Dubai,12331.305992627143,Medium
2123,Sharjah,12329.972895407673,Medium
1315,Abu Dhabi,12329.314504671098,Medium
915,Sharjah,12327.179964256286,Medium
4910,Dubai,12325.838009476664,Medium
3144,Abu Dhabi,12319.51399178505,Medium
308,Dubai,12317.684903192518,Medium
4762,Dubai,12315.680978155135,Medium
1786,Sharjah,12312.908044767379,Medium
3416,Abu Dhabi,12312.373466944697,Medium
4487,Abu Dhabi,12311.599502921104,Medium
2303,Dubai,12310.55600616932,Medium
3656,Abu Dhabi,12308.384974217417,Medium
1991,Sharjah,12307.897920036316,Medium
2843,Dubai,12307.082467293742,Medium
822,Dubai,12305.751052474974,Medium
2813,Dubai,12302.575445580484,Medium
3706,Dubai,12299.471941232683,Medium
805,Dubai,12297.834008836746,Medium
3563,Abu Dhabi,12294.418056440354,Medium
38,Abu Dhabi,12290.424487590788,Medium
3809,Dubai,12289.536959981917,Medium
1389,Dubai,12289.419984102253,Medium
4252,Dubai,12287.406935977935,Medium
2983,Dubai,12284.472502422333,Medium
1156,Dubai,12282.009491157529,Medium
4112,Dubai,12278.42239906788,Medium
1432,Abu Dhabi,12278.119061851501,Medium
1297,Sharjah,12274.777005887034,Medium
2346,Dubai,12274.766984844211,Medium
2842,Sharjah,12274.538455486298,Medium
4877,Abu Dhabi,12274.359074354174,Medium
1218,Sharjah,12270.308987593651,Medium
4280,Dubai,12270.230523967744,Medium
3555,Dubai,12260.102934837343,Medium
1784,Dubai,12259.053059995174,Medium
4440,Dubai,12259.003979396823,Medium
798,Dubai,12258.735998010634,Medium
1099,Abu Dhabi,12255.808473730089,Medium
2160,Dubai,12255.06796543598,Medium
84,Sharjah,12254.283024907114,Medium
1130,Sharjah,12252.40491309166,Medium
4986,Sharjah,12251.856480133532,Medium
2393,Abu Dhabi,12250.23198707104,Medium
14,Dubai,12247.775437974931,Medium
472,Abu Dhabi,12246.22647702694,Medium
971,Sharjah,12238.74952403307,Medium
3786,Sharjah,12237.201447212698,Medium
242,Sharjah,12232.041443705555,Medium
1586,Sharjah,12231.803492975241,Medium
3228,Abu Dhabi,12229.457922172547,Medium
3015,Sharjah,12228.435991930963,Medium
3791,Abu Dhabi,12228.122918224337,Medium
2860,Sharjah,12227.141511821746,Medium
1940,Abu Dhabi,12224.516538262367,Medium
4758,Dubai,12223.990079164505,Medium
2113,Sharjah,12223.158589625358,Medium
2584,Abu Dhabi,12222.668906140329,Medium
4114,Dubai,12222.6440251112,Medium
2714,Abu Dhabi,12220.420939874652,Medium
1375,Dubai,12218.185995924474,Medium
4382,Abu Dhabi,12216.800014376639,Medium
2340,Abu Dhabi,12215.998993206022,Medium
2638,Abu Dhabi,12214.044528484346,Medium
4584,Abu Dhabi,12212.81845293045,Medium
4350,Sharjah,12209.813413226604,Medium
2390,Dubai,12205.15500369072,Medium
2953,Abu Dhabi,12204.34054903984,Medium
1250,Dubai,12197.986944985389,Medium
2987,Dubai,12193.830953598022,Medium
1951,Abu Dhabi,12192.142420577999,Medium
3870,Dubai,12191.725976705548,Medium
4496,Dubai,12190.658517217636,Medium
3473,Abu Dhabi,12188.717466616632,Medium
4803,Dubai,12188.078922843932,Medium
2759,Dubai,12187.90594627857,Medium
2152,Abu Dhabi,12186.785965847967,Medium
3225,Abu Dhabi,12186.282998466488,Medium
4287,Sharjah,12186.056459951402,Medium
2248,Abu Dhabi,12184.605493164061,Medium
1890,Dubai,12184.369523191452,Medium
974,Abu Dhabi,12182.567443788053,Medium
2225,Dubai,12182.193477416038,Medium
247,Dubai,12180.610462069513,Medium
779,Sharjah,12177.970017790793,Medium
1893,Sharjah,12177.567044138912,Medium
3042,Dubai,12176.696027708052,Medium
2992,Dubai,12174.109888172148,Medium
4504,Sharjah,12173.818045318127,Medium
4649,Dubai,12171.269041895865,Medium
1641,Abu Dhabi,12170.252879381178,Medium
1817,Dubai,12169.707939863205,Medium
445,Dubai,12167.126386928558,Medium
606,Sharjah,12166.933902549743,Medium
4991,Sharjah,12166.708499288558,Medium
4774,Dubai,12166.68740415573,Medium
706,Dubai,12160.05096974373,Medium
3650,Dubai,12159.005411434176,Medium
2011,Sharjah,12158.570977306366,Medium
2156,Dubai,12158.28596327305,Medium
1226,Dubai,12156.354120874405,Medium
2134,Dubai,12154.799535894395,Medium
487,Abu Dhabi,12153.571938991548,Medium
466,Dubai,12148.242484188084,Medium
4694,Sharjah,12143.65449206829,Medium
2235,Dubai,12139.659970426563,Medium
206,Dubai,12136.169939708712,Medium
675,Dubai,12135.43946900368,Medium
2315,Dubai,12134.494462668894,Medium
3145,Dubai,12133.717525482178,Medium
1311,Abu Dhabi,12132.239516592024,Medium
4444,Dubai,12129.811984479427,Medium
2967,Sharjah,12129.662999486922,Medium
3587,Dubai,12129.612890243525,Medium
1408,Dubai,12127.940069627763,Medium
921,Sharjah,12125.000957751274,Medium
2911,Sharjah,12123.794000935553,Medium
2341,Sharjah,12123.319925141335,Medium
965,Sharjah,12122.236040651802,Medium
727,Dubai,12120.721499419215,Medium
425,Abu Dhabi,12118.37043862343,Medium
2938,Sharjah,12116.73848042488,Medium
1489,Abu Dhabi,12116.618894720075,Medium
442,Sharjah,12114.554013526442,Medium
4288,Dubai,12114.04592087269,Medium
2887,Abu Dhabi,12113.235541152955,Medium
3265,Dubai,12108.295070123673,Medium
262,Dubai,12104.700450038912,Medium
3603,Dubai,12101.230022478103,Medium
2099,Sharjah,12101.11059203148,Medium
2652,Abu Dhabi,12100.211940312385,Medium
1699,Abu Dhabi,12099.665507674217,Medium
1134,Dubai,12098.902968883513,Medium
2027,Sharjah,12097.91002641916,Medium
735,Abu Dhabi,12095.652459955216,Medium
4293,Abu Dhabi,12094.553955698015,Medium
3844,Dubai,12094.425970411303,Medium
2800,Sharjah,12094.418499970436,Medium
2292,Dubai,12093.897414731979,Medium
1832,Dubai,12092.204957866665,Medium
3234,Dubai,12092.124996352197,Medium
1425,Sharjah,12091.355025887487,Medium
4021,Abu Dhabi,12089.335112667084,Medium
1201,Sharjah,12089.015975713733,Medium
633,Dubai,12088.225497293466,Medium
1261,Dubai,12085.98152396679,Medium
4376,Abu Dhabi,12081.614989423753,Medium
1635,Dubai,12080.696045303343,Medium
2650,Abu Dhabi,12079.159997272493,Medium
1933,Abu Dhabi,12077.69506919384,Medium
3752,Abu Dhabi,12077.680046689507,Medium
2473,Dubai,12077.088443946841,Medium
1183,Dubai,12076.96699523926,Medium
3363,Sharjah,12075.590940213204,Medium
2269,Abu Dhabi,12075.575491738322,Medium
1275,Sharjah,12075.47988703251,Medium
3235,Dubai,12073.449527215957,Medium
3483,Dubai,12072.667917108536,Medium
3206,Sharjah,12071.260093927383,Medium
1573,Abu Dhabi,12069.662932538984,Medium
3715,Dubai,12069.653486299516,Medium
1955,Dubai,12068.957994747163,Medium
4265,Abu Dhabi,12068.942961764335,Medium
3701,Dubai,12068.853430175785,Medium
4667,Dubai,12068.66590900421,Medium
2844,Abu Dhabi,12068.424468827247,Medium
4626,Sharjah,12065.239993333817,Medium
2246,Dubai,12064.820980632305,Medium
1576,Sharjah,12063.520441555977,Medium
4057,Dubai,12061.104947185517,Medium
2374,Dubai,12058.59495747089,Medium
3019,Dubai,12056.419514751435,Medium
2275,Dubai,12054.990908718106,Medium
4639,Dubai,12054.047023749354,Medium
876,Dubai,12050.192553710942,Medium
4956,Dubai,12048.55104176998,Medium
4536,Abu Dhabi,12048.27697277069,Medium
3836,Abu Dhabi,12046.358540463445,Medium
4367,Dubai,12046.30706586838,Medium
2434,Dubai,12046.2973143816,Medium
2408,Dubai,12045.364542007444,Medium
4421,Dubai,12042.608492541314,Medium
1293,Dubai,12042.509940218924,Medium
2734,Dubai,12038.9794626236,Medium
458,Dubai,12038.05006313324,Medium
2806,Dubai,12036.20341925621,Medium
2594,Dubai,12031.957518172265,Medium
2251,Dubai,12029.622495460508,Medium
4897,Sharjah,12025.314011979104,Medium
4270,Dubai,12024.845096468927,Medium
4589,Dubai,12024.808533608915,Medium
1791,Dubai,12023.299500083926,Medium
4929,Dubai,12022.885065686703,Medium
1961,Sharjah,12020.518449068066,Medium
324,Sharjah,12019.657570457459,Medium
850,Dubai,12019.228422236443,Medium
3053,Sharjah,12018.674985671047,Medium
1300,Sharjah,12014.622500038146,Medium
3980,Abu Dhabi,12014.036964416502,Medium
2014,Dubai,12013.942988204955,Medium
1675,Dubai,12013.554534864426,Medium
1465,Dubai,12012.793017578124,Medium
515,Dubai,12011.001995658875,Medium
2444,Dubai,12010.975523877145,Medium
1266,Dubai,12008.079510211945,Medium
1184,Dubai,12007.800396537783,Medium
1210,Dubai,12007.678932070734,Medium
389,Dubai,12005.885547757145,Medium
2781,Dubai,12005.030981373786,Medium
1334,Dubai,12001.825990438461,Medium
4224,Dubai,11999.764073562626,Medium
831,Dubai,11999.758050036431,Medium
4130,Dubai,11999.152487754822,Medium
1257,Abu Dhabi,11998.303969073293,Medium
1763,Dubai,11997.49996936321,Medium
3275,Abu Dhabi,11997.32301497459,Medium
1958,Dubai,11995.327411222459,Medium
4525,Dubai,11994.096024751665,Medium
2065,Abu Dhabi,11993.632573080065,Medium
1246,Dubai,11993.342022895813,Medium
4760,Sharjah,11991.737947034837,Medium
1295,Dubai,11991.313093566896,Medium
137,Dubai,11988.903561878204,Medium
4745,Dubai,11987.091986560823,Medium
2072,Abu Dhabi,11984.28341369629,Medium
1076,Dubai,11984.07642426491,Medium
3682,Abu Dhabi,11982.814073705673,Medium
4511,Abu Dhabi,11981.319434762,Medium
1572,Dubai,11981.292463493346,Medium
1233,Abu Dhabi,11974.280401337148,Medium
68,Sharjah,11968.458057785036,Medium
1906,Dubai,11966.053512978553,Medium
4917,Abu Dhabi,11965.8159273386,Medium
3793,Dubai,11963.83952894211,Medium
4521,Dubai,11962.275001239774,Medium
4047,Dubai,11961.727490592002,Medium
486,Dubai,11961.260455226897,Medium
3863,Abu Dhabi,11960.926088118555,Medium
1643,Dubai,11959.283527970312,Medium
2628,Abu Dhabi,11957.385965692996,Medium
2711,Abu Dhabi,11956.425014734272,Medium
4529,Abu Dhabi,11955.203970861436,Medium
711,Sharjah,11953.72595267296,Medium
4055,Sharjah,11952.657506012918,Medium
129,Dubai,11952.493514585496,Medium
903,Abu Dhabi,11951.227069187162,Medium
2667,Abu Dhabi,11949.407401275634,Medium
4954,Abu Dhabi,11948.8175129652,Medium
4593,Dubai,11943.145037984845,Medium
4599,Dubai,11938.538929414748,Medium
3013,Abu Dhabi,11935.60405704975,Medium
4013,Abu Dhabi,11933.34055956602,Medium
2028,Abu Dhabi,11933.112456536292,Medium
1578,Dubai,11929.894081783297,Medium
3493,Dubai,11929.727474761008,Medium
4891,Abu Dhabi,11929.321993255611,Medium
888,Dubai,11927.546057605741,Medium
2016,Abu Dhabi,11927.246511840818,Medium
2820,Dubai,11923.761556315421,Medium
1882,Abu Dhabi,11922.996972846986,Medium
4098,Dubai,11919.220536184308,Medium
772,Dubai,11918.6569185257,Medium
786,Abu Dhabi,11916.831984055043,Medium
1525,Dubai,11916.259986495974,Medium
3216,Sharjah,11914.703974342345,Medium
2949,Dubai,11913.512032520772,Medium
4537,Sharjah,11913.166038680076,Medium
2127,Dubai,11910.256078338623,Medium
4041,Dubai,11909.905502128599,Medium
3127,Abu Dhabi,11909.654006552695,Medium
4713,Abu Dhabi,11906.379542398452,Medium
1765,Dubai,11905.729456424711,Medium
4629,Dubai,11905.065044355393,Medium
3995,Sharjah,11904.433043479921,Medium
310,Dubai,11903.558468329908,Medium
4437,Abu Dhabi,11897.655943894386,Medium
4538,Dubai,11897.155050206184,Medium
426,Dubai,11892.39151272774,Medium
1440,Sharjah,11891.77747139931,Medium
1502,Abu Dhabi,11889.62093729973,Medium
2682,Sharjah,11888.980992841722,Medium
3017,Dubai,11886.001959109306,Medium
2157,Dubai,11885.780466091634,Medium
4640,Dubai,11885.748034429553,Medium
4904,Dubai,11884.804433870317,Medium
1225,Dubai,11883.60144994259,Medium
4836,Dubai,11881.683972334862,Medium
3086,Sharjah,11881.549379301068,Medium
495,Sharjah,11878.001454138757,Medium
962,Sharjah,11876.623953270915,Medium
897,Dubai,11875.969424057006,Medium
4176,Dubai,11875.601962447166,Medium
926,Dubai,11874.403971171378,Medium
4081,Dubai,11873.051517772674,Medium
2228,Sharjah,11869.78102698326,Medium
4201,Sharjah,11869.326961493492,Medium
1696,Abu Dhabi,11869.012473773957,Medium
3942,Sharjah,11868.021985077856,Medium
3341,Abu Dhabi,11865.034026217463,Medium
3655,Dubai,11865.006983041763,Medium
474,Sharjah,11864.785536861418,Medium
1654,Sharjah,11861.633980274197,Medium
4995,Abu Dhabi,11857.699913072585,Medium
3221,Dubai,11855.954975748064,Medium
296,Dubai,11855.276957535745,Medium
1773,Dubai,11855.18100452423,Medium
1490,Dubai,11854.890938973425,Medium
2892,Dubai,11851.918491029737,Medium
4231,Dubai,11850.434538698197,Medium
2446,Abu Dhabi,11844.54652612209,Medium
3673,Abu Dhabi,11843.183603358266,Medium
233,Dubai,11841.518549680712,Medium
894,Dubai,11839.956891059877,Medium
2642,Dubai,11839.628466510774,Medium
677,Dubai,11837.64701180458,Medium
4979,Abu Dhabi,11836.472886657713,Medium
3057,Abu Dhabi,11835.692499923705,Medium
1715,Dubai,11833.40603344441,Medium
2508,Dubai,11833.05399374962,Medium
2096,Dubai,11832.092930722236,Medium
2262,Dubai,11831.972040462493,Medium
419,Dubai,11831.683491182332,Medium
574,Abu Dhabi,11830.879047441482,Medium
302,Dubai,11827.466497015954,Medium
2737,Sharjah,11827.40099749565,Medium
3905,Dubai,11826.628973054883,Medium
4179,Sharjah,11826.491980648041,Medium
4801,Dubai,11825.312070035936,Medium
1780,Dubai,11825.01899728775,Medium
2057,Sharjah,11824.91703836918,Medium
2962,Dubai,11824.798573803904,Medium
143,Abu Dhabi,11823.945998072622,Medium
3546,Abu Dhabi,11822.949129199982,Medium
1447,Sharjah,11822.732984638213,Medium
3764,Dubai,11822.541006565094,Medium
621,Dubai,11822.337973117828,Medium
4106,Dubai,11821.7920199275,Medium
433,Dubai,11821.722469520568,Medium
2394,Dubai,11820.847954177858,Medium
3849,Abu Dhabi,11819.109371042254,Medium
2662,Dubai,11816.337562799454,Medium
3257,Dubai,11815.260486638546,Medium
3090,Dubai,11814.895528531073,Medium
1935,Dubai,11814.127474141118,Medium
3492,Sharjah,11812.778018808367,Medium
1721,Dubai,11811.786516523367,Medium
4848,Dubai,11810.720965933797,Medium
3197,Dubai,11803.49854810238,Medium
1132,Sharjah,11800.634497356416,Medium
336,Dubai,11799.743462073804,Medium
2042,Dubai,11798.252973270417,Medium
55,Dubai,11797.974485373497,Medium
2135,Abu Dhabi,11797.367495810982,Medium
3451,Sharjah,11791.857474708557,Medium
286,Dubai,11790.680959081647,Medium
3896,Dubai,11790.577454471588,Medium
39,Abu Dhabi,11788.569495844842,Medium
1969,Dubai,11787.632408332825,Medium
1847,Dubai,11785.616050291062,Medium
4340,Sharjah,11785.39150831699,Medium
3986,Dubai,11784.704039335253,Medium
4323,Abu Dhabi,11783.116489171982,Medium
375,Sharjah,11776.843014168739,Medium
2523,Dubai,11775.522484445575,Medium
365,Abu Dhabi,11775.244413232802,Medium
3854,Dubai,11773.127533054352,Medium
2188,Dubai,11772.096533346175,Medium
1712,Abu Dhabi,11770.267421865465,Medium
203,Dubai,11766.007441186903,Medium
344,Dubai,11763.594516921044,Medium
4677,Dubai,11761.739495229722,Medium
1284,Dubai,11759.547042524815,Medium
4228,Sharjah,11758.719486284255,Medium
694,Abu Dhabi,11757.237932574748,Medium
252,Dubai,11755.345988035202,Medium
1569,Dubai,11753.54843184948,Medium
118,Dubai,11752.423004102708,Medium
94,Abu Dhabi,11750.322004652024,Medium
4425,Dubai,11749.484507465362,Medium
4238,Dubai,11749.354399085045,Medium
787,Abu Dhabi,11746.300075149536,Medium
1403,Abu Dhabi,11744.926502466202,Medium
4497,Abu Dhabi,11744.528987121581,Medium
1320,Dubai,11741.81102733612,Medium
3987,Sharjah,11741.534529113767,Medium
862,Dubai,11735.459516477591,Medium
3925,Abu Dhabi,11734.669014716148,Medium
380,Dubai,11733.27896139622,Medium
4458,Abu Dhabi,11730.062972402573,Medium
3909,Abu Dhabi,11729.033929014206,Medium
3926,Sharjah,11728.387073516846,Medium
3803,Dubai,11728.032488369943,Medium
396,Dubai,11727.784966039657,Medium
2038,Dubai,11727.013022708894,Medium
748,Sharjah,11725.44196896553,Medium
4851,Abu Dhabi,11723.504025840763,Medium
1683,Abu Dhabi,11723.301012909413,Medium
3487,Dubai,11722.52444649935,Medium
1595,Sharjah,11722.083532238004,Medium
615,Sharjah,11720.531009817123,Medium
2400,Dubai,11720.074450051783,Medium
4756,Sharjah,11720.061517548562,Medium
2952,Dubai,11714.409408164025,Medium
3871,Abu Dhabi,11712.215471172336,Medium
3396,Sharjah,11711.94392313957,Medium
4988,Abu Dhabi,11711.809498405457,Medium
4267,Abu Dhabi,11710.468445181843,Medium
2692,Sharjah,11710.29250097275,Medium
3175,Abu Dhabi,11708.69897825718,Medium
1993,Dubai,11707.725030958652,Medium
2979,Abu Dhabi,11707.21951031685,Medium
2316,Dubai,11705.09402961731,Medium
4249,Dubai,11704.760950183869,Medium
3392,Abu Dhabi,11704.266428089144,Medium
219,Sharjah,11703.562953329085,Medium
87,Dubai,11702.49694367647,Medium
156,Abu Dhabi,11701.473958969114,Medium
185,Abu Dhabi,11700.584518885613,Medium
423,Abu Dhabi,11700.03100156784,Medium
353,Dubai,11699.830479574204,Medium
1520,Dubai,11697.968534064292,Medium
4432,Dubai,11697.913477754593,Medium
3148,Dubai,11697.8689804554,Medium
15,Abu Dhabi,11697.82352077961,Medium
218,Dubai,11694.472992873189,Medium
2649,Abu Dhabi,11691.412513113022,Medium
3611,Abu Dhabi,11691.046532297136,Medium
1997,Dubai,11690.943906068802,Medium
3355,Dubai,11687.748005151749,Medium
3783,Dubai,11687.456526947022,Medium
3498,Dubai,11687.025425267217,Medium
2238,Dubai,11685.49247970581,Medium
3091,Abu Dhabi,11684.981381893156,Medium
3296,Dubai,11684.474490880966,Medium
2205,Dubai,11678.834488797189,Medium
2363,Sharjah,11677.916549742222,Medium
3038,Dubai,11677.700926303864,Medium
843,Dubai,11677.500502800942,Medium
489,Dubai,11674.356006002425,Medium
3200,Dubai,11674.159092473983,Medium
3707,Abu Dhabi,11673.321863961219,Medium
1766,Abu Dhabi,11670.689013314248,Medium
3453,Abu Dhabi,11669.39248379469,Medium
1727,Sharjah,11667.486525368691,Medium
2121,Dubai,11665.918907117844,Medium
4070,Abu Dhabi,11665.338556289673,Medium
3395,Dubai,11664.549614667896,Medium
2347,Dubai,11659.986536383627,Medium
199,Dubai,11659.151033449174,Medium
3738,Abu Dhabi,11657.578996491431,Medium
3436,Sharjah,11656.527007102964,Medium
4191,Dubai,11656.013523578644,Medium
3411,Dubai,11654.465475177765,Medium
1746,Abu Dhabi,11653.00698876381,Medium
3246,Sharjah,11652.470419216153,Medium
4006,Abu Dhabi,11651.903505682945,Medium
1352,Abu Dhabi,11649.855951023103,Medium
3806,Sharjah,11648.335408496858,Medium
629,Dubai,11648.290972447398,Medium
3989,Abu Dhabi,11647.336424708366,Medium
454,Sharjah,11646.545599889754,Medium
1449,Dubai,11644.580469059945,Medium
2673,Sharjah,11643.955971360207,Medium
3004,Abu Dhabi,11643.525429201127,Medium
1500,Sharjah,11643.122053778172,Medium
2569,Dubai,11642.173488307,Medium
939,Dubai,11641.917030668259,Medium
2677,Dubai,11641.19542096853,Medium
1753,Dubai,11639.896481680871,Medium
22,Sharjah,11638.898570370677,Medium
1652,Dubai,11638.829057431221,Medium
4011,Dubai,11638.128446102142,Medium
688,Dubai,11638.039981937407,Medium
288,Dubai,11637.907039880756,Medium
1540,Abu Dhabi,11637.902939629554,Medium
1251,Dubai,11637.491029953957,Medium
1170,Abu Dhabi,11636.227985858917,Medium
421,Sharjah,11635.688059473041,Medium
3163,Sharjah,11634.180013275145,Medium
2670,Sharjah,11633.951112675664,Medium
800,Sharjah,11632.497488164898,Medium
4539,Dubai,11631.374472284318,Medium
2410,Dubai,11631.070931100847,Medium
3342,Sharjah,11627.089388966559,Medium
1734,Dubai,11625.769470047951,Medium
4720,Sharjah,11624.035522770882,Medium
2128,Abu Dhabi,11623.254921603206,Medium
1761,Dubai,11623.208513188363,Medium
3819,Abu Dhabi,11623.162476038933,Medium
648,Abu Dhabi,11621.692423176768,Medium
4268,Dubai,11617.964026784897,Medium
4547,Dubai,11617.847554802898,Medium
2103,Dubai,11617.09097626209,Medium
1866,Sharjah,11615.722566843033,Medium
3491,Dubai,11614.317557907105,Medium
4886,Abu Dhabi,11614.142544555667,Medium
3557,Abu Dhabi,11613.719043934349,Medium
4479,Abu Dhabi,11612.584037971497,Medium
4460,Dubai,11611.72007575035,Medium
3792,Abu Dhabi,11610.945532035827,Medium
2688,Abu Dhabi,11610.77148323059,Medium
2485,Abu Dhabi,11610.594561815264,Medium
3162,Abu Dhabi,11610.177987504005,Medium
1743,Sharjah,11609.24797027111,Medium
2209,Abu Dhabi,11608.388927412036,Medium
12,Sharjah,11608.23789753914,Medium
2905,Dubai,11607.612041044236,Medium
852,Sharjah,11606.984974360466,Medium
4368,Dubai,11606.206432366373,Medium
1247,Sharjah,11603.541540181637,Medium
4865,Dubai,11596.960435390476,Medium
1507,Dubai,11595.942490768433,Medium
588,Abu Dhabi,11595.349006628992,Medium
1406,Abu Dhabi,11593.049460959432,Medium
3749,Dubai,11588.686536073685,Medium
3930,Dubai,11587.803000593181,Medium
2582,Dubai,11587.703053736688,Medium
3961,Sharjah,11586.795991122723,Medium
1206,Abu Dhabi,11585.556501531602,Medium
334,Dubai,11585.021553325656,Medium
2242,Abu Dhabi,11584.081453704834,Medium
1365,Abu Dhabi,11583.446558618547,Medium
3465,Sharjah,11582.515499353407,Medium
4928,Dubai,11581.769999456405,Medium
25,Abu Dhabi,11578.108467531207,Medium
4594,Dubai,11577.976035881042,Medium
4721,Dubai,11577.334471726417,Medium
988,Dubai,11577.030003404616,Medium
3139,Abu Dhabi,11576.76702132225,Medium
2775,Abu Dhabi,11576.603088879585,Medium
1054,Dubai,11574.442953395845,Medium
1377,Dubai,11573.991032481192,Medium
1581,Dubai,11573.829972743986,Medium
1163,Dubai,11573.234025144578,Medium
1434,Abu Dhabi,11572.215457248689,Medium
3997,Dubai,11570.286513876914,Medium
3461,Dubai,11570.263036823275,Medium
3488,Dubai,11569.33150525093,Medium
166,Dubai,11567.635522699355,Medium
4296,Sharjah,11566.663483667375,Medium
1809,Sharjah,11566.249944210052,Medium
54,Dubai,11565.934979760645,Medium
1385,Dubai,11564.529004549979,Medium
1292,Dubai,11564.264842915536,Medium
527,Dubai,11564.198036623002,Medium
841,Abu Dhabi,11563.803452086451,Medium
2805,Sharjah,11562.25041809082,Medium
1193,Abu Dhabi,11561.32304935455,Medium
801,Dubai,11559.979508638386,Medium
3210,Abu Dhabi,11558.453422546389,Medium
1779,Dubai,11557.315954208372,Medium
3442,Dubai,11554.433513307575,Medium
1044,Dubai,11553.8635617733,Medium
2815,Sharjah,11553.850053334236,Medium
3644,Abu Dhabi,11553.335996842383,Medium
2477,Dubai,11549.579046869278,Medium
651,Dubai,11548.728464722635,Medium
3391,Sharjah,11547.511978006365,Medium
1695,Abu Dhabi,11543.623488354682,Medium
4660,Dubai,11542.091487956046,Medium
1364,Dubai,11540.625964856144,Medium
2898,Sharjah,11536.3814330101,Medium
3432,Dubai,11530.472949624063,Medium
381,Abu Dhabi,11529.307542753222,Medium
1308,Abu Dhabi,11528.487443065645,Medium
4341,Dubai,11527.272968912124,Medium
4483,Sharjah,11526.33208309412,Medium
4895,Dubai,11524.063974785804,Medium
2903,Sharjah,11523.882954549788,Medium
2407,Dubai,11522.760985302924,Medium
4412,Dubai,11521.816443634032,Medium
4247,Dubai,11520.176972532272,Medium
2592,Dubai,11519.880533671378,Medium
2043,Abu Dhabi,11517.472522640226,Medium
1131,Dubai,11516.297466707229,Medium
284,Abu Dhabi,11514.206544446946,Medium
618,Sharjah,11513.67700688839,Medium
2868,Sharjah,11512.802006244661,Medium
3445,Dubai,11512.708438706397,Medium
624,Dubai,11512.470498526096,Medium
1687,Dubai,11512.076449334623,Medium
820,Abu Dhabi,11511.767489433287,Medium
231,Abu Dhabi,11511.415426540374,Medium
201,Sharjah,11505.485037899018,Medium
2989,Sharjah,11504.882045602799,Medium
650,Dubai,11502.713393163678,Medium
4816,Dubai,11502.646006631849,Medium
3959,Abu Dhabi,11502.574488234519,Medium
2039,Dubai,11502.25890455246,Medium
1475,Abu Dhabi,11501.22891585826,Medium
1522,Sharjah,11498.97849063873,Medium
3617,Abu Dhabi,11498.915475678441,Medium
2194,Sharjah,11498.838007164004,Medium
3774,Dubai,11498.324427080155,Medium
2755,Dubai,11496.296505451206,Medium
2614,Dubai,11494.798568844797,Medium
949,Sharjah,11493.72349296808,Medium
3028,Dubai,11490.53489871025,Medium
1664,Abu Dhabi,11489.290520453456,Medium
1690,Sharjah,11488.910998249054,Medium
2797,Abu Dhabi,11488.82202217579,Medium
2266,Dubai,11487.715515220161,Medium
3662,Abu Dhabi,11487.188904237748,Medium
4375,Dubai,11486.97597384453,Medium
3390,Sharjah,11485.555561208723,Medium
2054,Abu Dhabi,11482.818539071084,Medium
2122,Abu Dhabi,11482.667484498024,Medium
3772,Sharjah,11482.335548210143,Medium
3346,Dubai,11480.218572473525,Medium
1921,Dubai,11478.989469218255,Medium
968,Dubai,11478.987998366356,Medium
2182,Dubai,11478.841018962861,Medium
1329,Dubai,11478.329528212547,Medium
4553,Dubai,11477.874036026004,Medium
4858,Sharjah,11475.502029848096,Medium
223,Dubai,11475.346997642517,Medium
436,Abu Dhabi,11474.285540127752,Medium
1985,Dubai,11472.920533084873,Medium
1639,Abu Dhabi,11471.93653731346,Medium
1594,Abu Dhabi,11469.991575694085,Medium
3353,Dubai,11469.84449906349,Medium
1027,Sharjah,11469.646415376665,Medium
1459,Dubai,11469.496489143368,Medium
2361,Dubai,11469.403055000306,Medium
2575,Dubai,11468.781097674373,Medium
3593,Abu Dhabi,11467.414433789254,Medium
200,Dubai,11467.34350912571,Medium
1986,Abu Dhabi,11466.570456647873,Medium
1829,Sharjah,11465.91902170181,Medium
4518,Abu Dhabi,11463.956944108008,Medium
352,Dubai,11463.295538949968,Medium
401,Abu Dhabi,11461.309980130196,Medium
3340,Sharjah,11460.475046157842,Medium
370,Abu Dhabi,11460.347530913352,Medium
2086,Dubai,11459.4615557909,Medium
3081,Abu Dhabi,11459.40643609762,Medium
92,Abu Dhabi,11455.504479551317,Medium
3110,Dubai,11454.89845161438,Medium
684,Dubai,11453.266460561752,Medium
3514,Abu Dhabi,11453.127455353739,Medium
1848,Dubai,11452.577958393096,Medium
4148,Dubai,11451.613519382476,Medium
2487,Abu Dhabi,11449.925456857678,Medium
2691,Abu Dhabi,11447.503526616096,Medium
4740,Dubai,11447.256480550768,Medium
241,Abu Dhabi,11445.520518434048,Medium
2621,Dubai,11442.317057442666,Medium
4410,Dubai,11442.085437345504,Medium
2902,Dubai,11440.947009444237,Medium
2240,Sharjah,11440.495945668219,Medium
3303,Abu Dhabi,11438.583534431458,Medium
1031,Abu Dhabi,11437.84949541092,Medium
362,Sharjah,11436.608501386641,Medium
1694,Dubai,11432.3155074358,Medium
236,Abu Dhabi,11431.186956214904,Medium
4043,Sharjah,11430.995987176897,Medium
4946,Dubai,11430.149976491926,Medium
3114,Dubai,11429.375565862656,Medium
811,Abu Dhabi,11427.753375768661,Medium
3999,Abu Dhabi,11427.19253041744,Medium
3107,Dubai,11426.908983612066,Medium
239,Dubai,11420.450563788414,Medium
872,Dubai,11419.668985569477,Medium
2520,Abu Dhabi,11418.729469370843,Medium
3512,Dubai,11416.080014300349,Medium
802,Dubai,11415.706077528,Medium
2824,Dubai,11414.169508147237,Medium
3840,Dubai,11413.642478871347,Medium
799,Dubai,11413.503563690181,Medium
4177,Abu Dhabi,11412.321981716155,Medium
769,Dubai,11411.112433862687,Medium
2469,Abu Dhabi,11410.788965940477,Medium
2348,Abu Dhabi,11410.106004333498,Medium
1536,Abu Dhabi,11407.063406419755,Medium
4647,Sharjah,11406.097019076346,Medium
4352,Abu Dhabi,11405.987540912629,Medium
4282,Abu Dhabi,11404.82699816227,Medium
3704,Abu Dhabi,11404.335528135302,Medium
2173,Abu Dhabi,11403.980503225328,Medium
152,Dubai,11403.213584923738,Medium
2973,Abu Dhabi,11401.584562849997,Medium
4703,Abu Dhabi,11398.501020383836,Medium
4492,Dubai,11397.730053949355,Medium
1214,Dubai,11394.198920440673,Medium
2000,Sharjah,11392.448484897612,Medium
4110,Sharjah,11392.045036458969,Medium
4576,Abu Dhabi,11391.974636483194,Medium
984,Dubai,11390.041467952728,Medium
268,Dubai,11389.962491345406,Medium
2552,Abu Dhabi,11389.057426118847,Medium
2808,Dubai,11388.286446332932,Medium
1341,Dubai,11387.55849881172,Medium
3371,Sharjah,11387.407453751566,Medium
4187,Abu Dhabi,11387.26254973412,Medium
3623,Abu Dhabi,11387.177445578574,Medium
83,Dubai,11386.852024829388,Medium
3066,Sharjah,11385.731990408898,Medium
4213,Dubai,11385.42850574255,Medium
4637,Sharjah,11385.42349052429,Medium
74,Abu Dhabi,11385.327941477299,Medium
4168,Dubai,11385.116529464722,Medium
1531,Dubai,11384.662492132185,Medium
4960,Sharjah,11384.504919433593,Medium
3155,Abu Dhabi,11383.898008823393,Medium
1000,Dubai,11382.265557312965,Medium
679,Dubai,11381.875590038297,Medium
859,Abu Dhabi,11381.096971940997,Medium
3118,Abu Dhabi,11380.943454277518,Medium
3002,Dubai,11380.231949329376,Medium
731,Dubai,11378.429511737824,Medium
4167,Dubai,11377.444959998129,Medium
4757,Dubai,11376.954019355771,Medium
4508,Sharjah,11376.508036518097,Medium
3920,Dubai,11375.42797996998,Medium
2470,Abu Dhabi,11374.619946050645,Medium
4431,Abu Dhabi,11374.09848232269,Medium
1002,Dubai,11371.232538866994,Medium
2007,Sharjah,11369.518591761587,Medium
3421,Abu Dhabi,11367.93302570582,Medium
3283,Abu Dhabi,11367.902629041671,Medium
342,Dubai,11367.6340760231,Medium
4065,Dubai,11366.890061712265,Medium
4876,Dubai,11365.355499410629,Medium
1453,Abu Dhabi,11364.809475994112,Medium
3735,Sharjah,11363.109995055196,Medium
4854,Dubai,11361.910919153688,Medium
127,Dubai,11361.858452391625,Medium
2664,Dubai,11359.585983908179,Medium
955,Sharjah,11356.15152873993,Medium
2018,Dubai,11356.139471435548,Medium
969,Abu Dhabi,11355.319526696207,Medium
3480,Abu Dhabi,11353.747009706494,Medium
2208,Sharjah,11352.365521156788,Medium
3324,Dubai,11351.70751881599,Medium
2825,Dubai,11350.624950981139,Medium
1282,Abu Dhabi,11348.986993527413,Medium
758,Dubai,11348.71597046852,Medium
4244,Dubai,11347.645519542693,Medium
4030,Sharjah,11347.45153950453,Medium
1975,Abu Dhabi,11344.668007254602,Medium
661,Sharjah,11344.243920230865,Medium
3778,Abu Dhabi,11344.114976978299,Medium
3134,Dubai,11343.465489006041,Medium
1369,Abu Dhabi,11342.680995750425,Medium
2579,Abu Dhabi,11340.97755455971,Medium
4736,Abu Dhabi,11340.11605552435,Medium
3056,Dubai,11339.198017358776,Medium
2708,Dubai,11338.287493848798,Medium
4373,Dubai,11332.40749349594,Medium
3292,Sharjah,11330.502932667732,Medium
2462,Dubai,11329.357491636278,Medium
4462,Dubai,11328.517483282089,Medium
3202,Abu Dhabi,11327.690034866333,Medium
2081,Sharjah,11326.955507230758,Medium
3321,Dubai,11326.21791226864,Medium
4122,Sharjah,11325.021992206572,Medium
1960,Abu Dhabi,11323.850948190686,Medium
279,Dubai,11322.665084147453,Medium
2409,Dubai,11321.501549696923,Medium
2762,Sharjah,11321.191025662425,Medium
1363,Dubai,11320.155427074433,Medium
4977,Sharjah,11320.026449918747,Medium
2918,Sharjah,11318.660494065283,Medium
1287,Dubai,11317.68352034092,Medium
4188,Abu Dhabi,11316.746997785569,Medium
169,Dubai,11316.61000814438,Medium
2283,Dubai,11315.110874009133,Medium
3711,Abu Dhabi,11314.436527633667,Medium
880,Sharjah,11314.12948462963,Medium
854,Sharjah,11313.483503985406,Medium
4009,Dubai,11313.00395140648,Medium
1357,Dubai,11312.93195800781,Medium
60,Dubai,11312.713977169993,Medium
3420,Abu Dhabi,11311.46996935606,Medium
4924,Abu Dhabi,11311.163980817793,Medium
1421,Dubai,11308.197939634323,Medium
1830,Dubai,11307.634421443938,Medium
1602,Dubai,11307.188472771646,Medium
3181,Dubai,11305.528073716163,Medium
2570,Dubai,11304.981065511707,Medium
4944,Sharjah,11304.104038071631,Medium
4277,Dubai,11302.580011463166,Medium
1198,Abu Dhabi,11302.064044713976,Medium
2479,Dubai,11301.142564821243,Medium
599,Sharjah,11300.049504172805,Medium
1353,Dubai,11294.793907594682,Medium
2610,Dubai,11294.639521384239,Medium
2874,Dubai,11294.212036287785,Medium
463,Sharjah,11293.562499547006,Medium
4916,Abu Dhabi,11291.92053642273,Medium
1534,Dubai,11290.850993180275,Medium
2793,Abu Dhabi,11290.053984212875,Medium
1716,Dubai,11289.05699760914,Medium
649,Dubai,11288.660468482973,Medium
2424,Abu Dhabi,11288.005448627473,Medium
51,Dubai,11287.956466794012,Medium
644,Dubai,11284.37403383255,Medium
4778,Sharjah,11283.451545274258,Medium
47,Sharjah,11282.560486412047,Medium
1850,Dubai,11282.347123503685,Medium
4283,Dubai,11280.82795767784,Medium
1062,Dubai,11279.098423528672,Medium
3816,Dubai,11278.868498659134,Medium
1628,Dubai,11278.040495848654,Medium
2840,Abu Dhabi,11276.573506355284,Medium
1301,Dubai,11276.417033791544,Medium
2397,Dubai,11276.000995099543,Medium
2846,Abu Dhabi,11274.681962585448,Medium
4038,Sharjah,11274.639042139052,Medium
1213,Dubai,11274.213517189026,Medium
1077,Dubai,11271.389951133731,Medium
994,Sharjah,11270.179532814027,Medium
2061,Dubai,11269.753449869155,Medium
4392,Dubai,11267.56049396992,Medium
1553,Abu Dhabi,11267.270418453216,Medium
835,Dubai,11266.279964423182,Medium
3026,Dubai,11264.32345534563,Medium
354,Sharjah,11262.118541860582,Medium
535,Sharjah,11261.18299744129,Medium
3598,Abu Dhabi,11258.607896804808,Medium
1474,Abu Dhabi,11257.64598507881,Medium
3247,Sharjah,11253.920890951158,Medium
1368,Dubai,11253.877469658852,Medium
3327,Abu Dhabi,11252.234960889817,Medium
3788,Abu Dhabi,11251.409544205666,Medium
1729,Abu Dhabi,11250.615975427627,Medium
3642,Dubai,11249.956465673447,Medium
507,Abu Dhabi,11249.158028113841,Medium
3343,Dubai,11248.622983264922,Medium
3712,Dubai,11247.345389556885,Medium
3645,Abu Dhabi,11246.125942492485,Medium
1197,Sharjah,11244.84703774452,Medium
4329,Dubai,11242.620066070553,Medium
271,Abu Dhabi,11241.858482527732,Medium
2176,Dubai,11241.245971536637,Medium
3968,Dubai,11240.136516928675,Medium
1560,Abu Dhabi,11237.653051507474,Medium
3699,Dubai,11232.417513370512,Medium
2551,Abu Dhabi,11232.256435799598,Medium
3215,Dubai,11232.070490765569,Medium
4791,Dubai,11231.572492694855,Medium
4887,Dubai,11230.815978121756,Medium
306,Dubai,11228.847047472002,Medium
481,Abu Dhabi,11226.232994270325,Medium
4304,Dubai,11225.735477256774,Medium
4415,Abu Dhabi,11225.578525900843,Medium
4448,Abu Dhabi,11224.949543499946,Medium
2573,Sharjah,11224.08148505688,Medium
911,Abu Dhabi,11221.933993017676,Medium
1452,Sharjah,11217.379056644437,Medium
666,Sharjah,11214.921453523635,Medium
1230,Dubai,11212.482964706422,Medium
40,Sharjah,11212.451519203185,Medium
2595,Dubai,11212.284988045692,Medium
4913,Dubai,11211.66799201965,Medium
2212,Sharjah,11211.248446321488,Medium
1660,Dubai,11210.771468281744,Medium
4100,Dubai,11209.33598432541,Medium
1095,Dubai,11207.461472296716,Medium
276,Dubai,11207.289970493315,Medium
4827,Abu Dhabi,11204.144410920144,Medium
4146,Sharjah,11203.77045741081,Medium
3462,Dubai,11203.25898449421,Medium
468,Dubai,11202.696972846981,Medium
1703,Sharjah,11202.59909515381,Medium
2838,Sharjah,11202.278499913218,Medium
1984,Abu Dhabi,11201.114983558655,Medium
4446,Dubai,11200.350963401796,Medium
4411,Abu Dhabi,11199.715042984486,Medium
4320,Sharjah,11199.617466378211,Medium
1711,Dubai,11199.32741971016,Medium
3767,Dubai,11199.154010438919,Medium
4461,Sharjah,11198.291559267042,Medium
1894,Abu Dhabi,11197.947008037567,Medium
4648,Dubai,11197.743547248841,Medium
3365,Sharjah,11197.46093864441,Medium
567,Sharjah,11197.287436318396,Medium
1405,Abu Dhabi,11197.144020843505,Medium
350,Sharjah,11196.988936579228,Medium
17,Sharjah,11196.937537503243,Medium
1285,Dubai,11196.577434563638,Medium
3965,Abu Dhabi,11195.66041092873,Medium
2079,Sharjah,11194.902511715887,Medium
2830,Dubai,11194.56156449318,Medium
508,Dubai,11189.987992739674,Medium
295,Abu Dhabi,11189.952027225496,Medium
3918,Abu Dhabi,11188.701960158347,Medium
1078,Sharjah,11188.079528999326,Medium
4111,Dubai,11187.970589637756,Medium
2483,Dubai,11186.32001143694,Medium
3266,Sharjah,11185.316475749014,Medium
2603,Dubai,11184.492015123365,Medium
3044,Dubai,11183.182536697388,Medium
4305,Sharjah,11179.856396722793,Medium
4983,Dubai,11179.077008008955,Medium
1066,Abu Dhabi,11177.782996749876,Medium
1518,Abu Dhabi,11177.149040341377,Medium
1478,Dubai,11176.269475889205,Medium
1148,Dubai,11176.099953746798,Medium
2622,Dubai,11175.667966604231,Medium
4454,Dubai,11171.872025966644,Medium
2839,Dubai,11169.126427030566,Medium
4240,Dubai,11169.118967962266,Medium
3723,Dubai,11168.319494247437,Medium
3583,Dubai,11166.600988221166,Medium
1542,Abu Dhabi,11165.601947808267,Medium
812,Dubai,11164.473554420472,Medium
5000,Dubai,11160.670947742463,Medium
542,Abu Dhabi,11159.7245313406,Medium
504,Sharjah,11159.61946541071,Medium
3572,Sharjah,11159.447978329657,Medium
3527,Sharjah,11159.289887619017,Medium
2177,Dubai,11157.501927137375,Medium
3003,Dubai,11157.140992307663,Medium
1298,Dubai,11156.063549399374,Medium
377,Abu Dhabi,11155.603999400138,Medium
230,Dubai,11155.388942909241,Medium
3119,Dubai,11154.920404195787,Medium
4868,Dubai,11154.606980490684,Medium
2630,Dubai,11154.01598958969,Medium
2143,Sharjah,11153.86044421196,Medium
1599,Dubai,11152.96049568653,Medium
1718,Abu Dhabi,11152.438522577286,Medium
639,Dubai,11151.578499114514,Medium
4782,Abu Dhabi,11149.438560581208,Medium
1245,Dubai,11146.792932367325,Medium
2314,Abu Dhabi,11146.277088177205,Medium
3330,Sharjah,11146.230412673951,Medium
3089,Dubai,11145.766433930401,Medium
2180,Abu Dhabi,11145.454975795743,Medium
147,Dubai,11144.300964617732,Medium
3725,Abu Dhabi,11142.769596576692,Medium
1938,Dubai,11138.412447404862,Medium
3383,Dubai,11137.82848010063,Medium
2465,Sharjah,11135.566446805,Medium
70,Dubai,11134.794507610797,Medium
972,Dubai,11133.376461148262,Medium
4395,Dubai,11132.992512869834,Medium
611,Dubai,11130.015039563179,Medium
4294,Sharjah,11129.575973391531,Medium
2798,Abu Dhabi,11127.837969255448,Medium
4655,Dubai,11127.338550126553,Medium
1750,Dubai,11126.728032636645,Medium
858,Abu Dhabi,11125.15250108242,Medium
4456,Dubai,11124.435978794096,Medium
214,Dubai,11124.289059829713,Medium
3988,Dubai,11123.812012863158,Medium
1468,Abu Dhabi,11123.57550010681,Medium
3295,Abu Dhabi,11122.191982913018,Medium
2624,Dubai,11121.914525103568,Medium
2791,Abu Dhabi,11121.886997342111,Medium
2598,Sharjah,11120.914998435974,Medium
827,Dubai,11119.596047067642,Medium
2980,Dubai,11119.200506544115,Medium
75,Dubai,11119.166028690337,Medium
409,Sharjah,11117.768967199323,Medium
549,Dubai,11116.612494230272,Medium
2856,Abu Dhabi,11115.649968981741,Medium
3839,Abu Dhabi,11114.541951417923,Medium
3289,Dubai,11114.480540299417,Medium
4273,Dubai,11113.435540246961,Medium
1853,Dubai,11112.724944376945,Medium
3664,Sharjah,11111.925920963286,Medium
2877,Abu Dhabi,11111.604974508286,Medium
3911,Dubai,11111.409982371331,Medium
3478,Sharjah,11111.28850529194,Medium
3696,Dubai,11109.964078998568,Medium
2823,Abu Dhabi,11109.86940431595,Medium
4016,Dubai,11108.476519536973,Medium
3456,Dubai,11107.433454418182,Medium
4651,Sharjah,11107.05442671776,Medium
4692,Dubai,11106.181436419492,Medium
4480,Dubai,11105.309925079346,Medium
2684,Dubai,11104.482501673692,Medium
4193,Dubai,11103.598453593253,Medium
3400,Abu Dhabi,11102.595521211626,Medium
734,Dubai,11101.282029175756,Medium
4229,Dubai,11100.662928676606,Medium
4302,Dubai,11099.590454936028,Medium
3183,Dubai,11099.272504711153,Medium
941,Abu Dhabi,11098.282493591309,Medium
1380,Abu Dhabi,11096.011883449555,Medium
4318,Dubai,11095.74097521305,Medium
1813,Dubai,11095.72699661255,Medium
1677,Abu Dhabi,11094.95097897053,Medium
4197,Dubai,11093.772954535485,Medium
2516,Sharjah,11093.761544561388,Medium
4124,Abu Dhabi,11093.088013076784,Medium
136,Dubai,11091.795509433747,Medium
257,Sharjah,11091.79351758957,Medium
108,Dubai,11090.671028256416,Medium
351,Sharjah,11086.3974973917,Medium
3052,Dubai,11086.093415629863,Medium
634,Dubai,11085.92194237709,Medium
3885,Sharjah,11085.257981896402,Medium
944,Dubai,11085.051888632774,Medium
3578,Sharjah,11081.43752245903,Medium
4050,Abu Dhabi,11078.678893661498,Medium
1239,Dubai,11078.385938119887,Medium
1494,Abu Dhabi,11078.252473688126,Medium
669,Abu Dhabi,11077.513460850718,Medium
4333,Sharjah,11076.030545461177,Medium
1208,Abu Dhabi,11074.89746184349,Medium
3102,Sharjah,11073.178513479232,Medium
892,Dubai,11072.778489589691,Medium
1926,Dubai,11071.149495840073,Medium
2221,Dubai,11069.322903132437,Medium
238,Abu Dhabi,11069.030508112906,Medium
2731,Sharjah,11069.024508905411,Medium
2306,Dubai,11068.003061389923,Medium
1498,Dubai,11067.729513382914,Medium
4102,Abu Dhabi,11067.29937303066,Medium
1757,Dubai,11064.382490348818,Medium
2141,Sharjah,11064.37594499588,Medium
496,Dubai,11064.145915746689,Medium
300,Dubai,11063.60596575737,Medium
3616,Sharjah,11063.156918120383,Medium
3921,Abu Dhabi,11061.984461879729,Medium
712,Sharjah,11060.856999778745,Medium
1100,Dubai,11059.181931400299,Medium
4698,Dubai,11057.300015711784,Medium
4438,Abu Dhabi,11056.148525691035,Medium
4174,Abu Dhabi,11054.993943214418,Medium
2906,Sharjah,11054.569419240952,Medium
1012,Sharjah,11054.26551911831,Medium
4416,Abu Dhabi,11054.194529151917,Medium
1398,Sharjah,11052.005941307545,Medium
503,Dubai,11051.605485010146,Medium
3140,Dubai,11050.78948612213,Medium
2910,Dubai,11050.581503438949,Medium
2345,Sharjah,11050.520428574087,Medium
2576,Dubai,11049.754970645905,Medium
1551,Abu Dhabi,11048.741071748733,Medium
105,Dubai,11048.134433126452,Medium
4085,Abu Dhabi,11046.734014701844,Medium
3666,Abu Dhabi,11046.056020259852,Medium
1265,Sharjah,11045.954492926598,Medium
3943,Dubai,11045.504432344436,Medium
1912,Sharjah,11044.274908447269,Medium
3553,Abu Dhabi,11044.104575181007,Medium
2120,Abu Dhabi,11037.751961874961,Medium
1154,Dubai,11036.312483739854,Medium
3716,Dubai,11036.131516146663,Medium
2819,Abu Dhabi,11035.67398798466,Medium
728,Abu Dhabi,11034.739983558653,Medium
4786,Abu Dhabi,11032.46400709152,Medium
3936,Abu Dhabi,11032.450047159195,Medium
1394,Dubai,11032.357969474791,Medium
1900,Dubai,11022.64740962982,Medium
4490,Sharjah,11021.83251116276,Medium
4180,Abu Dhabi,11021.116011857985,Medium
1003,Sharjah,11020.731056118011,Medium
4235,Dubai,11020.099432611465,Medium
1057,Abu Dhabi,11019.607538032531,Medium
3452,Dubai,11019.139460945127,Medium
195,Abu Dhabi,11018.174987173083,Medium
2914,Dubai,11017.851471710204,Medium
2309,Abu Dhabi,11017.619467782975,Medium
612,Dubai,11017.337476158145,Medium
1142,Abu Dhabi,11016.960448670387,Medium
1358,Dubai,11015.300965738297,Medium
462,Dubai,11015.196448922161,Medium
1319,Abu Dhabi,11014.250010609625,Medium
1437,Sharjah,11014.031949496271,Medium
2880,Dubai,11010.167016601561,Medium
3823,Dubai,11009.711974692342,Medium
104,Sharjah,11008.826046800612,Medium
2239,Abu Dhabi,11008.661484336852,Medium
4075,Sharjah,11008.340060138704,Medium
3318,Dubai,11006.024969697,Medium
3565,Abu Dhabi,11005.976540708543,Medium
4638,Abu Dhabi,11005.845493435856,Medium
98,Dubai,11005.684473526482,Medium
123,Abu Dhabi,11005.479529714583,Medium
191,Dubai,11004.439567422867,Medium
235,Abu Dhabi,11003.73607032299,Medium
2729,Sharjah,11003.148518276214,Medium
4046,Dubai,11002.325476980208,Medium
63,Dubai,11000.667549228667,Medium
2265,Abu Dhabi,10998.292487549787,Medium
3633,Abu Dhabi,10995.586944591998,Medium
990,Abu Dhabi,10995.562491559982,Medium
2089,Dubai,10995.180059623717,Medium
4612,Abu Dhabi,10994.609441685678,Medium
2186,Dubai,10993.70846602917,Medium
3376,Abu Dhabi,10993.596991539001,Medium
2921,Sharjah,10990.362523674965,Medium
1877,Dubai,10989.833938550953,Medium
2413,Dubai,10989.027033019065,Medium
213,Dubai,10988.98206849098,Medium
4981,Dubai,10988.836000585554,Medium
617,Dubai,10986.940501308442,Medium
2319,Abu Dhabi,10985.15051789284,Medium
991,Dubai,10983.38953642845,Medium
1192,Abu Dhabi,10982.666464543341,Medium
3874,Dubai,10982.597438764573,Medium
1033,Dubai,10982.424519205095,Medium
3758,Abu Dhabi,10980.826498079297,Medium
3244,Dubai,10978.741040802,Medium
3588,Dubai,10977.446995043754,Medium
1539,Dubai,10975.975971651076,Medium
1112,Dubai,10973.642997241019,Medium
4597,Abu Dhabi,10972.632070565223,Medium
961,Abu Dhabi,10972.343950843811,Medium
363,Abu Dhabi,10969.726032066344,Medium
402,Abu Dhabi,10969.156995463372,Medium
3273,Sharjah,10967.012976884844,Medium
4828,Abu Dhabi,10966.923031592369,Medium
3900,Dubai,10966.080939817428,Medium
3179,Sharjah,10965.00600619316,Medium
2538,Dubai,10964.621980762482,Medium
1954,Dubai,10963.024442601201,Medium
4973,Dubai,10962.840013217925,Medium
2416,Dubai,10962.021455144884,Medium
4243,Dubai,10961.782909059524,Medium
4509,Abu Dhabi,10961.514472794534,Medium
4236,Abu Dhabi,10961.328887104988,Medium
2999,Sharjah,10961.184452295307,Medium
533,Abu Dhabi,10961.012494325636,Medium
2200,Sharjah,10960.814562225341,Medium
1086,Abu Dhabi,10959.576950085164,Medium
447,Dubai,10959.168011188507,Medium
27,Sharjah,10957.027392530443,Medium
1263,Abu Dhabi,10956.755991888049,Medium
1253,Dubai,10956.723504424095,Medium
4310,Dubai,10955.289944863316,Medium
1194,Dubai,10952.266518878938,Medium
589,Abu Dhabi,10951.751524090765,Medium
4938,Dubai,10949.106437027454,Medium
3080,Abu Dhabi,10948.063473463058,Medium
4818,Abu Dhabi,10947.737950730327,Medium
2852,Dubai,10947.08851739168,Medium
4269,Abu Dhabi,10946.15961277485,Medium
3726,Dubai,10945.592033147812,Medium
4217,Sharjah,10944.197450554371,Medium
2615,Abu Dhabi,10943.26548155546,Medium
3796,Dubai,10942.319454693798,Medium
3377,Abu Dhabi,10939.777957367898,Medium
1409,Sharjah,10939.189969694615,Medium
3508,Abu Dhabi,10938.376011943816,Medium
480,Dubai,10935.019461512562,Medium
4974,Abu Dhabi,10934.945474624634,Medium
3287,Abu Dhabi,10934.933483791352,Medium
2515,Dubai,10933.195977687836,Medium
11,Abu Dhabi,10929.952474474907,Medium
3124,Dubai,10928.480913138392,Medium
4717,Dubai,10927.393936491011,Medium
2336,Dubai,10925.925502705573,Medium
4149,Abu Dhabi,10925.541007804872,Medium
531,Dubai,10923.7459962368,Medium
4683,Sharjah,10923.29746804237,Medium
3720,Dubai,10922.439503335952,Medium
2499,Abu Dhabi,10921.390082669259,Medium
3724,Dubai,10919.696937704082,Medium
3848,Abu Dhabi,10919.353545713426,Medium
4139,Abu Dhabi,10919.201133751872,Medium
3195,Dubai,10917.756431412698,Medium
4834,Dubai,10913.759496068953,Medium
4105,Dubai,10913.692935371399,Medium
3361,Sharjah,10913.533967614174,Medium
723,Dubai,10910.467083883286,Medium
963,Abu Dhabi,10910.22752251625,Medium
1810,Sharjah,10909.15896792412,Medium
3675,Dubai,10908.572977209093,Medium
4806,Dubai,10908.43455939293,Medium
4173,Abu Dhabi,10907.461035966875,Medium
1041,Dubai,10907.05851650238,Medium
9,Dubai,10906.522481703758,Medium
2366,Dubai,10904.407006859781,Medium
4003,Abu Dhabi,10903.641965806484,Medium
1480,Dubai,10903.39946510792,Medium
3880,Abu Dhabi,10903.266514801982,Medium
338,Abu Dhabi,10902.715466451644,Medium
3049,Dubai,10900.003416132928,Medium
4605,Dubai,10899.972486305236,Medium
1310,Dubai,10899.645529031754,Medium
4751,Abu Dhabi,10899.339949655532,Medium
2475,Dubai,10898.323012161256,Medium
767,Abu Dhabi,10897.110481667518,Medium
2639,Abu Dhabi,10894.85046854019,Medium
3550,Dubai,10892.727882146834,Medium
580,Dubai,10891.92894062996,Medium
2581,Dubai,10890.285022783279,Medium
1401,Abu Dhabi,10890.188499259946,Medium
4023,Dubai,10890.143544101713,Medium
4618,Dubai,10889.595550107955,Medium
510,Sharjah,10889.556930804254,Medium
3973,Dubai,10887.155044710638,Medium
3992,Abu Dhabi,10887.076024675374,Medium
2841,Sharjah,10886.383949136736,Medium
4937,Sharjah,10885.493977320195,Medium
4317,Dubai,10885.474088549612,Medium
3471,Dubai,10885.396934509277,Medium
1751,Dubai,10882.707021784785,Medium
4805,Dubai,10880.645994448661,Medium
541,Sharjah,10880.314574933054,Medium
1621,Dubai,10878.286407947538,Medium
3099,Abu Dhabi,10877.256066083908,Medium
4863,Dubai,10874.043526983263,Medium
4427,Dubai,10873.895986676216,Medium
4037,Dubai,10870.384987330437,Medium
2003,Dubai,10869.38897585869,Medium
3624,Dubai,10867.799954748154,Medium
2517,Abu Dhabi,10864.878565692903,Medium
2426,Dubai,10864.457024240492,Medium
1400,Dubai,10862.467012023924,Medium
3551,Abu Dhabi,10861.679979372024,Medium
144,Sharjah,10858.422985982897,Medium
3319,Abu Dhabi,10858.2949798584,Medium
3810,Abu Dhabi,10858.05002799034,Medium
3441,Abu Dhabi,10857.954941499233,Medium
3261,Dubai,10857.009910297395,Medium
1756,Dubai,10856.152472901345,Medium
749,Sharjah,10853.191507005693,Medium
596,Sharjah,10853.162452149389,Medium
836,Sharjah,10852.74102358818,Medium
4413,Dubai,10851.579957818985,Medium
2526,Dubai,10849.420958900453,Medium
3348,Sharjah,10848.119531631472,Medium
1570,Abu Dhabi,10847.549492788316,Medium
493,Abu Dhabi,10847.388013732434,Medium
4861,Sharjah,10844.838501882554,Medium
2675,Dubai,10844.372051048278,Medium
2831,Dubai,10844.228475594522,Medium
4872,Sharjah,10839.56097228527,Medium
3171,Dubai,10837.850978875162,Medium
3238,Sharjah,10837.527903246879,Medium
3595,Abu Dhabi,10836.824976396563,Medium
170,Abu Dhabi,10835.993477141854,Medium
938,Dubai,10834.257985281945,Medium
2159,Dubai,10833.91856637001,Medium
2985,Dubai,10833.089014220237,Medium
2669,Dubai,10832.72300107479,Medium
4849,Dubai,10830.580475378036,Medium
1558,Abu Dhabi,10829.780545914176,Medium
2510,Sharjah,10829.566416072847,Medium
561,Sharjah,10829.482477831842,Medium
4976,Dubai,10828.481508159635,Medium
1106,Dubai,10828.141512930395,Medium
323,Dubai,10828.05701870918,Medium
1981,Dubai,10827.632473754884,Medium
908,Dubai,10827.27487359047,Medium
174,Dubai,10824.875008654595,Medium
2472,Sharjah,10823.943502664564,Medium
986,Dubai,10823.818497180939,Medium
1609,Sharjah,10823.208482503891,Medium
719,Dubai,10822.08910331726,Medium
1574,Dubai,10822.051500749587,Medium
4879,Dubai,10821.757995200158,Medium
2106,Dubai,10821.588443565368,Medium
1402,Dubai,10821.164031791688,Medium
4358,Sharjah,10821.049001026153,Medium
4930,Sharjah,10820.571950483321,Medium
1020,Abu Dhabi,10820.17046661377,Medium
1808,Dubai,10820.164075505732,Medium
521,Dubai,10819.507537651063,Medium
3895,Abu Dhabi,10819.448890662197,Medium
4601,Dubai,10818.944481110573,Medium
4331,Abu Dhabi,10817.951969122885,Medium
4526,Sharjah,10816.977556824684,Medium
2956,Abu Dhabi,10816.72199306488,Medium
3977,Dubai,10816.626913952827,Medium
1423,Abu Dhabi,10816.425995349886,Medium
1045,Abu Dhabi,10816.042003846167,Medium
2280,Dubai,10814.772428464888,Medium
3226,Sharjah,10813.743513429165,Medium
4831,Dubai,10812.844558572771,Medium
2458,Dubai,10812.472494173051,Medium
1035,Abu Dhabi,10812.044470810888,Medium
1504,Sharjah,10811.21454410553,Medium
1593,Sharjah,10809.56902139187,Medium
182,Sharjah,10809.070513916016,Medium
329,Sharjah,10807.564914989474,Medium
1252,Dubai,10807.48852806091,Medium
2189,Abu Dhabi,10806.866026949883,Medium
4633,Sharjah,10806.740969228744,Medium
837,Abu Dhabi,10805.322029972078,Medium
4390,Abu Dhabi,10805.06204273701,Medium
411,Dubai,10804.905046367645,Medium
4210,Dubai,10802.866462039949,Medium
397,Abu Dhabi,10802.765434575082,Medium
3245,Sharjah,10801.6114985466,Medium
1749,Sharjah,10801.144506120681,Medium
1702,Sharjah,10800.329044651984,Medium
3135,Dubai,10800.26498041153,Medium
1064,Abu Dhabi,10797.875446987153,Medium
253,Dubai,10796.901039099695,Medium
2585,Dubai,10796.603024697306,Medium
2715,Dubai,10795.997937345506,Medium
4962,Dubai,10795.41052892208,Medium
4297,Abu Dhabi,10795.004976177215,Medium
1612,Sharjah,10793.393461561203,Medium
116,Dubai,10793.009503626825,Medium
1524,Abu Dhabi,10792.922492527961,Medium
4372,Dubai,10792.555473935603,Medium
3697,Sharjah,10791.30109477043,Medium
2284,Sharjah,10789.710994052884,Medium
4600,Dubai,10789.015461170678,Medium
3305,Dubai,10788.337461972238,Medium
937,Dubai,10788.169955325126,Medium
2355,Sharjah,10785.828062677385,Medium
107,Abu Dhabi,10780.581520986556,Medium
298,Abu Dhabi,10779.038980865476,Medium
4204,Abu Dhabi,10777.897007918355,Medium
4399,Sharjah,10777.70400464535,Medium
1342,Abu Dhabi,10777.454402828216,Medium
579,Abu Dhabi,10776.792084360124,Medium
13,Abu Dhabi,10776.526933526991,Medium
3963,Abu Dhabi,10775.064986133575,Medium
2073,Sharjah,10774.191938400267,Medium
3569,Dubai,10773.566536736489,Medium
3277,Dubai,10772.83896331787,Medium
2440,Sharjah,10771.00641750097,Medium
2158,Dubai,10770.130982136723,Medium
4118,Dubai,10769.431480240823,Medium
2643,Abu Dhabi,10769.219004797938,Medium
2291,Sharjah,10768.006982016563,Medium
4540,Sharjah,10767.732997763156,Medium
551,Abu Dhabi,10767.483974194523,Medium
2640,Sharjah,10766.48700079918,Medium
2616,Sharjah,10765.412511730197,Medium
4726,Dubai,10764.955460357665,Medium
2211,Abu Dhabi,10764.04349746704,Medium
2608,Dubai,10763.919028329849,Medium
1328,Abu Dhabi,10763.912904143335,Medium
1373,Dubai,10763.294533896446,Medium
1121,Dubai,10762.664500308036,Medium
151,Dubai,10762.32348461151,Medium
3631,Dubai,10761.85398981571,Medium
4144,Sharjah,10761.780472564698,Medium
4789,Abu Dhabi,10760.736509597302,Medium
1410,Dubai,10760.733979916571,Medium
2428,Abu Dhabi,10759.925483798983,Medium
4493,Dubai,10759.059501242635,Medium
2513,Dubai,10758.631976270675,Medium
46,Abu Dhabi,10757.7860196352,Medium
935,Abu Dhabi,10756.705467844009,Medium
1081,Dubai,10755.36799607277,Medium
3736,Dubai,10752.72953438759,Medium
960,Sharjah,10752.443039608,Medium
1009,Abu Dhabi,10752.144987440111,Medium
931,Dubai,10751.212023568154,Medium
4507,Dubai,10751.155422735215,Medium
1126,Dubai,10747.763016605375,Medium
825,Sharjah,10744.966468811035,Medium
1644,Abu Dhabi,10744.804516696931,Medium
3199,Dubai,10744.693920063974,Medium
985,Dubai,10740.449969768522,Medium
2022,Abu Dhabi,10740.324490118026,Medium
2055,Sharjah,10738.60096808672,Medium
4564,Sharjah,10737.967475557329,Medium
416,Dubai,10735.881996679305,Medium
4939,Dubai,10734.436449360848,Medium
417,Dubai,10733.723569130903,Medium
2765,Dubai,10733.255050301554,Medium
953,Abu Dhabi,10733.073486423493,Medium
2092,Sharjah,10732.971964979173,Medium
1326,Sharjah,10732.85709898472,Medium
3753,Dubai,10731.930491876605,Medium
2713,Sharjah,10731.54398958683,Medium
415,Dubai,10730.930979931352,Medium
4743,Dubai,10728.404460716247,Medium
4775,Dubai,10727.386018300054,Medium
626,Dubai,10727.183046007158,Medium
133,Dubai,10726.279468512534,Medium
910,Abu Dhabi,10725.44406657219,Medium
1345,Abu Dhabi,10723.548052597045,Medium
692,Abu Dhabi,10722.200478625296,Medium
1924,Abu Dhabi,10721.716475462912,Medium
4000,Abu Dhabi,10721.637423443794,Medium
940,Dubai,10718.555987048147,Medium
4172,Dubai,10717.385005378725,Medium
4763,Dubai,10716.079927873612,Medium
1294,Dubai,10716.002497673036,Medium
729,Abu Dhabi,10714.814058828353,Medium
1138,Dubai,10714.54595143795,Medium
532,Sharjah,10714.500959968565,Medium
2429,Sharjah,10713.79303869009,Medium
598,Dubai,10712.632543826103,Medium
4727,Abu Dhabi,10712.407983970645,Medium
4142,Dubai,10712.36247262955,Medium
373,Dubai,10712.215541315078,Medium
3692,Abu Dhabi,10711.952557194232,Medium
1260,Abu Dhabi,10711.877989387514,Medium
1268,Dubai,10710.885536503789,Medium
832,Sharjah,10710.322959983348,Medium
2353,Dubai,10708.311044144628,Medium
1058,Abu Dhabi,10708.185496306418,Medium
4449,Dubai,10706.977005720142,Medium
1386,Abu Dhabi,10706.783469069003,Medium
3908,Dubai,10706.483417987822,Medium
476,Dubai,10706.428561639785,Medium
2680,Abu Dhabi,10704.452036261559,Medium
3832,Abu Dhabi,10703.623964262008,Medium
3604,Sharjah,10703.113914752006,Medium
440,Abu Dhabi,10702.851472115519,Medium
1758,Dubai,10701.433370018005,Medium
1228,Dubai,10701.250463342665,Medium
636,Sharjah,10696.51005678177,Medium
1429,Abu Dhabi,10695.587454295159,Medium
1697,Abu Dhabi,10693.099972081183,Medium
2687,Sharjah,10692.031531524657,Medium
3264,Dubai,10691.229522967338,Medium
24,Sharjah,10687.371546530721,Medium
4681,Dubai,10685.984985232353,Medium
2104,Dubai,10685.503020071985,Medium
1244,Sharjah,10683.71595158577,Medium
1114,Dubai,10683.54843506813,Medium
3835,Dubai,10682.730018806458,Medium
4943,Dubai,10678.742411875723,Medium
1283,Abu Dhabi,10676.523986935614,Medium
4468,Dubai,10672.82596447468,Medium
2231,Dubai,10672.786023294926,Medium
2620,Abu Dhabi,10671.718932366368,Medium
4209,Dubai,10671.662538194654,Medium
657,Dubai,10669.196404242515,Medium
3762,Abu Dhabi,10668.765957474709,Medium
4290,Abu Dhabi,10666.431945824625,Medium
1190,Abu Dhabi,10664.99403743744,Medium
1876,Sharjah,10664.775004124642,Medium
1566,Dubai,10663.855521011355,Medium
2365,Dubai,10663.16647722721,Medium
4348,Dubai,10662.479426670074,Medium
2058,Abu Dhabi,10661.413486099245,Medium
1691,Abu Dhabi,10661.152509856225,Medium
3818,Dubai,10657.53750658035,Medium
3592,Dubai,10657.3984662056,Medium
3323,Sharjah,10655.702414941787,Medium
3014,Sharjah,10652.456048870084,Medium
278,Dubai,10650.98499288559,Medium
2227,Abu Dhabi,10650.442441916466,Medium
2506,Abu Dhabi,10650.152050685883,Medium
3773,Dubai,10648.550490999223,Medium
2884,Sharjah,10647.572919034958,Medium
1760,Sharjah,10647.09600982666,Medium
1006,Dubai,10646.795983958244,Medium
3505,Abu Dhabi,10644.03450217247,Medium
4422,Dubai,10643.48754014969,Medium
3501,Abu Dhabi,10643.332989740373,Medium
1107,Sharjah,10642.818037843706,Medium
2678,Dubai,10641.998594641685,Medium
3182,Abu Dhabi,10640.972472929952,Medium
16,Abu Dhabi,10639.956046915053,Medium
3370,Dubai,10639.765465641021,Medium
3041,Dubai,10637.52698066235,Medium
2358,Abu Dhabi,10637.40305325985,Medium
662,Sharjah,10637.182504105569,Medium
3278,Dubai,10636.798491489888,Medium
3112,Dubai,10636.58601541519,Medium
1988,Sharjah,10635.314542150496,Medium
2294,Dubai,10634.208437299729,Medium
1068,Abu Dhabi,10633.884491705896,Medium
4627,Sharjah,10633.384031641484,Medium
3237,Dubai,10631.28048355579,Medium
1232,Dubai,10630.889518213273,Medium
1796,Dubai,10630.417996549606,Medium
4793,Dubai,10629.471481752395,Medium
3384,Dubai,10628.361510658262,Medium
3940,Sharjah,10627.873432159424,Medium
3104,Sharjah,10626.309968137743,Medium
220,Dubai,10625.81353485584,Medium
1458,Sharjah,10625.434967803953,Medium
2629,Dubai,10623.285004377365,Medium
3693,Sharjah,10622.39057996273,Medium
1661,Abu Dhabi,10621.924526143071,Medium
1209,Dubai,10621.287520217897,Medium
2418,Dubai,10620.67993326187,Medium
2720,Dubai,10619.551003742217,Medium
2452,Abu Dhabi,10619.002977752687,Medium
331,Dubai,10619.001518487932,Medium
4010,Dubai,10617.298928213118,Medium
646,Sharjah,10616.17457678318,Medium
4644,Abu Dhabi,10616.109931969642,Medium
4166,Abu Dhabi,10615.928895688055,Medium
546,Dubai,10613.590989279744,Medium
3494,Dubai,10612.816426122188,Medium
275,Dubai,10611.323515403272,Medium
4299,Dubai,10610.367499470713,Medium
3299,Abu Dhabi,10609.221475839615,Medium
593,Abu Dhabi,10608.466487932204,Medium
1264,Sharjah,10608.273495805262,Medium
2966,Abu Dhabi,10606.524449634551,Medium
1764,Dubai,10606.304454231262,Medium
181,Abu Dhabi,10605.579976916315,Medium
2066,Dubai,10602.499577593802,Medium
3919,Dubai,10601.82202577591,Medium
3176,Dubai,10601.537979173663,Medium
3025,Sharjah,10601.435429883,Medium
3300,Abu Dhabi,10600.839034652709,Medium
1666,Abu Dhabi,10599.087516999247,Medium
1083,Dubai,10598.680035734176,Medium
3703,Dubai,10597.849498033524,Medium
4579,Dubai,10597.60190272331,Medium
524,Sharjah,10596.93050649166,Medium
2035,Dubai,10596.845976185798,Medium
1857,Sharjah,10596.729533839227,Medium
31,Dubai,10594.996499371531,Medium
1187,Abu Dhabi,10594.621991467477,Medium
2596,Dubai,10594.550521898274,Medium
3146,Abu Dhabi,10593.960003566743,Medium
3297,Dubai,10593.807525205611,Medium
1442,Dubai,10591.798043251038,Medium
3326,Dubai,10589.828476142882,Medium
395,Dubai,10587.007046699524,Medium
2276,Dubai,10584.400497531891,Medium
3249,Abu Dhabi,10584.001995801926,Medium
4113,Abu Dhabi,10583.948023366927,Medium
3258,Sharjah,10583.7540266037,Medium
4883,Dubai,10579.899457645417,Medium
4279,Dubai,10577.906990575791,Medium
578,Dubai,10576.982503461837,Medium
1826,Abu Dhabi,10576.848607122898,Medium
2974,Abu Dhabi,10576.277496671679,Medium
981,Dubai,10575.717976212507,Medium
2557,Sharjah,10575.301469302176,Medium
1166,Abu Dhabi,10574.231997776034,Medium
4033,Dubai,10573.374967193604,Medium
2683,Dubai,10572.916906642917,Medium
3647,Abu Dhabi,10571.894961881637,Medium
1720,Dubai,10571.404965782165,Medium
237,Dubai,10569.846030187608,Medium
2764,Dubai,10569.470548152922,Medium
2253,Abu Dhabi,10567.653952860834,Medium
4999,Sharjah,10567.300516796116,Medium
2587,Dubai,10566.917504549026,Medium
3529,Dubai,10565.39492943287,Medium
2555,Dubai,10565.393991065022,Medium
957,Dubai,10563.98248645067,Medium
1472,Dubai,10562.951002907752,Medium
2757,Dubai,10562.024576115607,Medium
2540,Dubai,10561.250972366335,Medium
2935,Dubai,10560.994035243986,Medium
4093,Abu Dhabi,10560.692018699641,Medium
2223,Sharjah,10560.43051233292,Medium
2450,Sharjah,10560.260426688194,Medium
1686,Abu Dhabi,10559.53002846241,Medium
867,Sharjah,10559.44005372524,Medium
3070,Sharjah,10558.45550789833,Medium
4473,Abu Dhabi,10557.415042448043,Medium
3322,Dubai,10556.177008652687,Medium
1792,Sharjah,10556.095927786828,Medium
1270,Dubai,10555.60849843025,Medium
2071,Abu Dhabi,10554.904937827585,Medium
4989,Abu Dhabi,10554.87042167187,Medium
441,Dubai,10553.876476287844,Medium
2618,Dubai,10550.812001609802,Medium
4025,Dubai,10550.184941101073,Medium
4754,Dubai,10549.651515364647,Medium
2560,Dubai,10549.53798761368,Medium
4289,Abu Dhabi,10549.356454229355,Medium
1140,Dubai,10549.226555347444,Medium
3938,Dubai,10549.148057866096,Medium
1023,Dubai,10549.112929010393,Medium
3741,Dubai,10547.79447760582,Medium
3123,Sharjah,10545.863422501086,Medium
1627,Sharjah,10544.196411752699,Medium
4724,Abu Dhabi,10542.807480359077,Medium
640,Dubai,10542.80302362442,Medium
3301,Sharjah,10542.317486882213,Medium
553,Abu Dhabi,10542.13200750351,Medium
609,Dubai,10541.373495125774,Medium
2959,Sharjah,10540.676002717015,Medium
2026,Sharjah,10540.126054525375,Medium
2115,Dubai,10539.675958299638,Medium
4753,Dubai,10538.43348441124,Medium
933,Dubai,10538.179546856878,Medium
1164,Dubai,10536.533501434327,Medium
1495,Sharjah,10536.488919734955,Medium
215,Dubai,10536.150002384184,Medium
3224,Dubai,10535.952553677558,Medium
1527,Abu Dhabi,10534.454466819765,Medium
205,Dubai,10531.059975004198,Medium
4262,Dubai,10529.860915756224,Medium
3398,Abu Dhabi,10526.817454576492,Medium
2233,Dubai,10526.598511075976,Medium
2633,Sharjah,10526.30746693611,Medium
1928,Sharjah,10525.821457362174,Medium
1063,Dubai,10524.976525831224,Medium
4241,Dubai,10524.628522872927,Medium
4748,Abu Dhabi,10523.853015351293,Medium
459,Sharjah,10520.019459962843,Medium
3955,Abu Dhabi,10518.96799263954,Medium
3499,Abu Dhabi,10518.779939556121,Medium
2995,Dubai,10518.529535102845,Medium
3960,Abu Dhabi,10517.620473790168,Medium
2850,Dubai,10516.901060950755,Medium
3020,Dubai,10516.736049985882,Medium
2029,Abu Dhabi,10516.35453107357,Medium
2848,Dubai,10515.604632782935,Medium
1533,Abu Dhabi,10515.226929163935,Medium
1970,Dubai,10514.251480531691,Medium
2946,Dubai,10514.232024645806,Medium
959,Sharjah,10513.605531978608,Medium
4659,Abu Dhabi,10513.268486499785,Medium
3897,Dubai,10512.220970392225,Medium
879,Sharjah,10512.217013132577,Medium
1828,Abu Dhabi,10511.823474121093,Medium
2817,Dubai,10511.789983224871,Medium
3531,Dubai,10511.745453405383,Medium
3586,Dubai,10509.550939142704,Medium
355,Dubai,10507.852528357507,Medium
3447,Dubai,10506.583992457388,Medium
1047,Sharjah,10506.535463571548,Medium
189,Abu Dhabi,10504.698488593103,Medium
4060,Abu Dhabi,10504.43146996498,Medium
851,Sharjah,10504.426352238654,Medium
1158,Abu Dhabi,10504.096456670763,Medium
4934,Dubai,10502.750962042808,Medium
3314,Dubai,10502.512470149995,Medium
2436,Sharjah,10502.165512454509,Medium
4436,Sharjah,10501.612968063355,Medium
3386,Abu Dhabi,10501.300970554352,Medium
1787,Dubai,10497.307934260367,Medium
1189,Dubai,10496.167548084259,Medium
2476,Abu Dhabi,10495.64394285679,Medium
4220,Abu Dhabi,10495.151059412956,Medium
1724,Dubai,10494.84796844721,Medium
3186,Dubai,10492.936049842836,Medium
3618,Abu Dhabi,10490.476871895791,Medium
3826,Dubai,10487.749508047105,Medium
3665,Sharjah,10486.814929985998,Medium
1243,Dubai,10486.075479578973,Medium
4084,Dubai,10485.027561593059,Medium
2599,Dubai,10483.727041602135,Medium
906,Sharjah,10482.396013069152,Medium
914,Dubai,10482.24555838108,Medium
2782,Abu Dhabi,10482.182519841192,Medium
140,Dubai,10480.934015607834,Medium
3672,Abu Dhabi,10480.673477554321,Medium
4414,Dubai,10479.51692290306,Medium
3477,Dubai,10477.845482110979,Medium
528,Dubai,10476.088502526285,Medium
4417,Sharjah,10471.621020185945,Medium
4953,Dubai,10471.388520050052,Medium
1479,Abu Dhabi,10470.532480430604,Medium
4151,Abu Dhabi,10470.350995886327,Medium
2,Abu Dhabi,10469.128954315187,Medium
187,Abu Dhabi,10468.797582578658,Medium
1987,Dubai,10467.690486979487,Medium
4087,Dubai,10466.897020530705,Medium
2387,Abu Dhabi,10466.13810353279,Medium
4680,Sharjah,10464.630496215821,Medium
2339,Dubai,10463.708988511564,Medium
2102,Dubai,10462.847447919847,Medium
1097,Dubai,10460.210472404959,Medium
1799,Dubai,10456.991000175476,Medium
2297,Abu Dhabi,10453.83595395088,Medium
3153,Dubai,10452.358489775655,Medium
2541,Dubai,10451.535489034652,Medium
209,Sharjah,10451.487461113931,Medium
3545,Dubai,10447.120523166655,Medium
752,Dubai,10445.912080669403,Medium
1332,Dubai,10441.756424474717,Medium
1889,Dubai,10441.606985712051,Medium
934,Dubai,10441.562916374207,Medium
488,Abu Dhabi,10438.313989090919,Medium
4430,Abu Dhabi,10437.679444169997,Medium
3577,Abu Dhabi,10437.612044262887,Medium
3740,Dubai,10437.327508163451,Medium
1259,Abu Dhabi,10437.131530284885,Medium
3901,Abu Dhabi,10435.876023364066,Medium
2002,Sharjah,10433.920925641061,Medium
607,Sharjah,10433.12004415989,Medium
4810,Dubai,10432.213496398927,Medium
3847,Dubai,10431.157504975794,Medium
115,Abu Dhabi,10430.74348721504,Medium
3240,Sharjah,10430.414038634302,Medium
520,Abu Dhabi,10429.227513480186,Medium
4925,Sharjah,10429.218519592283,Medium
4613,Abu Dhabi,10425.195963048936,Medium
289,Sharjah,10424.869980239868,Medium
1740,Dubai,10424.109986448286,Medium
1562,Abu Dhabi,10424.041945886614,Medium
1149,Dubai,10422.549079251292,Medium
1947,Dubai,10422.198478126526,Medium
2048,Sharjah,10421.707466363905,Medium
399,Abu Dhabi,10421.643480110166,Medium
4892,Dubai,10419.894970607758,Medium
4137,Sharjah,10418.53299806118,Medium
3087,Sharjah,10415.741008663179,Medium
2311,Abu Dhabi,10414.69510588646,Medium
2447,Sharjah,10413.624508333201,Medium
1122,Sharjah,10413.571486687657,Medium
290,Dubai,10410.94403269291,Medium
1046,Dubai,10410.312493801119,Medium
2635,Dubai,10410.212992477418,Medium
2046,Abu Dhabi,10409.038958859443,Medium
4196,Dubai,10407.914990544317,Medium
3217,Dubai,10407.798478806017,Medium
1085,Abu Dhabi,10407.22352130413,Medium
1160,Dubai,10406.646992731095,Medium
2700,Dubai,10404.738456487654,Medium
4936,Dubai,10404.618549275398,Medium
3214,Dubai,10403.845912742614,Medium
3754,Sharjah,10403.314080369471,Medium
2193,Sharjah,10402.783520221712,Medium
653,Dubai,10400.815924930572,Medium
4712,Dubai,10400.064520096781,Medium
3928,Abu Dhabi,10399.59439387321,Medium
106,Sharjah,10397.23346800804,Medium
3713,Dubai,10396.498003149034,Medium
3125,Abu Dhabi,10394.77945432663,Medium
2779,Sharjah,10394.414052188398,Medium
1806,Dubai,10392.824994182587,Medium
1565,Abu Dhabi,10392.528975379464,Medium
564,Sharjah,10392.494044566154,Medium
1119,Sharjah,10392.281450462338,Medium
460,Dubai,10390.918425178526,Medium
99,Dubai,10388.945037496092,Medium
709,Dubai,10387.29849243164,Medium
4533,Abu Dhabi,10387.29703564644,Medium
4874,Dubai,10386.832511997223,Medium
3255,Dubai,10381.136938524243,Medium
3078,Sharjah,10381.08398718834,Medium
3990,Dubai,10380.956982803345,Medium
2260,Dubai,10379.490533852577,Medium
1759,Abu Dhabi,10378.658994150159,Medium
4230,Dubai,10375.266036701201,Medium
3443,Abu Dhabi,10372.705487918853,Medium
89,Abu Dhabi,10370.475423049927,Medium
2984,Dubai,10366.839006471635,Medium
3271,Sharjah,10365.766510391237,Medium
461,Dubai,10365.24053926468,Medium
1637,Dubai,10363.757547473906,Medium
2653,Abu Dhabi,10363.677950644493,Medium
628,Dubai,10362.731993174553,Medium
803,Dubai,10362.409529852866,Medium
4794,Sharjah,10362.226052832604,Medium
4123,Dubai,10361.837053561212,Medium
3113,Sharjah,10361.258483505251,Medium
1708,Abu Dhabi,10360.32148990631,Medium
1428,Dubai,10358.617926359175,Medium
4125,Abu Dhabi,10358.59147415161,Medium
10,Sharjah,10357.853471446035,Medium
4365,Sharjah,10357.283879899978,Medium
792,Abu Dhabi,10357.031951689722,Medium
4347,Dubai,10355.000485014916,Medium
4385,Sharjah,10352.90403954983,Medium
2219,Dubai,10352.38849096298,Medium
1125,Dubai,10351.924015259743,Medium
1657,Dubai,10351.467997765541,Medium
4569,Dubai,10348.753467297554,Medium
2644,Abu Dhabi,10348.313993334767,Medium
3684,Sharjah,10347.344497275353,Medium
819,Dubai,10346.6869846344,Medium
1082,Abu Dhabi,10346.088016057014,Medium
3239,Sharjah,10345.73452603817,Medium
3410,Dubai,10345.085460329057,Medium
2544,Dubai,10343.926522421836,Medium
4570,Dubai,10342.374446034435,Medium
2882,Dubai,10342.137985777854,Medium
4466,Sharjah,10341.872991740702,Medium
2126,Dubai,10341.501440024378,Medium
4258,Abu Dhabi,10340.626927042005,Medium
4621,Abu Dhabi,10339.227548050878,Medium
3433,Abu Dhabi,10337.853018140793,Medium
1943,Dubai,10336.495512652395,Medium
4428,Abu Dhabi,10335.604986190794,Medium
2077,Dubai,10335.395475363732,Medium
4615,Abu Dhabi,10335.361004900931,Medium
695,Dubai,10334.85357904434,Medium
3958,Dubai,10334.158981132507,Medium
4992,Dubai,10333.794431328773,Medium
4734,Dubai,10332.745012903215,Medium
887,Dubai,10332.256034517288,Medium
2780,Sharjah,10330.767008686067,Medium
2153,Abu Dhabi,10330.37446012497,Medium
2976,Abu Dhabi,10329.67749452591,Medium
2833,Dubai,10327.560009741783,Medium
1511,Abu Dhabi,10326.718553853036,Medium
3138,Dubai,10326.702525413035,Medium
1236,Sharjah,10324.311528444292,Medium
3128,Dubai,10322.860894358157,Medium
2897,Dubai,10321.432508945463,Medium
367,Abu Dhabi,10321.105008935929,Medium
714,Abu Dhabi,10318.759541225434,Medium
2718,Dubai,10317.669434261323,Medium
1913,Abu Dhabi,10316.050438356398,Medium
4729,Sharjah,10314.974010682106,Medium
2162,Dubai,10313.959448742866,Medium
2741,Sharjah,10312.61840996742,Medium
582,Sharjah,10312.44605664015,Medium
3628,Sharjah,10311.939014577867,Medium
2799,Sharjah,10311.764474368098,Medium
383,Dubai,10311.680917084217,Medium
566,Dubai,10311.680445480348,Medium
3547,Dubai,10311.384067273138,Medium
4384,Dubai,10310.265489912032,Medium
2050,Abu Dhabi,10308.734484410286,Medium
2954,Sharjah,10308.641937017443,Medium
1355,Abu Dhabi,10307.918465304372,Medium
721,Dubai,10304.963428401947,Medium
3708,Abu Dhabi,10303.861617231369,Medium
1995,Sharjah,10302.724990844728,Medium
1529,Dubai,10301.814563465115,Medium
2627,Sharjah,10301.706465119123,Medium
4477,Abu Dhabi,10300.569481158256,Medium
2981,Abu Dhabi,10299.610462498664,Medium
164,Abu Dhabi,10298.804914855957,Medium
173,Dubai,10297.493453729152,Medium
4814,Dubai,10297.485512065889,Medium
885,Dubai,10297.068548440933,Medium
2044,Sharjah,10296.771007180214,Medium
4545,Dubai,10296.263488483428,Medium
384,Dubai,10294.82399892807,Medium
3313,Dubai,10294.416948652268,Medium
2421,Dubai,10294.329536259173,Medium
4257,Dubai,10294.040471434597,Medium
2754,Dubai,10293.015566909313,Medium
3714,Dubai,10292.999020671845,Medium
2694,Abu Dhabi,10292.90545258522,Medium
3517,Dubai,10292.547997641565,Medium
1685,Abu Dhabi,10289.519516444207,Medium
2828,Dubai,10289.115507102013,Medium
1710,Sharjah,10288.988002967835,Medium
2858,Dubai,10288.353979969024,Medium
741,Abu Dhabi,10287.912989330292,Medium
929,Dubai,10287.802526545524,Medium
4914,Dubai,10286.63944478035,Medium
4457,Sharjah,10286.551019001008,Medium
1989,Dubai,10286.274996852875,Medium
3117,Dubai,10285.435964179038,Medium
3548,Dubai,10285.416922187806,Medium
4351,Dubai,10284.51256635189,Medium
3597,Sharjah,10283.144017374518,Medium
1120,Dubai,10283.02695093155,Medium
1838,Dubai,10281.643973588945,Medium
4761,Abu Dhabi,10281.08095650673,Medium
2100,Sharjah,10279.775437355043,Medium
1219,Abu Dhabi,10279.128523135183,Medium
4028,Abu Dhabi,10277.465470588204,Medium
866,Dubai,10274.61639699936,Medium
4133,Sharjah,10274.561985111235,Medium
659,Sharjah,10274.300974059106,Medium
1127,Abu Dhabi,10273.164999949933,Medium
3129,Abu Dhabi,10272.399950647354,Medium
2403,Dubai,10272.083470010757,Medium
947,Dubai,10269.91545419693,Medium
2944,Sharjah,10269.669991636276,Medium
4447,Abu Dhabi,10268.502055597304,Medium
2325,Abu Dhabi,10267.517455315592,Medium
3130,Abu Dhabi,10264.109412169457,Medium
4527,Dubai,10263.41538763046,Medium
3147,Abu Dhabi,10262.596476721765,Medium
4170,Dubai,10262.056002998352,Medium
4947,Abu Dhabi,10260.56794857979,Medium
839,Abu Dhabi,10259.9595009923,Medium
3298,Dubai,10259.640988874435,Medium
875,Sharjah,10259.21751570701,Medium
1238,Dubai,10259.080478382111,Medium
2550,Abu Dhabi,10255.970524430273,Medium
4027,Dubai,10253.14504071474,Medium
2747,Abu Dhabi,10250.49650952816,Medium
3730,Sharjah,10249.512578320504,Medium
3009,Abu Dhabi,10249.285452342036,Medium
3952,Dubai,10249.050013303759,Medium
2698,Dubai,10248.837487196919,Medium
1390,Dubai,10247.710948252678,Medium
4121,Abu Dhabi,10247.268037796019,Medium
783,Sharjah,10247.099017381668,Medium
153,Sharjah,10245.582031393053,Medium
3079,Dubai,10245.432557940481,Medium
2801,Sharjah,10244.128905439376,Medium
4616,Abu Dhabi,10243.72947919369,Medium
293,Dubai,10243.194492268562,Medium
2602,Dubai,10243.09991707802,Medium
4119,Dubai,10241.986950230597,Medium
3440,Dubai,10241.640459966658,Medium
4494,Abu Dhabi,10239.649021482466,Medium
3463,Abu Dhabi,10239.28344385624,Medium
3095,Sharjah,10238.824496507648,Medium
1101,Dubai,10238.637024867536,Medium
30,Abu Dhabi,10238.498551392553,Medium
1361,Sharjah,10237.868007779121,Medium
4844,Sharjah,10237.380542993547,Medium
2060,Abu Dhabi,10235.726521110535,Medium
4182,Dubai,10234.561466133591,Medium
3976,Dubai,10234.306509160997,Medium
4200,Dubai,10231.818515872956,Medium
2493,Dubai,10230.29698934555,Medium
1267,Abu Dhabi,10229.98654282093,Medium
627,Dubai,10229.862956285477,Medium
3983,Abu Dhabi,10228.587463581562,Medium
3575,Dubai,10227.332531642915,Medium
1028,Sharjah,10226.866403841974,Medium
4303,Abu Dhabi,10226.087484669684,Medium
3894,Sharjah,10225.975969696046,Medium
28,Dubai,10225.322924232481,Medium
3748,Dubai,10225.187972712514,Medium
4246,Abu Dhabi,10224.1694758296,Medium
4271,Dubai,10223.910054039954,Medium
1977,Sharjah,10223.033956336976,Medium
3670,Abu Dhabi,10221.836017513275,Medium
2787,Dubai,10221.817028236388,Medium
865,Sharjah,10221.666922163966,Medium
1587,Abu Dhabi,10221.54551105499,Medium
4407,Sharjah,10221.42295577526,Medium
1625,Abu Dhabi,10221.227499341967,Medium
698,Sharjah,10219.987985706328,Medium
374,Sharjah,10219.555938100815,Medium
1519,Abu Dhabi,10218.492954516409,Medium
73,Abu Dhabi,10215.632547378542,Medium
379,Sharjah,10212.96196818352,Medium
3325,Dubai,10212.874918437003,Medium
3405,Dubai,10212.123986935614,Medium
4628,Abu Dhabi,10211.936446237563,Medium
2271,Dubai,10211.065974068642,Medium
558,Abu Dhabi,10210.275521874428,Medium
980,Sharjah,10210.037503576279,Medium
3765,Abu Dhabi,10208.480447030066,Medium
5,Abu Dhabi,10205.05345184803,Medium
3502,Dubai,10202.350442790988,Medium
4607,Abu Dhabi,10201.959093379977,Medium
1419,Dubai,10201.894561004636,Medium
742,Abu Dhabi,10199.361522531512,Medium
1412,Dubai,10198.570002007484,Medium
4898,Abu Dhabi,10198.424453258513,Medium
3065,Abu Dhabi,10198.3660251379,Medium
4471,Sharjah,10193.836947107317,Medium
642,Abu Dhabi,10193.69598827362,Medium
2924,Dubai,10192.642462253572,Medium
4909,Dubai,10192.53046154976,Medium
2535,Sharjah,10191.924993610382,Medium
4116,Abu Dhabi,10191.735458612438,Medium
4970,Dubai,10191.467981958387,Medium
950,Sharjah,10187.337536501884,Medium
715,Sharjah,10186.454992771147,Medium
2597,Sharjah,10183.235550546644,Medium
3141,Dubai,10182.035448217393,Medium
1804,Dubai,10180.540466570854,Medium
272,Dubai,10180.32793316841,Medium
4829,Dubai,10177.131985735892,Medium
2362,Sharjah,10177.016030240058,Medium
4426,Abu Dhabi,10176.469927167895,Medium
291,Sharjah,10176.223396682739,Medium
131,Sharjah,10175.467425632478,Medium
4234,Sharjah,10174.17342145443,Medium
4195,Sharjah,10174.161564445496,Medium
4702,Abu Dhabi,10173.385934567454,Medium
514,Dubai,10172.24098110199,Medium
2131,Dubai,10171.825982546805,Medium
270,Sharjah,10170.788544654844,Medium
4107,Dubai,10168.623542761805,Medium
3397,Dubai,10168.590026414393,Medium
2778,Sharjah,10167.338482928279,Medium
1141,Abu Dhabi,10166.749512529372,Medium
3739,Abu Dhabi,10164.784995293618,Medium
889,Abu Dhabi,10163.40748066902,Medium
3335,Dubai,10162.982997059822,Medium
1918,Dubai,10162.868435263636,Medium
3627,Dubai,10162.209513187407,Medium
4145,Abu Dhabi,10161.985986924172,Medium
2893,Dubai,10160.794071722032,Medium
543,Abu Dhabi,10159.947530508043,Medium
895,Abu Dhabi,10159.259088981153,Medium
3198,Sharjah,10157.019475364683,Medium
3250,Dubai,10156.91851668358,Medium
1025,Dubai,10155.392466235162,Medium
1963,Dubai,10155.050982403756,Medium
2243,Sharjah,10151.71956193447,Medium
529,Abu Dhabi,10151.190968418123,Medium
1942,Dubai,10150.95755023956,Medium
637,Abu Dhabi,10150.715971326828,Medium
2802,Abu Dhabi,10149.625485408305,Medium
977,Dubai,10149.571472907066,Medium
3388,Dubai,10148.46898280382,Medium
2144,Dubai,10146.95000178814,Medium
1506,Dubai,10146.314492416383,Medium
2012,Sharjah,10140.930038332941,Medium
1179,Abu Dhabi,10140.41598045826,Medium
3001,Sharjah,10140.104557657243,Medium
4595,Abu Dhabi,10138.828998160363,Medium
1895,Abu Dhabi,10137.689549779889,Medium
1019,Dubai,10137.614473605156,Medium
572,Dubai,10135.95348520279,Medium
4695,Dubai,10135.753069615363,Medium
3859,Dubai,10135.262533283234,Medium
4732,Abu Dhabi,10135.15150551796,Medium
2648,Abu Dhabi,10133.241554605958,Medium
4933,Dubai,10130.66401090622,Medium
565,Dubai,10130.613980054855,Medium
3932,Dubai,10129.87202595472,Medium
2878,Sharjah,10129.683973407742,Medium
907,Abu Dhabi,10129.401458930966,Medium
3027,Dubai,10129.252976894379,Medium
316,Abu Dhabi,10127.537465810774,Medium
1726,Dubai,10126.935968542099,Medium
3085,Dubai,10124.172950875758,Medium
3687,Abu Dhabi,10123.828996276854,Medium
2033,Dubai,10122.866478919985,Medium
494,Dubai,10122.854953980444,Medium
2549,Dubai,10122.647913551333,Medium
3120,Dubai,10120.536962890625,Medium
2488,Dubai,10119.205469381808,Medium
3408,Abu Dhabi,10118.69951658249,Medium
244,Dubai,10118.632921290398,Medium
2154,Abu Dhabi,10115.648463702204,Medium
438,Dubai,10115.332589101792,Medium
3855,Sharjah,10113.567517232896,Medium
192,Abu Dhabi,10112.862443852424,Medium
4400,Dubai,10112.513961219787,Medium
2728,Dubai,10112.055989980698,Medium
3829,Dubai,10112.045415687562,Medium
2417,Dubai,10109.859485530853,Medium
1689,Abu Dhabi,10108.912478923798,Medium
3831,Abu Dhabi,10108.419543540476,Medium
4004,Dubai,10107.70290440321,Medium
3812,Sharjah,10107.626987671854,Medium
759,Dubai,10106.073059868813,Medium
1182,Abu Dhabi,10105.964909315106,Medium
3658,Abu Dhabi,10104.944995927812,Medium
3347,Dubai,10104.318013811111,Medium
1705,Dubai,10102.5775372982,Medium
3280,Dubai,10102.279012179373,Medium
2021,Sharjah,10101.31499218941,Medium
4147,Abu Dhabi,10099.770986938478,Medium
3599,Dubai,10097.925980877877,Medium
2383,Abu Dhabi,10097.132545518876,Medium
4393,Dubai,10095.686020445824,Medium
1336,Sharjah,10092.634995532035,Medium
4862,Dubai,10092.272998809816,Medium
4064,Dubai,10091.997494602205,Medium
3359,Dubai,10091.680481052399,Medium
1646,Abu Dhabi,10090.346980428698,Medium
1653,Abu Dhabi,10090.247508001326,Medium
2454,Dubai,10088.682460474969,Medium
1818,Dubai,10087.230500268934,Medium
1420,Dubai,10085.572005534172,Medium
3254,Sharjah,10085.566517925261,Medium
3160,Sharjah,10085.288000154496,Medium
2853,Abu Dhabi,10085.090478014945,Medium
1050,Dubai,10082.978926181795,Medium
4383,Sharjah,10082.799072885513,Medium
873,Abu Dhabi,10082.064468097686,Medium
4378,Dubai,10081.695957994463,Medium
4355,Dubai,10080.81494703293,Medium
2743,Dubai,10080.683577919006,Medium
1624,Abu Dhabi,10080.535929155352,Medium
4776,Dubai,10078.687472701076,Medium
1762,Sharjah,10077.857565975191,Medium
112,Abu Dhabi,10077.424492931366,Medium
1414,Sharjah,10077.424492406844,Medium
4673,Abu Dhabi,10077.278470754623,Medium
3401,Sharjah,10076.736927747726,Medium
4623,Sharjah,10076.190957176683,Medium
1516,Sharjah,10074.5788990736,Medium
2460,Sharjah,10071.882924413683,Medium
4278,Abu Dhabi,10071.269462251661,Medium
2474,Dubai,10071.06802916527,Medium
4405,Abu Dhabi,10070.783466410636,Medium
4307,Dubai,10070.216517806053,Medium
2786,Dubai,10068.85641989708,Medium
4330,Abu Dhabi,10066.059485960006,Medium
97,Dubai,10065.687539196013,Medium
2631,Dubai,10065.650924730304,Medium
2739,Abu Dhabi,10064.893934226036,Medium
1486,Sharjah,10063.875552463533,Medium
2851,Abu Dhabi,10063.485475397112,Medium
4163,Dubai,10062.32497048378,Medium
159,Sharjah,10062.006476259234,Medium
2093,Abu Dhabi,10061.445915460588,Medium
2586,Dubai,10060.533989000323,Medium
4559,Dubai,10058.697496533394,Medium
2847,Dubai,10058.072031259537,Medium
4522,Dubai,10057.003471994403,Medium
1615,Dubai,10056.95146203041,Medium
3068,Dubai,10055.463525199888,Medium
358,Abu Dhabi,10053.250983977317,Medium
2751,Sharjah,10052.534514236448,Medium
2632,Dubai,10050.988478136063,Medium
1513,Dubai,10050.910564970969,Medium
1546,Dubai,10050.900541257857,Medium
4435,Abu Dhabi,10050.045954322815,Medium
177,Sharjah,10049.698997044565,Medium
2482,Abu Dhabi,10049.097998857498,Medium
2857,Sharjah,10045.669504117966,Medium
664,Dubai,10045.442537117004,Medium
1255,Abu Dhabi,10045.332011294364,Medium
3219,Dubai,10044.800982666016,Medium
82,Dubai,10044.546463274959,Medium
2497,Dubai,10043.281518507005,Medium
167,Sharjah,10042.794934010504,Medium
2443,Sharjah,10042.216532182694,Medium
992,Dubai,10040.380908274652,Medium
2821,Dubai,10040.21692175865,Medium
3344,Dubai,10039.517498254776,Medium
4841,Sharjah,10038.34501593113,Medium
4465,Dubai,10037.348917341234,Medium
1487,Dubai,10035.261918139457,Medium
1645,Dubai,10035.107023382188,Medium
3985,Dubai,10034.671500253677,Medium
499,Abu Dhabi,10033.940997350217,Medium
1103,Abu Dhabi,10033.830098485945,Medium
3582,Abu Dhabi,10033.508016443251,Medium
398,Abu Dhabi,10033.363944625855,Medium
29,Dubai,10032.026031637191,Medium
2495,Sharjah,10032.024511003496,Medium
4272,Abu Dhabi,10031.606956672671,Medium
1834,Dubai,10031.31948785782,Medium
4622,Abu Dhabi,10030.607964158058,Medium
3567,Dubai,10029.52253949642,Medium
1738,Dubai,10029.443552231787,Medium
1346,Dubai,10027.369966101644,Medium
987,Abu Dhabi,10024.106979513168,Medium
1430,Sharjah,10024.041592454909,Medium
2105,Dubai,10019.572020435331,Medium
2522,Sharjah,10018.324385666849,Medium
763,Sharjah,10017.253963160514,Medium
2870,Abu Dhabi,10016.836983728408,Medium
4108,Abu Dhabi,10016.12449231148,Medium
4076,Dubai,10015.881453323364,Medium
1217,Sharjah,10015.534030222894,Medium
307,Abu Dhabi,10015.349486017229,Medium
2590,Dubai,10014.426998448373,Medium
1647,Abu Dhabi,10013.63002295494,Medium
2255,Abu Dhabi,10013.21499080658,Medium
2547,Dubai,10013.002557492257,Medium
3903,Dubai,10012.60443298817,Medium
817,Dubai,10011.803021180627,Medium
4132,Dubai,10011.6720140934,Medium
2085,Dubai,10011.464457631111,Medium
3229,Abu Dhabi,10010.857027626038,Medium
3691,Dubai,10009.589461541176,Medium
620,Abu Dhabi,10008.397501993179,Medium
1741,Dubai,10007.80097990036,Medium
2970,Abu Dhabi,10007.524058914183,Medium
451,Sharjah,10005.332009124755,Medium
3267,Dubai,10004.185985279084,Medium
556,Abu Dhabi,10003.883516275882,Medium
3605,Dubai,10002.853484535219,Medium
4443,Abu Dhabi,10001.232488107682,Medium
4157,Sharjah,10000.731465053559,Medium
1433,Dubai,9999.88699696064,Medium
2229,Dubai,9999.68350509405,Medium
3759,Dubai,9998.278524661064,Medium
1554,Sharjah,9998.255438566212,Medium
282,Abu Dhabi,9998.201395130158,Medium
26,Dubai,9997.834526133536,Medium
796,Dubai,9997.549965262411,Medium
2776,Sharjah,9996.89806292057,Medium
2527,Dubai,9996.248463809492,Medium
3429,Dubai,9995.991029334069,Medium
3496,Abu Dhabi,9995.19950418472,Medium
4785,Dubai,9994.881034564973,Medium
45,Abu Dhabi,9994.242944264412,Medium
3804,Abu Dhabi,9994.219439172744,Medium
806,Dubai,9993.90097064972,Medium
538,Dubai,9991.143010258673,Medium
1094,Abu Dhabi,9990.722480106351,Medium
3637,Dubai,9989.78393883705,Medium
3351,Dubai,9989.104442977907,Medium
4074,Sharjah,9988.937449789051,Medium
4134,Dubai,9988.7869820118,Medium
1772,Sharjah,9987.355520451072,Medium
1571,Abu Dhabi,9985.977923202514,Medium
1517,Dubai,9984.721062088012,Medium
3193,Dubai,9983.383520269395,Medium
760,Abu Dhabi,9982.95154337883,Medium
3373,Sharjah,9982.693510818483,Medium
3537,Dubai,9981.06641981602,Medium
4441,Abu Dhabi,9980.662477731705,Medium
4800,Dubai,9980.18298741579,Medium
4619,Sharjah,9978.48299138546,Medium
3093,Dubai,9977.765516400339,Medium
2913,Sharjah,9976.886967658997,Medium
730,Dubai,9976.875957596301,Medium
1797,Abu Dhabi,9976.55792552233,Medium
3092,Dubai,9976.397111725806,Medium
725,Dubai,9975.638475584983,Medium
4049,Abu Dhabi,9975.591573452948,Medium
1501,Abu Dhabi,9975.363987588882,Medium
3460,Dubai,9975.335960125925,Medium
2505,Dubai,9974.600454258916,Medium
248,Dubai,9974.525984334945,Medium
2024,Sharjah,9974.465522813798,Medium
2543,Sharjah,9970.063013434412,Medium
967,Dubai,9967.473005199432,Medium
1277,Sharjah,9967.374064373971,Medium
2448,Abu Dhabi,9965.805480575562,Medium
222,Abu Dhabi,9965.308482313158,Medium
42,Dubai,9963.528430032731,Medium
261,Dubai,9963.106971120833,Medium
3630,Abu Dhabi,9962.81290371418,Medium
4792,Dubai,9961.745972251892,Medium
690,Dubai,9960.781030750275,Medium
2501,Sharjah,9959.16446506977,Medium
1205,Dubai,9958.927041149138,Medium
4582,Abu Dhabi,9958.374037957192,Medium
4300,Abu Dhabi,9957.774569535251,Medium
2107,Dubai,9956.820010912417,Medium
4455,Abu Dhabi,9956.475397729875,Medium
4256,Abu Dhabi,9956.406973695759,Medium
1980,Abu Dhabi,9955.240059447291,Medium
1289,Dubai,9953.903958415984,Medium
1174,Dubai,9952.33859846592,Medium
1885,Abu Dhabi,9952.103420758247,Medium
4963,Abu Dhabi,9951.91253552437,Medium
4044,Dubai,9951.910075950622,Medium
1821,Abu Dhabi,9948.665473747255,Medium
3962,Sharjah,9948.53000383377,Medium
1303,Dubai,9948.265509033205,Medium
2457,Sharjah,9948.073933815958,Medium
1776,Abu Dhabi,9947.899542427062,Medium
2756,Dubai,9945.75647468567,Medium
2427,Sharjah,9945.118512296678,Medium
4853,Dubai,9943.219530582426,Medium
1476,Abu Dhabi,9942.713437199589,Medium
654,Sharjah,9941.98401005268,Medium
3205,Dubai,9939.99299612045,Medium
2313,Sharjah,9939.553065180779,Medium
2735,Dubai,9939.175518369673,Medium
2005,Sharjah,9938.6049949646,Medium
4885,Dubai,9938.090533208848,Medium
2480,Dubai,9937.631454396249,Medium
246,Sharjah,9937.47593443394,Medium
4550,Abu Dhabi,9936.739972925187,Medium
3641,Dubai,9935.001895785332,Medium
2772,Abu Dhabi,9934.610485124591,Medium
1590,Dubai,9934.252945756913,Medium
1606,Dubai,9932.189450550077,Medium
4580,Abu Dhabi,9929.842548894881,Medium
3105,Abu Dhabi,9929.594452190397,Medium
745,Dubai,9929.449050426483,Medium
3797,Abu Dhabi,9929.33150681257,Medium
403,Dubai,9929.308000922203,Medium
1739,Dubai,9928.83848400116,Medium
1998,Dubai,9925.232527160644,Medium
2710,Dubai,9924.492489099499,Medium
4325,Abu Dhabi,9923.116945934293,Medium
2009,Dubai,9922.537024927138,Medium
3082,Dubai,9922.084465360642,Medium
2593,Dubai,9920.959438729285,Medium
4768,Dubai,9920.781528246403,Medium
3374,Abu Dhabi,9919.130022239684,Medium
4927,Dubai,9918.444098901748,Medium
4475,Dubai,9918.06047625542,Medium
2891,Abu Dhabi,9917.010047864915,Medium
2459,Dubai,9916.945980620385,Medium
1384,Sharjah,9914.463041734696,Medium
4199,Dubai,9913.983421230316,Medium
2025,Abu Dhabi,9913.963045716286,Medium
226,Dubai,9910.625443959238,Medium
1795,Dubai,9910.497063350676,Medium
930,Sharjah,9910.487999725341,Medium
4707,Dubai,9909.031950116158,Medium
4092,Dubai,9908.07842144966,Medium
3132,Dubai,9907.954005646705,Medium
4476,Abu Dhabi,9907.652449822426,Medium
4631,Abu Dhabi,9907.37298707962,Medium
663,Dubai,9905.345990991593,Medium
4205,Abu Dhabi,9904.885905838013,Medium
1674,Dubai,9904.116448998455,Medium
1671,Sharjah,9904.090518641475,Medium
4859,Dubai,9903.108419322967,Medium
1713,Dubai,9901.986951303481,Medium
418,Dubai,9900.30837829113,Medium
3889,Dubai,9899.482894325254,Medium
625,Abu Dhabi,9899.361904811858,Medium
1855,Dubai,9897.941502165793,Medium
2695,Dubai,9894.902491188051,Medium
3922,Dubai,9894.54055609703,Medium
1771,Abu Dhabi,9894.072480821611,Medium
1731,Sharjah,9893.39195318222,Medium
2702,Dubai,9892.160511398315,Medium
2611,Dubai,9891.643487644196,Medium
194,Abu Dhabi,9890.98343434334,Medium
3008,Dubai,9888.739948415756,Medium
1892,Dubai,9888.601483941078,Medium
3047,Abu Dhabi,9888.543986463546,Medium
3882,Sharjah,9887.786499261856,Medium
3822,Dubai,9885.933998537063,Medium
1118,Sharjah,9885.87996685505,Medium
168,Abu Dhabi,9884.52199320793,Medium
2204,Dubai,9884.245879125594,Medium
1807,Abu Dhabi,9882.704501819611,Medium
3813,Abu Dhabi,9880.4330973506,Medium
2008,Dubai,9880.180984735489,Medium
2382,Sharjah,9878.99406785965,Medium
3789,Dubai,9877.446428394316,Medium
1234,Dubai,9876.392455244064,Medium
154,Sharjah,9875.824935436249,Medium
3423,Sharjah,9874.188531231881,Medium
3161,Sharjah,9873.365028429032,Medium
2354,Abu Dhabi,9873.197359037396,Medium
4807,Abu Dhabi,9872.57799850702,Medium
4342,Dubai,9872.197027301785,Medium
4264,Abu Dhabi,9871.922009730342,Medium
555,Dubai,9871.859991216661,Medium
756,Sharjah,9871.356005132198,Medium
1497,Dubai,9871.187503886224,Medium
2963,Abu Dhabi,9871.096971714498,Medium
3681,Dubai,9870.994517350196,Medium
2668,Abu Dhabi,9869.809441566467,Medium
1744,Abu Dhabi,9868.217016744613,Medium
2411,Abu Dhabi,9866.936004698278,Medium
1491,Dubai,9866.49749236107,Medium
3667,Dubai,9866.211414599422,Medium
2955,Sharjah,9865.958022761342,Medium
4957,Dubai,9865.335476660728,Medium
2671,Dubai,9862.579487895966,Medium
1351,Dubai,9861.69246580601,Medium
954,Abu Dhabi,9861.603081679343,Medium
3935,Dubai,9861.099056363108,Medium
1898,Sharjah,9857.901042413709,Medium
2991,Dubai,9857.620508670805,Medium
2533,Abu Dhabi,9857.459993982313,Medium
1992,Dubai,9856.163972949982,Medium
3339,Dubai,9856.14393296242,Medium
122,Abu Dhabi,9854.22698945999,Medium
699,Dubai,9853.899580287936,Medium
3729,Sharjah,9853.520491945743,Medium
57,Abu Dhabi,9852.156998395922,Medium
3064,Sharjah,9850.214980602266,Medium
630,Dubai,9849.538488292694,Medium
3734,Sharjah,9848.697911071778,Medium
2866,Dubai,9848.250540161132,Medium
1070,Dubai,9847.617934715747,Medium
3522,Dubai,9847.468999028208,Medium
2258,Dubai,9843.899544596674,Medium
81,Dubai,9843.086450433731,Medium
2326,Dubai,9842.077035760882,Medium
1568,Sharjah,9839.72299194336,Medium
2529,Abu Dhabi,9838.293027472497,Medium
761,Sharjah,9838.269971179961,Medium
1488,Dubai,9837.940481615064,Medium
4971,Abu Dhabi,9836.6494669199,Medium
4189,Dubai,9834.824021816252,Medium
2247,Dubai,9834.403493213653,Medium
3914,Dubai,9833.643487739562,Medium
413,Abu Dhabi,9832.274546909332,Medium
1435,Sharjah,9831.17900509834,Medium
2220,Dubai,9829.531530165674,Medium
3304,Abu Dhabi,9829.350438308715,Medium
1698,Sharjah,9828.556521081924,Medium
4714,Abu Dhabi,9828.459986805918,Medium
1925,Sharjah,9828.228091001512,Medium
3168,Dubai,9826.857977199556,Medium
2556,Abu Dhabi,9826.676991558075,Medium
4389,Sharjah,9826.309495115283,Medium
3805,Sharjah,9825.960055708885,Medium
4978,Abu Dhabi,9824.337432444097,Medium
4334,Dubai,9824.031592178344,Medium
1911,Abu Dhabi,9823.129529082775,Medium
658,Dubai,9822.82906727791,Medium
4071,Dubai,9820.838467824458,Medium
2894,Abu Dhabi,9820.774005460737,Medium
251,Dubai,9820.051458191874,Medium
4223,Dubai,9819.301478886602,Medium
4842,Dubai,9816.075097560883,Medium
4409,Sharjah,9814.093478393555,Medium
207,Abu Dhabi,9813.958386039734,Medium
4674,Dubai,9812.383405089378,Medium
3929,Abu Dhabi,9811.155065941812,Medium
3584,Dubai,9810.46597790718,Medium
1656,Dubai,9810.412476825715,Medium
2827,Sharjah,9808.01105082035,Medium
1742,Abu Dhabi,9805.707977628706,Medium
2500,Dubai,9804.877937483789,Medium
1048,Dubai,9804.188401198388,Medium
2237,Sharjah,9799.604971873758,Medium
1318,Dubai,9799.457467865943,Medium
3746,Abu Dhabi,9798.803478598595,Medium
4222,Dubai,9798.674917674061,Medium
2392,Dubai,9798.57197520733,Medium
4498,Dubai,9797.414963006973,Medium
2978,Sharjah,9796.778435993197,Medium
3620,Sharjah,9796.49245388508,Medium
4120,Sharjah,9794.420475101471,Medium
3500,Dubai,9794.12950797081,Medium
1110,Sharjah,9793.208000564577,Medium
4804,Dubai,9791.860059237479,Medium
2784,Abu Dhabi,9790.09796886444,Medium
3137,Dubai,9789.657964086531,Medium
2525,Dubai,9788.64545044899,Medium
2097,Dubai,9788.270987081527,Medium
3721,Sharjah,9788.207968282697,Medium
951,Dubai,9787.024011039735,Medium
2210,Sharjah,9784.430479955676,Medium
4183,Abu Dhabi,9784.008477544785,Medium
3722,Sharjah,9783.172528457642,Medium
3607,Dubai,9781.462541341783,Medium
121,Sharjah,9781.42547006607,Medium
3434,Dubai,9779.041508460043,Medium
4026,Sharjah,9777.97999968529,Medium
4728,Dubai,9777.700969052315,Medium
3061,Dubai,9776.664483261111,Medium
3279,Dubai,9775.974929285048,Medium
4711,Dubai,9775.18746676445,Medium
3116,Abu Dhabi,9775.139012718199,Medium
1176,Sharjah,9773.916523146629,Medium
188,Abu Dhabi,9771.875568652153,Medium
2108,Abu Dhabi,9769.578039979935,Medium
1521,Dubai,9768.661541223526,Medium
4126,Dubai,9767.684485602378,Medium
1492,Dubai,9766.70794155598,Medium
2862,Sharjah,9766.644478201866,Medium
4266,Sharjah,9766.216957044602,Medium
165,Dubai,9765.77944595814,Medium
234,Dubai,9764.545473122596,Medium
1837,Dubai,9764.11344060898,Medium
1313,Dubai,9763.65851955414,Medium
1601,Abu Dhabi,9762.415994739533,Medium
3957,Abu Dhabi,9758.422498846054,Medium
4012,Abu Dhabi,9758.37047672272,Medium
1819,Dubai,9758.194949054716,Medium
3768,Dubai,9758.163978958128,Medium
4795,Abu Dhabi,9756.87157216072,Medium
2433,Dubai,9754.667476511004,Medium
465,Dubai,9754.05000886917,Medium
3021,Sharjah,9753.812998628615,Medium
4817,Abu Dhabi,9753.260998749733,Medium
2094,Dubai,9752.913962030412,Medium
4773,Abu Dhabi,9751.534478163716,Medium
1949,Dubai,9747.353071069718,Medium
37,Dubai,9747.25800280571,Medium
2826,Dubai,9746.352056980133,Medium
1001,Sharjah,9746.347938466073,Medium
1514,Sharjah,9745.700014138221,Medium
4688,Abu Dhabi,9744.313509654998,Medium
4700,Abu Dhabi,9744.198932623864,Medium
146,Sharjah,9742.611001706127,Medium
2883,Abu Dhabi,9742.40096628666,Medium
1157,Dubai,9741.779968118666,Medium
2468,Abu Dhabi,9741.44548521042,Medium
1340,Dubai,9740.578412532806,Medium
3626,Dubai,9738.61294426918,Medium
1059,Abu Dhabi,9736.685402965544,Medium
1473,Abu Dhabi,9736.480479049686,Medium
343,Sharjah,9735.886032128336,Medium
1579,Abu Dhabi,9735.448485827446,Medium
2168,Dubai,9734.500533270835,Medium
19,Sharjah,9734.224031853675,Medium
2263,Dubai,9733.301479077338,Medium
3731,Abu Dhabi,9733.287521791457,Medium
109,Abu Dhabi,9733.107050704955,Medium
387,Abu Dhabi,9730.864545083046,Medium
816,Sharjah,9728.515018463135,Medium
2335,Dubai,9727.44351811409,Medium
592,Dubai,9727.08540596962,Medium
90,Dubai,9726.896965789794,Medium
327,Dubai,9726.378519678117,Medium
2637,Dubai,9725.400868749617,Medium
2661,Dubai,9725.048450303078,Medium
2701,Sharjah,9724.924453473091,Medium
2646,Dubai,9722.331493139269,Medium
4219,Abu Dhabi,9719.9284678936,Medium
18,Dubai,9717.976522541047,Medium
869,Abu Dhabi,9716.421517038345,Medium
1178,Sharjah,9715.826958274843,Medium
2098,Dubai,9714.847501516344,Medium
2074,Abu Dhabi,9713.083482980728,Medium
1091,Abu Dhabi,9712.742486572264,Medium
328,Dubai,9712.671992778778,Medium
1673,Dubai,9712.277494025231,Medium
1910,Abu Dhabi,9711.66399099827,Medium
2572,Dubai,9711.363024163242,Medium
2885,Dubai,9711.251980304718,Medium
2536,Dubai,9709.011417412756,Medium
4715,Dubai,9708.781521558763,Medium
4259,Abu Dhabi,9708.451951503754,Medium
347,Dubai,9707.978012704849,Medium
2323,Sharjah,9707.901915371414,Medium
1781,Dubai,9706.949476957321,Medium
3837,Sharjah,9704.15047312975,Medium
670,Dubai,9704.024998807909,Medium
2709,Dubai,9703.924456024171,Medium
385,Dubai,9703.129446101188,Medium
2286,Dubai,9702.25401620865,Medium
881,Sharjah,9702.039993047714,Medium
789,Abu Dhabi,9700.94946163893,Medium
2716,Dubai,9700.183071660993,Medium
3742,Sharjah,9697.500481915476,Medium
750,Dubai,9696.009022641183,Medium
3944,Abu Dhabi,9695.578443837165,Medium
183,Abu Dhabi,9695.327033257483,Medium
4771,Abu Dhabi,9695.312564539909,Medium
1801,Sharjah,9694.786461496355,Medium
1129,Dubai,9693.327995991707,Medium
1466,Abu Dhabi,9691.917486572263,Medium
1915,Abu Dhabi,9690.916461372377,Medium
3994,Sharjah,9689.076551771164,Medium
33,Sharjah,9688.496025013921,Medium
160,Dubai,9686.50553460121,Medium
4918,Dubai,9686.384481072428,Medium
1448,Dubai,9684.656535053253,Medium
3884,Dubai,9684.407969999313,Medium
2329,Abu Dhabi,9683.043981933595,Medium
3689,Abu Dhabi,9681.73394546509,Medium
3108,Dubai,9681.493450117112,Medium
4878,Abu Dhabi,9679.250011348722,Medium
777,Dubai,9678.582893013952,Medium
4353,Dubai,9678.456472587586,Medium
4635,Dubai,9677.426490306854,Medium
1460,Dubai,9676.04346253872,Medium
3290,Abu Dhabi,9675.471951973437,Medium
450,Sharjah,9674.480498170853,Medium
407,Sharjah,9673.716433811189,Medium
4439,Dubai,9673.12203826904,Medium
2706,Abu Dhabi,9672.673992562297,Medium
1891,Dubai,9671.83199224472,Medium
3180,Sharjah,9671.322403383254,Medium
3474,Dubai,9670.318986439705,Medium
2296,Dubai,9667.968978071209,Medium
1415,Abu Dhabi,9665.95904698372,Medium
683,Abu Dhabi,9665.641441059117,Medium
3150,Abu Dhabi,9665.517534184455,Medium
4889,Abu Dhabi,9664.634468579292,Medium
2685,Sharjah,9663.504513335227,Medium
4073,Dubai,9662.479958868027,Medium
585,Dubai,9662.25146692991,Medium
4787,Dubai,9660.33595609665,Medium
4364,Dubai,9659.751975893976,Medium
2116,Abu Dhabi,9657.89602804184,Medium
3241,Sharjah,9657.371523094174,Medium
3354,Dubai,9656.668525743486,Medium
1990,Sharjah,9656.497509312629,Medium
2241,Dubai,9653.429949831961,Medium
4654,Dubai,9652.443463468553,Medium
3916,Abu Dhabi,9651.544034159184,Medium
3632,Dubai,9651.051977276804,Medium
3248,Dubai,9650.876512646671,Medium
2994,Dubai,9650.751419639588,Medium
2399,Dubai,9650.708425152301,Medium
2811,Dubai,9649.554053831102,Medium
2045,Dubai,9648.668003273011,Medium
4362,Sharjah,9648.427436733245,Medium
3648,Abu Dhabi,9648.288523197172,Medium
3807,Sharjah,9646.123485720158,Medium
635,Sharjah,9645.65292699337,Medium
3581,Sharjah,9645.386534404755,Medium
3316,Dubai,9643.04999215603,Medium
4165,Dubai,9642.707479333878,Medium
3414,Dubai,9642.360028672214,Medium
530,Abu Dhabi,9641.632511997223,Medium
2814,Dubai,9641.139519548415,Medium
2282,Abu Dhabi,9639.800479555128,Medium
3625,Sharjah,9639.488962888716,Medium
4261,Abu Dhabi,9637.540448498728,Medium
2259,Dubai,9636.086414003372,Medium
3881,Dubai,9635.188996124267,Medium
3755,Dubai,9633.091982507707,Medium
1441,Dubai,9630.492522740366,Medium
3710,Abu Dhabi,9628.971479177477,Medium
2947,Dubai,9627.481535935403,Medium
2150,Abu Dhabi,9627.208939647675,Medium
3971,Dubai,9626.774420642852,Medium
3530,Dubai,9625.658980441094,Medium
3058,Abu Dhabi,9625.424983143805,Medium
2172,Dubai,9624.933956193925,Medium
1994,Dubai,9624.720465469363,Medium
2634,Sharjah,9624.259016275406,Medium
4905,Dubai,9622.712940120698,Medium
3366,Abu Dhabi,9622.613555526734,Medium
1950,Dubai,9621.8119617939,Medium
3904,Dubai,9619.75138838291,Medium
4237,Sharjah,9618.112937498094,Medium
2049,Dubai,9617.991937422752,Medium
1923,Dubai,9617.696962857246,Medium
536,Dubai,9616.619479560852,Medium
2320,Dubai,9615.061530447008,Medium
1109,Dubai,9614.693998265268,Medium
3777,Dubai,9614.296557688713,Medium
3048,Dubai,9613.147010350227,Medium
4620,Dubai,9612.902477097508,Medium
114,Abu Dhabi,9609.316521406174,Medium
732,Abu Dhabi,9608.762081432342,Medium
197,Dubai,9608.016958546637,Medium
101,Abu Dhabi,9607.170983457565,Medium
2641,Abu Dhabi,9606.861468601228,Medium
1577,Dubai,9605.726957559587,Medium
3877,Dubai,9604.657484388352,Medium
2442,Abu Dhabi,9604.198477983477,Medium
1382,Abu Dhabi,9604.079051709177,Medium
613,Dubai,9603.203432488443,Medium
3654,Abu Dhabi,9602.746473622321,Medium
3372,Abu Dhabi,9602.013062000273,Medium
1929,Dubai,9601.903985190393,Medium
485,Abu Dhabi,9601.374962759017,Medium
1467,Sharjah,9601.157444381714,Medium
2357,Sharjah,9600.523027086261,Medium
263,Sharjah,9599.50897078514,Medium
3737,Dubai,9598.81749153137,Medium
2933,Sharjah,9598.508591747282,Medium
4052,Dubai,9597.833459687234,Medium
2666,Dubai,9597.258951330183,Medium
138,Abu Dhabi,9596.876064300537,Medium
1499,Dubai,9596.369028043746,Medium
259,Dubai,9593.954029226303,Medium
3479,Dubai,9590.974998497963,Medium
4951,Dubai,9590.546933674814,Medium
3601,Sharjah,9590.393517518043,Medium
4821,Abu Dhabi,9588.88457825184,Medium
1395,Abu Dhabi,9588.714501166343,Medium
1162,Dubai,9588.712953805923,Medium
3223,Dubai,9588.59202888012,Medium
2745,Dubai,9588.523028874399,Medium
4077,Abu Dhabi,9587.128524374963,Medium
4908,Dubai,9585.850977492335,Medium
3851,Dubai,9584.635952472687,Medium
771,Dubai,9582.86151089668,Medium
4625,Dubai,9581.502934741975,Medium
4697,Abu Dhabi,9580.472507286071,Medium
3776,Sharjah,9580.383490955832,Medium
4770,Dubai,9580.132016777994,Medium
292,Dubai,9579.97501912117,Medium
3685,Abu Dhabi,9579.74604973793,Medium
1396,Sharjah,9579.001946783064,Medium
3876,Dubai,9575.732510447504,Medium
1510,Sharjah,9572.865488195417,Medium
1793,Dubai,9572.416517627242,Medium
3510,Dubai,9572.15751309395,Medium
3284,Abu Dhabi,9571.350455939772,Medium
1128,Sharjah,9569.553471374511,Medium
3661,Abu Dhabi,9568.863919734955,Medium
2988,Dubai,9568.31051260233,Medium
3549,Dubai,9567.968461608885,Medium
1509,Dubai,9567.458442592619,Medium
2379,Dubai,9567.255470728875,Medium
4596,Abu Dhabi,9566.374982786181,Medium
4284,Sharjah,9566.34849743843,Medium
4141,Dubai,9566.03945622444,Medium
1113,Dubai,9565.448955631255,Medium
814,Dubai,9564.96246151924,Medium
833,Dubai,9564.811473608015,Medium
720,Dubai,9564.365955829619,Medium
1557,Dubai,9563.528922510146,Medium
2736,Dubai,9563.350945401191,Medium
4451,Dubai,9562.157467699051,Medium
4453,Dubai,9561.290494894984,Medium
3034,Dubai,9559.620497751237,Medium
1580,Dubai,9557.722547149659,Medium
1887,Abu Dhabi,9557.103473794461,Medium
4755,Dubai,9556.585916996004,Medium
3757,Abu Dhabi,9555.823516273498,Medium
3785,Sharjah,9553.82402689457,Medium
2929,Abu Dhabi,9552.378912115099,Medium
346,Dubai,9550.675917959214,Medium
923,Dubai,9548.766516637803,Medium
975,Dubai,9548.656920862197,Medium
4035,Abu Dhabi,9548.058018970489,Medium
1224,Dubai,9547.110940766335,Medium
2537,Dubai,9546.852974677087,Medium
4314,Dubai,9544.941016983987,Medium
3728,Dubai,9544.742931556699,Medium
4419,Abu Dhabi,9544.006930065152,Medium
3949,Dubai,9543.902492332458,Medium
4031,Dubai,9543.172948217392,Medium
3787,Sharjah,9542.710958385467,Medium
4941,Dubai,9541.290054416659,Medium
2234,Dubai,9541.143487358093,Medium
4516,Abu Dhabi,9540.825981116295,Medium
4964,Dubai,9539.305954504012,Medium
737,Dubai,9536.286001777647,Medium
4276,Abu Dhabi,9536.090451192857,Medium
469,Abu Dhabi,9535.494455277922,Medium
4464,Abu Dhabi,9532.983022093773,Medium
1650,Dubai,9531.964474749566,Medium
2617,Dubai,9531.306985139845,Medium
420,Dubai,9530.527056741716,Medium
2990,Dubai,9530.358518671992,Medium
1778,Dubai,9529.594946861267,Medium
2777,Abu Dhabi,9528.348969507215,Medium
1151,Dubai,9528.311448502538,Medium
2945,Dubai,9527.554971742631,Medium
8,Dubai,9527.533478069307,Medium
790,Sharjah,9526.891507959364,Medium
1339,Dubai,9526.389520978928,Medium
4034,Dubai,9526.206516194343,Medium
2067,Dubai,9526.028454637526,Medium
3282,Dubai,9525.347458028793,Medium
4326,Abu Dhabi,9525.279002118112,Medium
80,Abu Dhabi,9524.97339963913,Medium
1952,Dubai,9524.695460557938,Medium
4072,Abu Dhabi,9524.651981139184,Medium
2304,Dubai,9523.387068438527,Medium
4138,Dubai,9523.234536552429,Medium
2645,Abu Dhabi,9522.673968219755,Medium
1860,Dubai,9521.868495810033,Medium
2146,Dubai,9519.328499865533,Medium
3945,Dubai,9519.238002943994,Medium
361,Dubai,9518.477465200425,Medium
2719,Dubai,9518.27199392319,Medium
4980,Sharjah,9517.694882655145,Medium
2915,Sharjah,9516.932039928437,Medium
1227,Dubai,9516.75049879551,Medium
2861,Dubai,9516.70151491165,Medium
311,Sharjah,9515.391000413894,Medium
1669,Dubai,9515.116554045677,Medium
3307,Dubai,9515.061946344376,Medium
4832,Abu Dhabi,9514.2099971056,Medium
1422,Abu Dhabi,9514.024873876571,Medium
4565,Abu Dhabi,9512.292936062813,Medium
813,Dubai,9508.664005994793,Medium
4598,Abu Dhabi,9508.00249630213,Medium
4709,Dubai,9505.06591644287,Medium
1800,Sharjah,9504.885494494436,Medium
1634,Abu Dhabi,9504.601951360703,Medium
2202,Abu Dhabi,9504.228514981269,Medium
210,Sharjah,9504.04895427227,Medium
1299,Dubai,9501.861534404754,Medium
1556,Dubai,9500.375929617881,Medium
1747,Dubai,9499.109992504122,Medium
2224,Dubai,9498.86949510574,Medium
326,Abu Dhabi,9498.147987771035,Medium
4379,Dubai,9495.218480658532,Medium
2214,Sharjah,9492.475903606417,Medium
2333,Dubai,9491.185425615313,Medium
902,Sharjah,9490.600937891006,Medium
113,Dubai,9489.804037332535,Medium
830,Dubai,9489.048006272316,Medium
2948,Dubai,9488.763521003722,Medium
4921,Dubai,9488.402463769913,Medium
4899,Dubai,9487.82046391964,Medium
2140,Sharjah,9485.600508403777,Medium
4985,Abu Dhabi,9485.56995666027,Medium
3732,Abu Dhabi,9485.255458259579,Medium
2132,Abu Dhabi,9484.90003259182,Medium
1374,Sharjah,9484.195468139647,Medium
4902,Sharjah,9483.73798545599,Medium
2907,Abu Dhabi,9483.051860857011,Medium
3227,Dubai,9482.78498466015,Medium
1463,Dubai,9482.115954613688,Medium
1108,Abu Dhabi,9481.551427364351,Medium
3233,Dubai,9481.280498719214,Medium
2503,Dubai,9480.980024147033,Medium
1325,Dubai,9479.529030704498,Medium
1858,Abu Dhabi,9478.20649187565,Medium
2464,Dubai,9476.904009389877,Medium
2051,Dubai,9476.376967811584,Medium
4129,Dubai,9476.277963829041,Medium
4042,Dubai,9475.441439151764,Medium
4590,Dubai,9475.417981362347,Medium
59,Sharjah,9475.220038652418,Medium
1881,Abu Dhabi,9474.668010032176,Medium
4961,Abu Dhabi,9472.637510466577,Medium
2871,Abu Dhabi,9470.172465133666,Medium
3481,Sharjah,9469.421995496752,Medium
1880,Dubai,9469.079013490677,Medium
3394,Dubai,9468.58048634529,Medium
2422,Sharjah,9466.4325953722,Medium
1116,Abu Dhabi,9466.362953233718,Medium
3270,Dubai,9466.034957909584,Medium
2372,Sharjah,9465.933516645435,Medium
3482,Sharjah,9465.12049231529,Medium
178,Abu Dhabi,9464.339996719356,Medium
3207,Abu Dhabi,9463.3840446949,Medium
1133,Abu Dhabi,9462.861011958123,Medium
1274,Dubai,9461.638019466402,Medium
2155,Dubai,9461.558433985709,Medium
2601,Abu Dhabi,9461.164517307281,Medium
4666,Dubai,9460.207482028009,Medium
1904,Dubai,9459.27752997875,Medium
1011,Dubai,9457.94997177124,Medium
435,Dubai,9456.711490368843,Medium
4552,Dubai,9456.634498524669,Medium
1668,Abu Dhabi,9455.85892906189,Medium
204,Sharjah,9450.731554222108,Medium
2489,Abu Dhabi,9449.72654659748,Medium
1755,Dubai,9449.647908139228,Medium
2790,Dubai,9449.583471536635,Medium
1022,Sharjah,9449.26799433231,Medium
1038,Abu Dhabi,9448.662492895126,Medium
1203,Dubai,9448.25495812893,Medium
3694,Dubai,9447.455937623981,Medium
378,Dubai,9447.131485199927,Medium
4115,Abu Dhabi,9446.223454189301,Medium
2095,Dubai,9445.992563676835,Medium
1526,Sharjah,9444.394019877911,Medium
1844,Dubai,9444.01343255043,Medium
2083,Sharjah,9441.980023097993,Medium
1613,Sharjah,9439.920948123932,Medium
3220,Dubai,9439.548999118804,Medium
3428,Dubai,9438.600556707384,Medium
3996,Abu Dhabi,9437.304460525513,Medium
4912,Dubai,9437.22148375511,Medium
2867,Dubai,9436.281002092359,Medium
1335,Abu Dhabi,9435.082455182075,Medium
2704,Dubai,9434.551503562923,Medium
3251,Dubai,9434.508435952663,Medium
3152,Dubai,9434.255069875713,Medium
2287,Abu Dhabi,9433.03041497469,Medium
2881,Abu Dhabi,9432.643011283873,Medium
2794,Abu Dhabi,9431.794383096696,Medium
3850,Abu Dhabi,9431.631482458113,Medium
1879,Sharjah,9429.276007127763,Medium
645,Sharjah,9429.157475280761,Medium
3154,Dubai,9428.586892604828,Medium
1584,Dubai,9427.720968174934,Medium
312,Dubai,9427.672502422332,Medium
50,Abu Dhabi,9426.378542995451,Medium
3196,Dubai,9425.401508331299,Medium
4255,Dubai,9425.024452280997,Medium
4856,Abu Dhabi,9424.768529272078,Medium
594,Abu Dhabi,9422.711462950709,Medium
1944,Dubai,9420.947943973539,Medium
95,Sharjah,9420.267035663126,Medium
4357,Abu Dhabi,9420.192482042312,Medium
3652,Abu Dhabi,9417.503475475309,Medium
513,Dubai,9417.430981516838,Medium
2507,Dubai,9417.321058940888,Medium
3369,Dubai,9415.790996408463,Medium
2738,Abu Dhabi,9415.246925520896,Medium
3634,Dubai,9414.984026885033,Medium
4135,Dubai,9414.64501543045,Medium
4127,Abu Dhabi,9412.679490900042,Medium
2766,Dubai,9412.405904150008,Medium
3828,Dubai,9412.280600023269,Medium
2937,Dubai,9411.52005467415,Medium
3425,Sharjah,9409.73792402744,Medium
3334,Dubai,9408.966952300074,Medium
3076,Dubai,9408.75701944828,Medium
2770,Dubai,9407.662467098236,Medium
842,Abu Dhabi,9407.19145553112,Medium
882,Dubai,9405.008017134664,Medium
228,Sharjah,9404.946039223672,Medium
680,Dubai,9404.564932608604,Medium
4739,Abu Dhabi,9403.10047364235,Medium
2191,Dubai,9401.107944619655,Medium
491,Dubai,9400.885932230949,Medium
4101,Dubai,9400.155021262171,Medium
4208,Dubai,9400.052987480165,Medium
4040,Sharjah,9399.57700076103,Medium
2087,Dubai,9398.839980030063,Medium
4737,Sharjah,9396.76649230719,Medium
2381,Sharjah,9396.071484398843,Medium
1388,Dubai,9395.899481666089,Medium
4051,Dubai,9393.623968696596,Medium
744,Dubai,9392.989508342745,Medium
2876,Dubai,9391.449451637267,Medium
1868,Dubai,9390.137995207311,Medium
184,Dubai,9389.8189642787,Medium
3954,Dubai,9389.324939870834,Medium
2742,Sharjah,9388.238478350639,Medium
3660,Sharjah,9387.651985025404,Medium
4574,Dubai,9385.891543722153,Medium
1280,Dubai,9385.664473104476,Medium
1909,Sharjah,9383.253498768807,Medium
72,Dubai,9382.84345703125,Medium
1152,Dubai,9381.070477747915,Medium
4131,Abu Dhabi,9380.57197070122,Medium
840,Dubai,9379.72593665123,Medium
3357,Dubai,9378.243980765345,Medium
2940,Dubai,9377.823510122298,Medium
3136,Dubai,9376.65997760296,Medium
4780,Abu Dhabi,9375.919501304626,Medium
1841,Sharjah,9375.839470148085,Medium
3006,Dubai,9372.321502637866,Medium
2456,Abu Dhabi,9372.235518312453,Medium
3533,Sharjah,9371.74147450924,Medium
804,Dubai,9371.092504787448,Medium
1886,Sharjah,9370.17852551937,Medium
2404,Dubai,9368.8919403553,Medium
3243,Abu Dhabi,9368.855539739134,Medium
93,Dubai,9368.606023788454,Medium
4519,Dubai,9367.232932901381,Medium
1053,Sharjah,9366.263459277152,Medium
1424,Dubai,9365.935001707076,Medium
1471,Dubai,9362.7504884243,Medium
4164,Dubai,9362.462522983551,Medium
4984,Dubai,9360.088483023643,Medium
696,Abu Dhabi,9358.167033672333,Medium
4312,Sharjah,9357.508063793182,Medium
2070,Abu Dhabi,9356.869962215425,Medium
4838,Dubai,9356.647982335091,Medium
4066,Dubai,9356.614013147353,Medium
2481,Dubai,9356.428492689134,Medium
773,Dubai,9355.931002259253,Medium
2901,Abu Dhabi,9355.283044958112,Medium
4045,Abu Dhabi,9352.349999451639,Medium
4226,Sharjah,9352.07897233963,Medium
1816,Abu Dhabi,9351.050486922264,Medium
2803,Sharjah,9350.597465276716,Medium
2367,Dubai,9349.131413125993,Medium
3574,Dubai,9349.130937921998,Medium
1376,Dubai,9348.503567266462,Medium
826,Abu Dhabi,9347.044497799874,Medium
4260,Sharjah,9346.59854540825,Medium
2019,Sharjah,9346.572522830962,Medium
41,Abu Dhabi,9345.953442502025,Medium
1296,Dubai,9345.250965452195,Medium
2722,Abu Dhabi,9343.279484534263,Medium
4054,Dubai,9343.187474370003,Medium
430,Dubai,9340.835905098918,Medium
4830,Dubai,9340.469025623797,Medium
2553,Sharjah,9340.179907083511,Medium
35,Dubai,9338.848979520797,Medium
2285,Abu Dhabi,9337.517986774443,Medium
4670,Sharjah,9337.39800357819,Medium
2343,Dubai,9336.645001077652,Medium
3539,Abu Dhabi,9335.644454216957,Medium
1323,Dubai,9332.28797893524,Medium
4253,Abu Dhabi,9329.46500558853,Medium
3059,Dubai,9328.565543222427,Medium
2726,Abu Dhabi,9326.08895511627,Medium
4926,Sharjah,9325.396447610858,Medium
4759,Sharjah,9325.045487952231,Medium
1330,Abu Dhabi,9321.580523490904,Medium
1159,Abu Dhabi,9320.665981459619,Medium
4687,Dubai,9318.809021544455,Medium
2723,Dubai,9317.339059114454,Medium
2773,Abu Dhabi,9316.753987312317,Medium
3690,Dubai,9313.316006374356,Medium
4987,Sharjah,9309.847969484328,Medium
4866,Sharjah,9309.028518736362,Medium
2674,Sharjah,9308.071955657006,Medium
148,Abu Dhabi,9306.316032147406,Medium
3011,Dubai,9303.870059394838,Medium
2213,Dubai,9303.272510075569,Medium
587,Sharjah,9301.36398937702,Medium
753,Dubai,9301.19850759506,Medium
2665,Abu Dhabi,9301.10898542404,Medium
1873,Abu Dhabi,9300.573557472228,Medium
2760,Abu Dhabi,9299.800424909594,Medium
718,Dubai,9299.522579813005,Medium
853,Dubai,9298.996507263184,Medium
349,Dubai,9298.3180495739,Medium
264,Dubai,9297.781013321877,Medium
1932,Abu Dhabi,9297.777000021935,Medium
3029,Abu Dhabi,9297.035518407822,Medium
1034,Dubai,9296.469056200982,Medium
891,Dubai,9295.632006120682,Medium
1608,Dubai,9295.59299411774,Medium
339,Dubai,9295.533963632583,Medium
1304,Dubai,9294.211553955078,Medium
755,Abu Dhabi,9293.66853823662,Medium
3846,Dubai,9293.576009917258,Medium
1901,Dubai,9293.570946645734,Medium
770,Abu Dhabi,9292.537442064284,Medium
1839,Dubai,9291.629971361162,Medium
2006,Dubai,9291.556349027158,Medium
439,Sharjah,9288.24098879099,Medium
3657,Dubai,9287.632017421724,Medium
3040,Abu Dhabi,9284.052071261407,Medium
602,Dubai,9284.020053672792,Medium
3993,Abu Dhabi,9283.473037528991,Medium
4007,Abu Dhabi,9279.674018979074,Medium
1736,Dubai,9279.437009334562,Medium
539,Dubai,9279.061980628967,Medium
1908,Sharjah,9277.245991563797,Medium
2415,Dubai,9276.897521758077,Medium
4281,Dubai,9276.628455209733,Medium
1443,Dubai,9276.420972537993,Medium
2112,Sharjah,9274.895970773696,Medium
2041,Abu Dhabi,9274.713525223731,Medium
76,Sharjah,9272.245417046546,Medium
1956,Sharjah,9271.46503651142,Medium
3268,Sharjah,9270.960534143449,Medium
1196,Dubai,9269.122450804713,Medium
2528,Sharjah,9265.411454916002,Medium
1016,Dubai,9261.426996064187,Medium
1080,Sharjah,9261.059068894387,Medium
3761,Abu Dhabi,9260.672088193893,Medium
232,Sharjah,9260.533994007112,Medium
948,Sharjah,9258.916542768477,Medium
1861,Sharjah,9257.817024564743,Medium
544,Abu Dhabi,9257.61643779278,Medium
391,Dubai,9257.315425848961,Medium
1680,Abu Dhabi,9256.552042746544,Medium
3466,Abu Dhabi,9256.250987124442,Medium
671,Abu Dhabi,9255.563467645645,Medium
2334,Sharjah,9254.661928939817,Medium
3509,Dubai,9253.796015143394,Medium
4642,Dubai,9253.681473231316,Medium
2816,Dubai,9253.47899864912,Medium
360,Dubai,9250.138434028626,Medium
4772,Abu Dhabi,9248.641511559486,Medium
1005,Abu Dhabi,9243.898919105528,Medium
111,Abu Dhabi,9242.361516022682,Medium
2969,Abu Dhabi,9240.779458165169,Medium
1216,Abu Dhabi,9240.140914297104,Medium
304,Dubai,9239.278448772431,Medium
505,Dubai,9238.570487236975,Medium
3417,Abu Dhabi,9237.632971024512,Medium
4470,Abu Dhabi,9237.518500995635,Medium
2943,Dubai,9236.831022560596,Medium
1030,Dubai,9236.618512821198,Medium
1782,Sharjah,9235.07196483612,Medium
163,Abu Dhabi,9234.485498547554,Medium
1582,Abu Dhabi,9234.112487268447,Medium
3167,Abu Dhabi,9233.629013347625,Medium
3329,Sharjah,9231.847999620439,Medium
3177,Abu Dhabi,9227.885485219957,Medium
4128,Abu Dhabi,9227.079981994628,Medium
4555,Dubai,9227.043446278572,Medium
4095,Dubai,9226.832987427711,Medium
1676,Dubai,9226.75302915573,Medium
2373,Sharjah,9226.583538722994,Medium
563,Dubai,9225.231526803973,Medium
3005,Dubai,9224.616960048677,Medium
1470,Dubai,9224.354469251633,Medium
3589,Abu Dhabi,9219.514091801644,Medium
1307,Dubai,9218.164019870757,Medium
368,Dubai,9217.069526958467,Medium
2184,Dubai,9216.76449563503,Medium
3262,Sharjah,9215.63643013239,Medium
4275,Dubai,9213.09196805954,Medium
898,Dubai,9210.181935024262,Medium
2125,Abu Dhabi,9209.743071508408,Medium
2307,Abu Dhabi,9209.117050123214,Medium
4554,Sharjah,9207.730526399615,Medium
4232,Dubai,9206.995009207723,Medium
3947,Dubai,9205.894524121286,Medium
1337,Sharjah,9205.013024139404,Medium
100,Dubai,9204.088490009308,Medium
2542,Abu Dhabi,9201.8144500494,Medium
2298,Dubai,9200.831019449231,Medium
3974,Abu Dhabi,9200.408050060272,Medium
1907,Dubai,9198.672015166283,Medium
1281,Abu Dhabi,9198.040978503228,Medium
1469,Dubai,9198.034032750129,Medium
2082,Abu Dhabi,9197.91307375431,Medium
3612,Abu Dhabi,9197.403468966484,Medium
4349,Abu Dhabi,9197.052502727507,Medium
91,Sharjah,9196.423066329955,Medium
603,Dubai,9195.826955175398,Medium
484,Sharjah,9195.428518104552,Medium
1946,Abu Dhabi,9192.768441629409,Medium
3610,Sharjah,9190.141482996942,Medium
584,Sharjah,9190.036007165905,Medium
3142,Dubai,9189.38742916584,Medium
976,Dubai,9188.665020513534,Medium
4665,Dubai,9188.065031838416,Medium
2023,Dubai,9185.382452738286,Medium
3468,Dubai,9185.317479014395,Medium
2689,Abu Dhabi,9184.01048567295,Medium
1188,Dubai,9183.328018760683,Medium
3893,Sharjah,9181.745974636076,Medium
3098,Sharjah,9181.432465362546,Medium
2101,Dubai,9180.340983772277,Medium
4767,Abu Dhabi,9179.088507270815,Medium
4823,Dubai,9178.960002636908,Medium
287,Sharjah,9175.117010259628,Medium
2818,Dubai,9174.850969862937,Medium
277,Abu Dhabi,9173.799491763113,Medium
1366,Dubai,9172.818499422072,Medium
4958,Dubai,9171.319014382361,Medium
845,Dubai,9170.813518905643,Medium
2117,Dubai,9170.42798845768,Medium
4993,Abu Dhabi,9169.625942468643,Medium
3212,Sharjah,9165.414480352401,Medium
3338,Dubai,9164.621459007263,Medium
1241,Abu Dhabi,9163.619963026047,Medium
3800,Sharjah,9160.961461806299,Medium
3743,Sharjah,9159.4929728508,Medium
2062,Dubai,9158.219492244722,Medium
149,Dubai,9155.423958563804,Medium
2941,Abu Dhabi,9154.6734739542,Medium
2004,Dubai,9152.538992285728,Medium
2371,Dubai,9150.04499874115,Medium
2274,Sharjah,9148.914503598213,Medium
1456,Abu Dhabi,9148.317964053153,Medium
4159,Abu Dhabi,9148.280059742929,Medium
3333,Dubai,9144.277063417434,Medium
4061,Dubai,9144.043944740295,Medium
2504,Abu Dhabi,9142.186523771286,Medium
3018,Abu Dhabi,9139.999001240729,Medium
3222,Dubai,9139.357954645155,Medium
3360,Dubai,9139.186966466903,Medium
3998,Dubai,9138.731465435028,Medium
221,Dubai,9137.000464510918,Medium
4096,Abu Dhabi,9136.951550483704,Medium
794,Abu Dhabi,9136.36895160675,Medium
4777,Dubai,9136.282992243767,Medium
4225,Sharjah,9136.232478117945,Medium
1136,Dubai,9134.304978609083,Medium
1605,Dubai,9132.040999579429,Medium
1354,Dubai,9132.038525247572,Medium
2565,Dubai,9131.781524705888,Medium
4291,Abu Dhabi,9128.58999361992,Medium
2789,Dubai,9125.025506544114,Medium
1831,Abu Dhabi,9122.903977620603,Medium
3872,Dubai,9122.553488230706,Medium
3109,Abu Dhabi,9121.114969253538,Medium
4935,Dubai,9120.896479988098,Medium
281,Dubai,9120.415010881425,Medium
4292,Sharjah,9118.388491308688,Medium
1383,Abu Dhabi,9117.960468792919,Medium
581,Abu Dhabi,9117.049945211409,Medium
1588,Sharjah,9116.98400952816,Medium
4186,Dubai,9114.727929544451,Medium
1075,Dubai,9113.602082490923,Medium
4531,Abu Dhabi,9111.709538602829,Medium
1378,Dubai,9110.28151292801,Medium
2916,Dubai,9109.616956996917,Medium
3842,Abu Dhabi,9109.257981801033,Medium
2078,Abu Dhabi,9109.021504354476,Medium
943,Dubai,9105.292964553832,Medium
2655,Dubai,9103.166943836213,Medium
4746,Abu Dhabi,9101.679952859879,Medium
1767,Dubai,9097.809505534171,Medium
3274,Dubai,9097.785045242308,Medium
1454,Dubai,9097.705433464049,Medium
4491,Sharjah,9096.440527319908,Medium
4967,Abu Dhabi,9094.155453157426,Medium
1803,Abu Dhabi,9090.48955001831,Medium
4549,Abu Dhabi,9089.74042775631,Medium
1823,Dubai,9086.499461650848,Medium
198,Abu Dhabi,9086.045996689796,Medium
1972,Abu Dhabi,9085.687510347367,Medium
3133,Abu Dhabi,9084.114501500131,Medium
3907,Dubai,9083.387011694911,Medium
1684,Dubai,9081.615423226356,Medium
4153,Sharjah,9080.9369648695,Medium
473,Dubai,9080.21745198965,Medium
4679,Sharjah,9079.528504776956,Medium
3260,Sharjah,9078.82495932579,Medium
4919,Sharjah,9078.705441665648,Medium
2305,Abu Dhabi,9078.17054727077,Medium
3230,Abu Dhabi,9077.000959777833,Medium
774,Dubai,9076.091010475158,Medium
1649,Dubai,9073.306424832343,Medium
3311,Dubai,9073.269435071943,Medium
376,Dubai,9072.394030332565,Medium
877,Dubai,9072.291088294982,Medium
1849,Dubai,9072.282923460007,Medium
2788,Dubai,9070.431500768664,Medium
1617,Dubai,9068.985477256776,Medium
1168,Dubai,9068.897959995269,Medium
2583,Sharjah,9068.224921512603,Medium
2332,Dubai,9067.569464182852,Medium
3886,Dubai,9066.39854154587,Medium
1512,Sharjah,9066.214968085287,Medium
3543,Sharjah,9066.186968612672,Medium
4581,Dubai,9065.7179312706,Medium
2322,Dubai,9063.488486254215,Medium
3763,Abu Dhabi,9062.679462552069,Medium
3380,Sharjah,9062.61544954777,Medium
2566,Dubai,9061.282458138467,Medium
2430,Abu Dhabi,9061.02300438881,Medium
2151,Sharjah,9060.216429316997,Medium
4561,Sharjah,9058.615950345991,Medium
1356,Sharjah,9056.098490214348,Medium
2401,Abu Dhabi,9051.689044809342,Medium
1222,Abu Dhabi,9051.201514530181,Medium
1541,Abu Dhabi,9050.521519565584,Medium
2388,Dubai,9049.117511224746,Medium
2705,Sharjah,9048.142931556702,Medium
4202,Sharjah,9047.937978696822,Medium
3532,Dubai,9047.234956037999,Medium
2249,Abu Dhabi,9046.808966302871,Medium
1052,Sharjah,9046.77846570015,Medium
4846,Sharjah,9045.65103724003,Medium
482,Abu Dhabi,9045.014492487908,Medium
4069,Dubai,9041.265489053727,Medium
4090,Dubai,9039.099917078018,Medium
2145,Sharjah,9036.81499774456,Medium
4718,Sharjah,9035.952002763746,Medium
3106,Abu Dhabi,9035.330531740192,Medium
3062,Sharjah,9035.16796681881,Medium
4747,Sharjah,9034.586441254613,Medium
1392,Dubai,9034.159456944468,Medium
4799,Dubai,9032.241427636149,Medium
2997,Dubai,9031.56297595501,Medium
4543,Abu Dhabi,9028.918454551693,Medium
3236,Abu Dhabi,9028.917026519775,Medium
4610,Dubai,9028.755957937241,Medium
4815,Dubai,9026.431035923957,Medium
2589,Dubai,9026.122044444082,Medium
1754,Dubai,9024.5514942646,Medium
904,Dubai,9022.510968470575,Medium
4322,Dubai,9021.42399094105,Medium
1523,Dubai,9020.391436290742,Medium
2031,Dubai,9017.874948632716,Medium
1220,Dubai,9016.321497130397,Medium
1015,Sharjah,9013.356521737576,Medium
4852,Abu Dhabi,9011.556493425369,Medium
4672,Dubai,9011.260096359252,Medium
1820,Dubai,9011.095984363554,Medium
1040,Abu Dhabi,9010.586500406265,Medium
4059,Dubai,9008.329475212098,Medium
2873,Abu Dhabi,9005.953484201433,Medium
1084,Abu Dhabi,9000.61747355461,Medium
1455,Sharjah,9000.478963136673,Medium
2321,Dubai,8999.9815315485,Medium
2864,Dubai,8997.326478385925,Medium
2207,Abu Dhabi,8996.049562692644,Medium
3552,Abu Dhabi,8995.739502620698,Medium
1870,Abu Dhabi,8994.987997949123,Medium
3067,Abu Dhabi,8994.065510284901,Medium
591,Dubai,8992.146488165856,Medium
2139,Abu Dhabi,8989.59447851181,Medium
208,Abu Dhabi,8989.382004427911,Medium
3643,Abu Dhabi,8988.87498254776,Medium
1620,Abu Dhabi,8988.870528721809,Medium
2699,Abu Dhabi,8987.717952466011,Medium
849,Sharjah,8986.089479017259,Medium
2761,Dubai,8985.677944898605,Medium
4001,Dubai,8985.643503808975,Medium
2686,Sharjah,8983.324501371382,Medium
2769,Abu Dhabi,8983.2089987278,Medium
2785,Sharjah,8982.044546413425,Medium
4686,Dubai,8981.29594540596,Medium
1124,Abu Dhabi,8978.905048036577,Medium
717,Abu Dhabi,8976.680941474437,Medium
557,Sharjah,8975.74854412079,Medium
4682,Abu Dhabi,8975.201924061774,Medium
2605,Dubai,8974.750477695467,Medium
3923,Abu Dhabi,8973.47950720787,Medium
518,Dubai,8972.941048836708,Medium
575,Dubai,8972.612514066697,Medium
4397,Dubai,8970.57152285576,Medium
569,Sharjah,8969.649498820305,Medium
4161,Dubai,8969.447537517548,Medium
2167,Abu Dhabi,8965.847436904905,Medium
3302,Dubai,8965.78097052574,Medium
4091,Sharjah,8965.516934919358,Medium
1717,Abu Dhabi,8965.170469784738,Medium
2198,Abu Dhabi,8961.85296959877,Medium
686,Dubai,8961.422512769697,Medium
1331,Abu Dhabi,8959.2040920496,Medium
4650,Sharjah,8955.79451274872,Medium
4661,Dubai,8955.595514297484,Medium
605,Dubai,8954.775002145769,Medium
4716,Sharjah,8954.32998239994,Medium
266,Dubai,8954.205496740344,Medium
1567,Abu Dhabi,8953.139518022537,Medium
4592,Dubai,8951.093036770822,Medium
746,Dubai,8950.287520265578,Medium
2471,Abu Dhabi,8949.496022033692,Medium
4216,Abu Dhabi,8948.545000600818,Medium
537,Sharjah,8947.646552085875,Medium
1623,Dubai,8945.108512246607,Medium
1237,Dubai,8944.471012830734,Medium
2855,Dubai,8943.563425421715,Medium
4155,Abu Dhabi,8943.34250023365,Medium
280,Dubai,8940.792487049102,Medium
3576,Sharjah,8938.849468207358,Medium
2364,Dubai,8938.579978132248,Medium
900,Dubai,8937.609531402588,Medium
1552,Abu Dhabi,8937.572945547105,Medium
4722,Abu Dhabi,8937.49998152256,Medium
1123,Abu Dhabi,8937.379535341264,Medium
2732,Sharjah,8937.179483318328,Medium
2712,Dubai,8937.069496631622,Medium
4520,Dubai,8935.283034086227,Medium
4005,Dubai,8933.944996070863,Medium
4109,Sharjah,8933.83694051504,Medium
126,Dubai,8933.104025816918,Medium
3149,Abu Dhabi,8930.756979060174,Medium
2075,Dubai,8930.36101846695,Medium
4207,Dubai,8929.017923307418,Medium
1042,Sharjah,8928.017518901823,Medium
1065,Sharjah,8927.950989198685,Medium
4614,Abu Dhabi,8926.384983110427,Medium
3115,Sharjah,8924.518987607958,Medium
2378,Abu Dhabi,8924.29799823761,Medium
1240,Sharjah,8921.639527606963,Medium
1229,Abu Dhabi,8920.776513600349,Medium
1897,Dubai,8920.461929845811,Medium
172,Dubai,8919.7129591465,Medium
4169,Dubai,8919.067996406555,Medium
320,Abu Dhabi,8918.944553613665,Medium
4880,Sharjah,8916.543049097061,Medium
3166,Dubai,8914.531503939628,Medium
2872,Dubai,8912.547490835188,Medium
4386,Dubai,8912.354468536378,Medium
2972,Sharjah,8911.480502939225,Medium
905,Dubai,8910.69699616432,Medium
2539,Dubai,8910.629451322555,Medium
534,Abu Dhabi,8909.754445195198,Medium
1811,Dubai,8909.03899321556,Medium
1544,Dubai,8907.95400891304,Medium
4381,Sharjah,8906.032985460759,Medium
3031,Abu Dhabi,8901.826966238023,Medium
2725,Dubai,8901.600443053245,Medium
2369,Dubai,8901.260513353347,Medium
4884,Dubai,8898.791930794714,Medium
861,Abu Dhabi,8898.365527534484,Medium
797,Sharjah,8896.225025558473,Medium
1067,Abu Dhabi,8895.23554224968,Medium
2822,Dubai,8893.951975417136,Medium
1147,Abu Dhabi,8893.805977344515,Medium
1004,Dubai,8893.235587525367,Medium
560,Abu Dhabi,8892.337973117828,Medium
2281,Abu Dhabi,8892.143497991561,Medium
2466,Dubai,8891.15596885681,Medium
1872,Dubai,8891.12749080658,Medium
3418,Dubai,8891.026983571051,Medium
4741,Dubai,8889.817482924462,Medium
3933,Dubai,8889.546524190902,Medium
2810,Dubai,8886.429956674578,Medium
4408,Dubai,8886.277984523775,Medium
3060,Sharjah,8885.46451764107,Medium
4503,Dubai,8885.264981484414,Medium
2835,Dubai,8884.198469495774,Medium
2496,Dubai,8883.97900965214,Medium
1185,Dubai,8883.954023194312,Medium
1137,Dubai,8883.383470916748,Medium
3291,Dubai,8883.294931268689,Medium
726,Sharjah,8883.288949942587,Medium
4693,Dubai,8882.619504308701,Medium
1092,Abu Dhabi,8879.761022734641,Medium
3948,Dubai,8879.01054029465,Medium
1155,Dubai,8876.26045179367,Medium
2545,Dubai,8876.18099374771,Medium
3775,Sharjah,8875.91549258232,Medium
21,Abu Dhabi,8875.571467041971,Medium
2548,Sharjah,8874.250977230073,Medium
1630,Dubai,8870.526504421234,Medium
778,Dubai,8868.877415370942,Medium
428,Abu Dhabi,8868.39345521927,Medium
3528,Dubai,8867.449517488481,Medium
4469,Sharjah,8866.127013528347,Medium
2607,Dubai,8863.864488983152,Medium
576,Dubai,8863.199442529676,Medium
3308,Dubai,8861.055983161927,Medium
1043,Abu Dhabi,8860.51499290466,Medium
429,Sharjah,8858.5225025177,Medium
3213,Sharjah,8857.829522538183,Medium
2215,Abu Dhabi,8856.526524555682,Medium
1973,Abu Dhabi,8855.706001567842,Medium
1725,Abu Dhabi,8855.493455052376,Medium
3570,Dubai,8854.202422046663,Medium
4896,Abu Dhabi,8851.715470099449,Medium
4532,Abu Dhabi,8851.367036914824,Medium
4150,Sharjah,8849.434949731825,Medium
179,Sharjah,8844.110999155042,Medium
1013,Dubai,8841.074458932877,Medium
2865,Dubai,8840.904986715317,Medium
1306,Abu Dhabi,8840.776970863342,Medium
4696,Abu Dhabi,8839.591510343555,Medium
4541,Dubai,8839.509047007561,Medium
2492,Abu Dhabi,8837.792473411559,Medium
689,Sharjah,8837.430498051643,Medium
2130,Dubai,8836.250022101402,Medium
2546,Sharjah,8835.37551727295,Medium
2377,Dubai,8835.282916402817,Medium
958,Abu Dhabi,8831.117449784277,Medium
1917,Sharjah,8830.853950071334,Medium
4162,Abu Dhabi,8829.739444398881,Medium
2331,Dubai,8827.36951085329,Medium
2053,Sharjah,8826.660495901107,Medium
864,Abu Dhabi,8825.723545002938,Medium
274,Dubai,8825.365524411201,Medium
641,Abu Dhabi,8824.76596159935,Medium
3457,Dubai,8823.293029809,Medium
3367,Abu Dhabi,8822.282837152481,Medium
4932,Sharjah,8820.233999323847,Medium
3824,Abu Dhabi,8819.927953875063,Medium
619,Dubai,8819.295508956908,Medium
3055,Abu Dhabi,8818.326955080032,Medium
479,Abu Dhabi,8816.268486416342,Medium
1060,Abu Dhabi,8815.234953689573,Medium
2676,Dubai,8813.987474536896,Medium
829,Sharjah,8813.811421334745,Medium
4363,Dubai,8813.514490318299,Medium
4676,Abu Dhabi,8813.47803449631,Medium
1446,Abu Dhabi,8813.230500221252,Medium
4499,Dubai,8812.32148308754,Medium
4837,Dubai,8811.9374917984,Medium
3745,Sharjah,8811.708983469009,Medium
2733,Dubai,8807.791948723792,Medium
583,Abu Dhabi,8806.816917347907,Medium
3559,Dubai,8804.95499446392,Medium
1662,Dubai,8803.435072946548,Medium
1859,Dubai,8802.611036324499,Medium
708,Dubai,8797.751963996889,Medium
4617,Dubai,8797.58750143051,Medium
3276,Dubai,8796.82349219322,Medium
2490,Sharjah,8795.240014314651,Medium
1286,Sharjah,8794.834954619406,Medium
1272,Dubai,8789.33902850151,Medium
945,Dubai,8789.10148794651,Medium
995,Dubai,8788.046007025241,Medium
1802,Dubai,8787.50092906952,Medium
4062,Abu Dhabi,8787.218013930324,Medium
427,Sharjah,8786.066995763778,Medium
1563,Sharjah,8783.42998290062,Medium
780,Dubai,8782.674988901614,Medium
868,Sharjah,8779.153471374511,Medium
3892,Dubai,8777.551499962809,Medium
321,Abu Dhabi,8777.111422634127,Medium
3352,Dubai,8775.479483652116,Medium
2148,Dubai,8775.418565106393,Medium
1953,Sharjah,8774.519076585768,Medium
2690,Dubai,8771.35549302101,Medium
2091,Dubai,8771.098948669436,Medium
1722,Abu Dhabi,8771.05644607544,Medium
3659,Dubai,8771.002059435847,Medium
2904,Dubai,8770.855545926095,Medium
4542,Abu Dhabi,8768.558954620363,Medium
3039,Abu Dhabi,8767.065974283218,Medium
3556,Dubai,8766.180985307692,Medium
2165,Abu Dhabi,8764.140460860728,Medium
382,Dubai,8763.525493383408,Medium
4501,Dubai,8763.009533357621,Medium
4346,Dubai,8762.873455953599,Medium
1207,Dubai,8761.244947052,Medium
3622,Dubai,8760.99800312519,Medium
2996,Abu Dhabi,8760.751036143305,Medium
2142,Dubai,8759.289470243455,Medium
2875,Abu Dhabi,8757.007973003387,Medium
3827,Dubai,8755.502938866613,Medium
69,Dubai,8754.854964375494,Medium
422,Dubai,8753.412456560134,Medium
2654,Abu Dhabi,8752.924510025978,Medium
4940,Dubai,8752.832087373734,Medium
309,Dubai,8752.132035017014,Medium
2391,Abu Dhabi,8752.126541900634,Medium
1204,Abu Dhabi,8751.256532239913,Medium
700,Dubai,8747.560934066774,Medium
141,Dubai,8746.575533914565,Medium
3422,Abu Dhabi,8746.460489320754,Medium
1186,Sharjah,8744.184441924095,Medium
1999,Dubai,8741.16297543049,Medium
322,Dubai,8738.156446552275,Medium
2484,Sharjah,8737.116048097612,Medium
4401,Dubai,8736.761586904526,Medium
4634,Dubai,8735.647510743142,Medium
855,Dubai,8730.793933582307,Medium
1528,Dubai,8729.097512960434,Medium
3751,Dubai,8728.074527597426,Medium
2767,Dubai,8727.12195773125,Medium
2080,Abu Dhabi,8725.33343014717,Medium
982,Sharjah,8725.293045306207,Medium
2395,Dubai,8721.050520801546,Medium
1979,Sharjah,8719.541524600983,Medium
4339,Abu Dhabi,8717.63196249008,Medium
2696,Dubai,8717.06505832672,Medium
110,Dubai,8716.867502737043,Medium
2467,Dubai,8716.566498947144,Medium
2494,Dubai,8716.039433550835,Medium
3449,Dubai,8715.849018812181,Medium
4423,Dubai,8715.252479362489,Medium
1709,Dubai,8713.675964379312,Medium
3702,Dubai,8713.434943997861,Medium
103,Abu Dhabi,8713.362001466752,Medium
3953,Dubai,8712.371993851662,Medium
573,Dubai,8712.17192802429,Medium
4833,Dubai,8710.873571276663,Medium
2559,Sharjah,8710.292548394204,Medium
3459,Dubai,8708.669969940185,Medium
4706,Dubai,8707.395984363557,Medium
1719,Dubai,8706.801510858535,Medium
1770,Abu Dhabi,8702.751473760605,Medium
1008,Abu Dhabi,8701.814517641069,Medium
1937,Abu Dhabi,8701.11651315689,Medium
523,Abu Dhabi,8700.580974626542,Medium
3097,Dubai,8700.422547745706,Medium
1790,Abu Dhabi,8699.430934762955,Medium
1055,Dubai,8698.657523560521,Medium
3571,Sharjah,8698.393513631818,Medium
2232,Abu Dhabi,8698.294488191603,Medium
740,Abu Dhabi,8697.277003598214,Medium
3937,Abu Dhabi,8694.500999045371,Medium
4489,Abu Dhabi,8693.136091661454,Medium
1105,Dubai,8692.929472136495,Medium
2389,Dubai,8691.421045851708,Medium
2264,Dubai,8690.251981770993,Medium
4708,Dubai,8689.260004305843,Medium
3638,Abu Dhabi,8680.527963495255,Medium
4160,Abu Dhabi,8680.14849663973,Medium
3686,Dubai,8679.995483875275,Medium
2936,Sharjah,8678.847398233414,Medium
4888,Dubai,8676.972007584573,Medium
512,Dubai,8676.613992309569,Medium
1242,Sharjah,8673.936038184167,Medium
2950,Sharjah,8673.08704946041,Medium
1370,Dubai,8673.043925857546,Medium
3580,Dubai,8673.037971162796,Medium
3525,Abu Dhabi,8672.817017030715,Medium
4171,Dubai,8672.5464823246,Medium
62,Sharjah,8671.117481803893,Medium
254,Sharjah,8670.744463825225,Medium
1971,Dubai,8669.677577018736,Medium
821,Abu Dhabi,8668.714450001717,Medium
2179,Dubai,8668.6429956913,Medium
703,Sharjah,8668.132500219346,Medium
392,Sharjah,8666.922515296934,Medium
1532,Dubai,8666.821033930779,Medium
3382,Abu Dhabi,8665.706484115126,Medium
3561,Dubai,8662.388996315003,Medium
2749,Dubai,8662.266532707217,Medium
4609,Dubai,8662.118524551392,Medium
2836,Dubai,8661.88594353199,Medium
1636,Dubai,8661.461452245712,Medium
3629,Dubai,8659.138485002515,Medium
3540,Dubai,8656.083403539658,Medium
79,Dubai,8654.548484754563,Medium
3375,Sharjah,8654.484501624107,Medium
4820,Abu Dhabi,8652.708993673325,Medium
562,Sharjah,8652.006478452684,Medium
1737,Abu Dhabi,8650.528448462486,Medium
2888,Dubai,8648.511982822418,Medium
1632,Sharjah,8648.170445716381,Medium
3315,Dubai,8647.923974943162,Medium
4656,Dubai,8647.093948197364,Medium
600,Abu Dhabi,8646.69601023197,Medium
1445,Sharjah,8645.830996847153,Medium
180,Abu Dhabi,8645.138507568836,Medium
4445,Sharjah,8644.11993370056,Medium
4585,Sharjah,8643.625503849984,Medium
4972,Dubai,8643.547511065006,Medium
2554,Dubai,8641.122963619231,Medium
4452,Dubai,8638.368970727923,Medium
3511,Sharjah,8637.265988278388,Medium
2707,Abu Dhabi,8637.095471811293,Medium
3259,Sharjah,8636.832488965989,Medium
2752,Abu Dhabi,8634.81597146988,Medium
3915,Dubai,8633.995529103278,Medium
3573,Abu Dhabi,8631.17895643711,Medium
1322,Dubai,8630.701987969875,Medium
3542,Dubai,8629.152482914924,Medium
517,Sharjah,8627.912982845306,Medium
3888,Dubai,8626.51650736332,Medium
1288,Dubai,8625.8820502758,Medium
3934,Dubai,8625.508470845223,Medium
623,Sharjah,8624.357398366928,Medium
7,Abu Dhabi,8622.614491581917,Medium
4591,Dubai,8621.843469619751,Medium
43,Sharjah,8619.070042157171,Medium
3719,Abu Dhabi,8618.005452442168,Medium
3621,Dubai,8617.752966094016,Medium
1029,Dubai,8616.062943601608,Medium
2658,Abu Dhabi,8615.154962968827,Medium
3677,Dubai,8612.926956915857,Medium
2519,Dubai,8610.618473362923,Medium
3444,Dubai,8608.53947224617,Medium
1262,Abu Dhabi,8607.547571146488,Medium
1221,Dubai,8607.076980948448,Medium
4790,Dubai,8605.70053465366,Medium
4948,Dubai,8605.644482183458,Medium
297,Abu Dhabi,8604.684468412399,Medium
3709,Sharjah,8602.464457774162,Medium
925,Sharjah,8602.069917201998,Medium
1693,Abu Dhabi,8601.967999505996,Medium
2681,Dubai,8601.949965000149,Medium
3608,Dubai,8598.310503196715,Medium
4214,Dubai,8596.417520713807,Medium
674,Dubai,8587.193534326554,Medium
2402,Dubai,8584.346003985405,Medium
896,Dubai,8583.934002542494,Medium
793,Dubai,8580.871517181396,Medium
3503,Dubai,8579.508505964279,Medium
4779,Sharjah,8579.340990614892,Medium
643,Dubai,8579.254475307464,Medium
608,Sharjah,8578.561419963837,Medium
1670,Dubai,8577.569029283524,Medium
48,Abu Dhabi,8577.531535410879,Medium
217,Abu Dhabi,8577.33651971817,Medium
3218,Sharjah,8577.160532712938,Medium
1139,Dubai,8577.09244441986,Medium
1640,Dubai,8576.653050041201,Medium
1768,Abu Dhabi,8576.204427623748,Medium
1774,Dubai,8575.16752357483,Medium
1547,Sharjah,8574.832487201691,Medium
2571,Dubai,8573.49495663643,Medium
3927,Sharjah,8573.12198123932,Medium
815,Sharjah,8568.5260268569,Medium
1199,Dubai,8566.110541844368,Medium
2908,Sharjah,8565.69398229122,Medium
1483,Dubai,8565.41394803524,Medium
3309,Dubai,8564.855565071104,Medium
3862,Abu Dhabi,8564.809000897409,Medium
2530,Sharjah,8563.073970341684,Medium
3802,Dubai,8562.837458276748,Medium
956,Dubai,8561.541439127923,Medium
1427,Dubai,8560.818004369736,Medium
4478,Dubai,8557.680430650711,Medium
4809,Dubai,8557.638029193877,Medium
4690,Abu Dhabi,8557.236032533645,Medium
2753,Abu Dhabi,8556.203524112701,Medium
3538,Dubai,8552.01804499626,Medium
4752,Dubai,8551.42095167637,Medium
4603,Abu Dhabi,8550.532024884224,Medium
3939,Dubai,8550.053511691094,Medium
4327,Dubai,8547.479496717453,Medium
2398,Sharjah,8547.463007593156,Medium
4975,Sharjah,8547.13751513958,Medium
4242,Abu Dhabi,8545.498432540893,Medium
2040,Abu Dhabi,8539.517937707904,Medium
1614,Sharjah,8539.260527157783,Medium
1018,Sharjah,8538.043520760533,Medium
3320,Abu Dhabi,8533.968991351128,Medium
3811,Dubai,8533.06951367855,Medium
1146,Sharjah,8527.12601108551,Medium
691,Dubai,8525.356530451776,Medium
3030,Dubai,8522.807027053836,Medium
1024,Dubai,8521.34100880623,Medium
3619,Abu Dhabi,8520.337972545623,Medium
3121,Dubai,8518.781997156144,Medium
1600,Dubai,8518.642057132722,Medium
1920,Dubai,8517.001948213576,Medium
269,Abu Dhabi,8516.381522917747,Medium
1135,Abu Dhabi,8516.007041597366,Medium
3521,Dubai,8511.251482653619,Medium
1302,Abu Dhabi,8510.847009444236,Medium
1965,Dubai,8508.819524621964,Medium
1905,Sharjah,8508.490489244461,Medium
3590,Dubai,8505.861010360719,Medium
3779,Sharjah,8505.580518507959,Medium
4099,Abu Dhabi,8504.719524621964,Medium
452,Dubai,8503.229915595053,Medium
318,Sharjah,8502.948500847817,Medium
1464,Dubai,8502.598037815094,Medium
1672,Abu Dhabi,8502.297997713089,Medium
4611,Abu Dhabi,8500.191497111322,Medium
2837,Abu Dhabi,8500.08603591919,Medium
3534,Dubai,8497.457986569403,Medium
500,Abu Dhabi,8494.799043798446,Medium
4556,Dubai,8492.032031154633,Medium
2845,Dubai,8489.366446828843,Medium
1665,Dubai,8488.914011812209,Medium
4053,Dubai,8488.40848207474,Medium
171,Dubai,8488.039944577218,Medium
4990,Dubai,8486.06547341347,Medium
4032,Abu Dhabi,8484.538483512399,Medium
2455,Abu Dhabi,8481.161536026,Medium
3404,Dubai,8480.169512891769,Medium
1235,Abu Dhabi,8478.514496803284,Medium
4575,Sharjah,8476.275944447516,Medium
3967,Sharjah,8476.193536806106,Medium
3232,Dubai,8473.699905943871,Medium
3046,Dubai,8471.866037583353,Medium
4190,Abu Dhabi,8471.201514720917,Medium
78,Dubai,8469.381477737426,Medium
3669,Dubai,8469.350982379912,Medium
4797,Dubai,8466.331458830831,Medium
2453,Sharjah,8466.2319088459,Medium
120,Sharjah,8464.600983905792,Medium
2206,Abu Dhabi,8464.5895175457,Medium
1863,Dubai,8462.41293554306,Medium
614,Dubai,8459.991470551491,Medium
4749,Dubai,8459.942058277129,Medium
2435,Dubai,8459.353010463716,Medium
4058,Sharjah,8458.862037158015,Medium
3646,Abu Dhabi,8458.666993951796,Medium
216,Abu Dhabi,8457.488960826395,Medium
1930,Dubai,8456.7220297575,Medium
294,Abu Dhabi,8455.940023684501,Medium
570,Dubai,8455.608485984802,Medium
3649,Abu Dhabi,8453.771491897107,Medium
4505,Sharjah,8452.886967158316,Medium
4730,Dubai,8450.33698525429,Medium
1704,Dubai,8450.206018161773,Medium
2337,Abu Dhabi,8448.967461633682,Medium
993,Abu Dhabi,8446.364488649371,Medium
4765,Dubai,8446.335982847213,Medium
2181,Abu Dhabi,8446.073993289472,Medium
4158,Dubai,8444.969988656043,Medium
2567,Abu Dhabi,8444.912998354437,Medium
1874,Abu Dhabi,8444.009522485732,Medium
2256,Dubai,8442.959966182709,Medium
3350,Dubai,8440.97350065708,Medium
4370,Dubai,8440.572499060629,Medium
3906,Dubai,8440.286494398117,Medium
1381,Dubai,8439.962030315399,Medium
4662,Sharjah,8436.249018454553,Medium
3891,Dubai,8435.7864248991,Medium
918,Sharjah,8433.117490744587,Medium
3054,Dubai,8432.342477679253,Medium
150,Abu Dhabi,8431.382997655868,Medium
3609,Abu Dhabi,8428.141042685507,Medium
4517,Sharjah,8426.670507597924,Medium
145,Abu Dhabi,8425.154043006898,Medium
4528,Sharjah,8424.947514247895,Medium
2299,Dubai,8422.722950053214,Medium
4387,Dubai,8422.096488904954,Medium
3917,Abu Dhabi,8419.517004728317,Medium
3747,Sharjah,8418.828460407256,Medium
4931,Dubai,8418.060953354834,Medium
2376,Dubai,8418.038486909867,Medium
4825,Dubai,8417.875486636161,Medium
3190,Dubai,8416.740481853483,Medium
4548,Abu Dhabi,8414.903001952172,Medium
2356,Dubai,8414.014446139334,Medium
3635,Sharjah,8412.680529308316,Medium
1559,Abu Dhabi,8408.555482947826,Medium
3497,Dubai,8407.529497599604,Medium
3349,Sharjah,8407.209030294418,Medium
3389,Sharjah,8406.766002488137,Medium
4998,Abu Dhabi,8404.907488679884,Medium
2278,Abu Dhabi,8403.566999053954,Medium
693,Dubai,8400.530970215797,Medium
1436,Dubai,8400.382599687577,Medium
4089,Dubai,8399.796487855914,Medium
4571,Abu Dhabi,8398.707010960577,Medium
3902,Dubai,8398.180056762696,Medium
1413,Sharjah,8397.395453977586,Medium
1088,Dubai,8392.810467660427,Medium
400,Dubai,8391.41448352337,Medium
577,Dubai,8390.338985872268,Medium
2034,Dubai,8389.756447410582,Medium
4664,Dubai,8389.271049070358,Medium
1827,Dubai,8389.2410238266,Medium
330,Dubai,8389.198998212814,Medium
3833,Abu Dhabi,8388.31747517586,Medium
2111,Dubai,8386.675533437727,Medium
668,Abu Dhabi,8385.41996665001,Medium
1735,Dubai,8383.074999666214,Medium
1254,Sharjah,8381.781466579436,Medium
1805,Abu Dhabi,8374.264017271995,Medium
2561,Dubai,8373.710027456284,Medium
371,Dubai,8373.159489250182,Medium
1165,Dubai,8372.208471488953,Medium
747,Dubai,8372.137409853935,Medium
2564,Abu Dhabi,8370.543923759462,Medium
3771,Dubai,8365.877974438667,Medium
3191,Dubai,8364.877438449861,Medium
1597,Dubai,8363.843979287149,Medium
4996,Dubai,8362.449542713166,Medium
2216,Dubai,8360.568495011328,Medium
3431,Abu Dhabi,8359.475040197372,Medium
2651,Abu Dhabi,8357.863463616372,Medium
256,Abu Dhabi,8357.804987239837,Medium
3159,Abu Dhabi,8353.844011354448,Medium
989,Dubai,8353.563018894196,Medium
2863,Abu Dhabi,8351.319030046463,Medium
2931,Dubai,8351.018019104005,Medium
1927,Dubai,8350.252468633651,Medium
525,Abu Dhabi,8349.091463494302,Medium
886,Dubai,8347.413995194434,Medium
2412,Sharjah,8346.433949851991,Medium
4274,Dubai,8345.780982589722,Medium
4646,Dubai,8339.853530979155,Medium
3639,Abu Dhabi,8338.215500187875,Medium
595,Dubai,8335.98747944832,Medium
676,Dubai,8335.551525449751,Medium
497,Dubai,8335.204488754272,Medium
2498,Dubai,8334.63949868679,Medium
471,Dubai,8334.523509311675,Medium
4254,Dubai,8333.217566025258,Medium
1922,Abu Dhabi,8332.225445127486,Medium
332,Dubai,8329.864565241336,Medium
2090,Dubai,8327.958955502509,Medium
1181,Dubai,8324.936994338035,Medium
2932,Dubai,8322.352516686917,Medium
1871,Dubai,8322.163481163978,Medium
1098,Sharjah,8315.680934858323,Medium
1249,Dubai,8315.090055775643,Medium
1663,Abu Dhabi,8313.643984055518,Medium
848,Abu Dhabi,8313.249977040292,Medium
1215,Abu Dhabi,8312.643498706819,Medium
3158,Dubai,8311.435499405861,Medium
4403,Abu Dhabi,8308.391457605361,Medium
4319,Dubai,8302.963952708244,Medium
3866,Abu Dhabi,8302.201427888871,Medium
2697,Abu Dhabi,8300.811001133918,Medium
2010,Abu Dhabi,8298.310495615005,Medium
225,Dubai,8298.084944057466,Medium
4502,Dubai,8291.099002313615,Medium
1733,Abu Dhabi,8290.620993232726,Medium
1200,Dubai,8284.618009424208,Medium
1350,Sharjah,8284.082441258432,Medium
3101,Abu Dhabi,8281.187535643578,Medium
1017,Sharjah,8281.042940831185,Medium
1362,Abu Dhabi,8279.844493198394,Medium
305,Dubai,8279.724983906744,Medium
2672,Dubai,8279.467495083809,Medium
176,Abu Dhabi,8278.448453879355,Medium
2909,Abu Dhabi,8276.774505901336,Medium
4573,Dubai,8274.590025496484,Medium
998,Dubai,8274.45650653839,Medium
3975,Sharjah,8272.337524604798,Medium
49,Dubai,8271.31654109955,Medium
547,Sharjah,8270.867509770393,Medium
2922,Abu Dhabi,8267.066945171357,Medium
936,Abu Dhabi,8266.696020770074,Medium
285,Dubai,8265.675543403624,Medium
2746,Dubai,8264.319522380829,Medium
3674,Dubai,8262.489925026894,Medium
1659,Dubai,8260.7359395504,Medium
597,Dubai,8258.998448204995,Medium
335,Sharjah,8257.573961091042,Medium
4901,Abu Dhabi,8257.158038783073,Medium
2626,Dubai,8256.51147751808,Medium
638,Sharjah,8254.457511138917,Medium
1072,Sharjah,8253.84097685814,Medium
1399,Sharjah,8251.920460271833,Medium
125,Abu Dhabi,8250.504413294791,Medium
846,Abu Dhabi,8250.196969461442,Medium
3858,Dubai,8249.677987790106,Medium
2748,Abu Dhabi,8249.069514155386,Medium
1732,Sharjah,8245.574981939793,Medium
3518,Dubai,8244.542993450164,Medium
4608,Sharjah,8244.100983476637,Medium
1530,Abu Dhabi,8243.938508939744,Medium
1271,Dubai,8243.247460985183,Medium
4459,Dubai,8242.452530622482,Medium
1607,Dubai,8241.697978353499,Medium
924,Sharjah,8238.19750404358,Medium
4002,Dubai,8236.090551137924,Medium
2724,Dubai,8234.924534821512,Medium
4663,Dubai,8234.595463562015,Medium
4894,Sharjah,8234.146480441093,Medium
1618,Dubai,8228.93296084404,Medium
2187,Dubai,8228.771992719174,Medium
3328,Abu Dhabi,8228.633954000474,Medium
1515,Dubai,8227.855446290967,Medium
3887,Abu Dhabi,8225.248046493532,Medium
2920,Abu Dhabi,8224.86999695301,Medium
3912,Abu Dhabi,8222.184439349174,Medium
3358,Dubai,8221.542061734199,Medium
1145,Abu Dhabi,8221.337048530579,Medium
4923,Sharjah,8217.354943370821,Medium
2942,Abu Dhabi,8215.936898612974,Medium
2960,Abu Dhabi,8215.562995028497,Medium
2270,Sharjah,8213.518478775026,Medium
56,Dubai,8211.012512683868,Medium
3312,Dubai,8210.102419042589,Medium
2138,Dubai,8208.463462591171,Medium
697,Abu Dhabi,8208.183022832869,Medium
4015,Dubai,8203.273965024948,Medium
3356,Dubai,8202.187990641596,Medium
1596,Abu Dhabi,8199.733032011985,Medium
2047,Sharjah,8196.536986541749,Medium
1967,Sharjah,8193.251997661591,Medium
4434,Dubai,8190.726562213898,Medium
4738,Dubai,8189.800425767898,Medium
1438,Abu Dhabi,8189.265983140469,Medium
4218,Dubai,8188.7745112419125,Medium
3867,Dubai,8187.089481997488,Medium
4285,Sharjah,8185.486002135277,Medium
2020,Abu Dhabi,8183.789522790908,Medium
325,Abu Dhabi,8183.620056319234,Medium
860,Dubai,8182.322010612486,Medium
917,Dubai,8180.007015752792,Medium
314,Dubai,8179.321008372309,Medium
4906,Dubai,8178.8745013236985,Medium
1678,Dubai,8176.735488843918,Medium
161,Sharjah,8173.039540624617,Medium
2192,Sharjah,8170.530975174904,Medium
710,Abu Dhabi,8170.066464829445,Medium
2619,Dubai,8169.922025823594,Medium
3409,Abu Dhabi,8169.851525640488,Medium
4719,Dubai,8165.990997838974,Medium
1622,Dubai,8165.121551656724,Medium
4845,Abu Dhabi,8164.144524073603,Medium
4583,Abu Dhabi,8163.499546670913,Medium
4882,Dubai,8163.098512971402,Medium
1278,Abu Dhabi,8159.9284301280995,Medium
4018,Dubai,8159.012002158162,Medium
3173,Dubai,8158.307005476951,Medium
2063,Sharjah,8153.166471052169,Medium
2301,Sharjah,8152.415985202791,Medium
3964,Dubai,8147.8664594531065,Medium
1391,Abu Dhabi,8147.758055019378,Medium
2532,Dubai,8144.106970739365,Medium
3946,Dubai,8140.716536068917,Medium
2013,Dubai,8139.051969432829,Medium
3450,Dubai,8135.014527845381,Medium
3526,Sharjah,8134.237472200393,Medium
1903,Sharjah,8131.955959415434,Medium
3345,Dubai,8131.418419885634,Medium
3000,Dubai,8127.728478801251,Medium
736,Dubai,8125.852021789551,Medium
3504,Dubai,8121.976436018943,Medium
1978,Dubai,8118.342459297178,Medium
4463,Abu Dhabi,8116.363914489746,Medium
4185,Dubai,8114.782428336142,Medium
4843,Sharjah,8112.524989271166,Medium
2606,Dubai,8111.987988066673,Medium
3332,Dubai,8111.8809840440745,Medium
3201,Dubai,8111.14449839592,Medium
1079,Dubai,8110.997937583923,Medium
3094,Abu Dhabi,8105.892471432687,Medium
2133,Abu Dhabi,8104.92450647354,Medium
762,Sharjah,8104.760994577408,Medium
299,Dubai,8100.683495938778,Medium
4020,Sharjah,8099.5794635891925,Medium
2109,Abu Dhabi,8094.755412650109,Medium
3814,Sharjah,8091.170469903946,Medium
1783,Abu Dhabi,8091.103436374664,Medium
2178,Sharjah,8087.939959430695,Medium
3970,Abu Dhabi,8087.629958057402,Medium
345,Dubai,8082.857950043677,Medium
44,Abu Dhabi,8080.320003271103,Medium
1769,Abu Dhabi,8074.288960504533,Medium
4420,Abu Dhabi,8071.5179880499845,Medium
4298,Abu Dhabi,8063.457026314734,Medium
3516,Abu Dhabi,8063.041447138787,Medium
1658,Dubai,8061.344453048706,Medium
393,Sharjah,8057.20952346325,Medium
3838,Dubai,8057.191504955293,Medium
3606,Dubai,8054.416025209426,Medium
788,Abu Dhabi,8052.742522192001,Medium
3192,Sharjah,8050.608973193172,Medium
2441,Dubai,8048.508541607857,Medium
3815,Dubai,8047.384033370018,Medium
478,Dubai,8046.583029174805,Medium
4354,Abu Dhabi,8043.341525328161,Medium
64,Abu Dhabi,8042.5714441537875,Medium
857,Sharjah,8041.308045363425,Medium
1899,Dubai,8041.008949756621,Medium
119,Abu Dhabi,8040.8470277071,Medium
2663,Dubai,8040.1780009269705,Medium
1416,Sharjah,8034.683486652373,Medium
490,Dubai,8034.101529741288,Medium
3204,Abu Dhabi,8033.221561813352,Medium
4781,Sharjah,8033.14598045349,Medium
2562,Abu Dhabi,8026.658490109444,Medium
4328,Sharjah,8022.222032928466,Medium
2660,Sharjah,8021.371494722366,Medium
3143,Abu Dhabi,8021.006478238105,Medium
4903,Dubai,8019.742553472519,Medium
871,Dubai,8017.218074178696,Medium
4835,Abu Dhabi,8016.796995186805,Medium
3074,Dubai,8015.778449344634,Medium
4588,Abu Dhabi,8011.213978910446,Medium
1231,Dubai,8010.819968938828,Medium
3269,Abu Dhabi,8009.9869906425465,Medium
2558,Dubai,8009.514997577667,Medium
3750,Dubai,8008.652994108199,Medium
4056,Abu Dhabi,8007.472468566896,Medium
3050,Dubai,8004.419500160217,Medium
3427,Abu Dhabi,8004.109474372863,Medium
32,Dubai,8003.555990576744,Medium
1150,Abu Dhabi,7999.504957127571,Medium
23,Dubai,7997.167479062081,Medium
3455,Sharjah,7995.78298163414,Medium
1444,Dubai,7993.188523554803,Medium
2230,Dubai,7989.9189920902245,Medium
2623,Dubai,7988.292518854141,Medium
687,Abu Dhabi,7987.689967751502,Medium
3185,Dubai,7987.351061868667,Medium
919,Sharjah,7985.163519024849,Medium
3769,Sharjah,7982.564989233017,Medium
1875,Abu Dhabi,7981.713027715683,Medium
3111,Abu Dhabi,7977.996944904328,Medium
2175,Abu Dhabi,7971.3660078048715,Medium
202,Dubai,7970.997484827043,Medium
1919,Sharjah,7965.075485992431,Medium
1321,Dubai,7964.765972185135,Medium
3368,Sharjah,7964.181005930901,Medium
844,Dubai,7964.12496328354,Medium
65,Abu Dhabi,7961.867953443528,Medium
1051,Dubai,7961.108897304533,Medium
3700,Dubai,7959.866472315788,Medium
2197,Dubai,7958.671045446397,Medium
4198,Dubai,7957.06946568489,Medium
102,Sharjah,7955.224933385849,Medium
3613,Abu Dhabi,7953.904011273386,Medium
548,Dubai,7951.119441986086,Medium
1180,Abu Dhabi,7950.344490337372,Medium
1603,Abu Dhabi,7942.699475240707,Medium
2896,Sharjah,7942.15497136116,Medium
4083,Dubai,7937.597939133643,Medium
2419,Sharjah,7937.596955573559,Medium
388,Abu Dhabi,7936.078477931023,Medium
4636,Dubai,7934.303529644013,Medium
3454,Sharjah,7929.749985575675,Medium
2203,Dubai,7925.038010072708,Medium
3899,Dubai,7922.4699941635145,Medium
1610,Dubai,7922.004495787621,Medium
1543,Dubai,7919.659519529342,Medium
4486,Dubai,7919.291519701481,Medium
2656,Dubai,7918.868503713607,Medium
3663,Dubai,7917.455921792985,Medium
158,Dubai,7915.152510976791,Medium
4881,Dubai,7913.695481157304,Medium
2312,Sharjah,7911.509536290168,Medium
2185,Dubai,7910.404027414323,Medium
785,Dubai,7907.970047497749,Medium
4484,Dubai,7907.035404419899,Medium
2405,Sharjah,7902.928000164033,Medium
1069,Sharjah,7901.6425223827355,Medium
477,Sharjah,7901.581023311614,Medium
554,Sharjah,7888.654538345338,Medium
2375,Sharjah,7885.493938255308,Medium
4140,Dubai,7884.275973773002,Medium
1814,Abu Dhabi,7882.378476476669,Medium
4063,Dubai,7882.145451641084,Medium
1854,Abu Dhabi,7880.162438058853,Medium
2577,Sharjah,7878.213994383812,Medium
3841,Dubai,7877.852551007271,Medium
1,Sharjah,7876.575541353225,Medium
1117,Dubai,7872.22894423008,Medium
139,Abu Dhabi,7868.310505747797,Medium
2502,Dubai,7867.092476296424,Medium
3281,Dubai,7864.555511164666,Medium
3991,Abu Dhabi,7862.9735144853585,Medium
1014,Sharjah,7862.371531391143,Medium
2957,Sharjah,7860.152008724213,Medium
1856,Dubai,7859.720008707047,Medium
863,Abu Dhabi,7859.448986482618,Medium
2889,Dubai,7858.805479574204,Medium
4332,Dubai,7856.017529010771,Medium
2829,Abu Dhabi,7854.953511309624,Medium
631,Abu Dhabi,7852.207526731489,Medium
920,Sharjah,7851.322454690935,Medium
818,Dubai,7847.031003522872,Medium
3766,Sharjah,7841.676974010468,Medium
1945,Dubai,7841.437488889692,Medium
4301,Sharjah,7841.32200267315,Medium
1418,Sharjah,7840.993463802337,Medium
2032,Dubai,7840.070470428466,Medium
4474,Sharjah,7839.8905363559725,Medium
1833,Dubai,7834.593993353843,Medium
255,Abu Dhabi,7834.34449288845,Medium
196,Dubai,7834.212991476059,Medium
3558,Sharjah,7833.135038268566,Medium
1884,Dubai,7831.833917379378,Medium
412,Abu Dhabi,7826.7754943609225,Medium
2511,Abu Dhabi,7826.7044881343845,Medium
4671,Abu Dhabi,7826.302991700171,Medium
4710,Dubai,7824.3520329952225,Medium
4359,Dubai,7821.482503938677,Medium
3671,Dubai,7818.382524251938,Medium
616,Dubai,7814.521507430078,Medium
2703,Dubai,7812.18399271965,Medium
3256,Sharjah,7807.381464147569,Medium
3951,Dubai,7805.141540765762,Medium
2998,Dubai,7801.125020098686,Medium
1344,Dubai,7801.010994648933,Medium
3898,Abu Dhabi,7799.420480442048,Medium
4602,Sharjah,7797.448507356643,Medium
434,Dubai,7791.074468421936,Medium
4306,Dubai,7785.426039552689,Medium
2171,Dubai,7782.39998896122,Medium
2449,Dubai,7778.708009696006,Medium
4194,Abu Dhabi,7778.085524272919,Medium
3036,Sharjah,7772.05100837946,Medium
3075,Abu Dhabi,7771.436516547204,Medium
3023,Sharjah,7766.670011901855,Medium
3861,Abu Dhabi,7763.32592663765,Medium
3519,Dubai,7762.136468768119,Medium
2580,Abu Dhabi,7757.68298616409,Medium
722,Abu Dhabi,7757.087972831726,Medium
2588,Abu Dhabi,7756.882006704806,Medium
2414,Sharjah,7756.818979406356,Medium
1598,Dubai,7754.757439041137,Medium
3131,Abu Dhabi,7754.359516739845,Medium
3178,Sharjah,7752.709059429167,Medium
1407,Dubai,7750.037992632389,Medium
1916,Sharjah,7748.242516803741,Medium
406,Dubai,7736.048951172828,Medium
3063,Dubai,7724.981505918504,Medium
1439,Dubai,7724.328940486908,Medium
3069,Abu Dhabi,7723.776962161065,Medium
2721,Abu Dhabi,7722.546001660825,Medium
834,Dubai,7722.045019364357,Medium
4485,Abu Dhabi,7719.045466423035,Medium
1629,Dubai,7716.433452200891,Medium
765,Abu Dhabi,7715.731475830077,Medium
1279,Dubai,7712.503950405121,Medium
3878,Abu Dhabi,7711.391490721701,Medium
457,Dubai,7710.924973440171,Medium
3072,Dubai,7700.103935146331,Medium
3910,Sharjah,7692.695504522325,Medium
4907,Dubai,7692.395967102049,Medium
1175,Dubai,7692.173476815225,Medium
824,Dubai,7688.574451732636,Medium
3203,Abu Dhabi,7688.094958257676,Medium
4391,Dubai,7683.732490384581,Medium
4515,Dubai,7681.925509452821,Medium
2879,Dubai,7679.528010106088,Medium
1549,Dubai,7678.999031805992,Medium
2890,Sharjah,7678.935011100771,Medium
2854,Dubai,7677.7745403528215,Medium
2017,Abu Dhabi,7676.057531523704,Medium
3843,Dubai,7675.669529604912,Medium
4855,Dubai,7674.88306107521,Medium
1667,Abu Dhabi,7669.639515495301,Medium
155,Dubai,7668.558477401734,Medium
498,Abu Dhabi,7663.0824895143505,Medium
1505,Sharjah,7660.0569530010225,Medium
4143,Dubai,7659.716041755677,Medium
3096,Dubai,7659.244420063495,Medium
4658,Dubai,7656.929964375496,Medium
4678,Sharjah,7655.175457048417,Medium
4733,Dubai,7649.941062855721,Medium
446,Abu Dhabi,7634.82799334526,Medium
443,Sharjah,7629.817401599883,Medium
193,Dubai,7629.32502887249,Medium
3683,Dubai,7626.317544436456,Medium
3679,Dubai,7623.944969844819,Medium
4406,Dubai,7623.817466259004,Medium
3931,Sharjah,7620.2329996824255,Medium
1959,Dubai,7616.392959022523,Medium
3562,Abu Dhabi,7615.342557001113,Medium
4551,Abu Dhabi,7611.438516712188,Medium
2750,Dubai,7609.3445050954815,Medium
1087,Dubai,7599.071513104438,Medium
1681,Dubai,7597.093048977852,Medium
1269,Abu Dhabi,7592.691967844963,Medium
2491,Abu Dhabi,7586.553521418572,Medium
3653,Sharjah,7586.086981439591,Medium
1934,Sharjah,7586.049445152282,Medium
3012,Abu Dhabi,7585.909934735299,Medium
3032,Dubai,7583.451495933533,Medium
3966,Abu Dhabi,7581.846986722947,Medium
3231,Abu Dhabi,7581.103014194965,Medium
2289,Abu Dhabi,7579.673020553589,Medium
2928,Dubai,7577.657508277893,Medium
678,Sharjah,7572.309938764572,Medium
2406,Abu Dhabi,7564.951449680328,Medium
1798,Sharjah,7562.215487408638,Medium
4251,Sharjah,7560.902469444275,Medium
4394,Sharjah,7558.129075968264,Medium
4764,Dubai,7557.035993051527,Medium
4523,Dubai,7555.216484689713,Medium
3242,Dubai,7544.147506403923,Medium
4104,Dubai,7543.643549537659,Medium
1032,Abu Dhabi,7539.783506989479,Medium
1745,Abu Dhabi,7538.162511324883,Medium
883,Abu Dhabi,7533.886035919188,Medium
431,Dubai,7529.32553794384,Medium
3103,Abu Dhabi,7524.240947246551,Medium
4374,Dubai,7524.191976499556,Medium
3406,Dubai,7522.530531311035,Medium
4652,Sharjah,7520.810545015335,Medium
3852,Sharjah,7519.335005545616,Medium
1202,Dubai,7518.572541189193,Medium
997,Sharjah,7516.521479749681,Medium
4802,Sharjah,7515.685526299476,Medium
999,Sharjah,7511.1595154166225,Medium
2384,Abu Dhabi,7509.666011333466,Medium
4788,Dubai,7506.703510522843,Medium
1651,Dubai,7502.5400378942495,Medium
2338,Sharjah,7498.641461157799,Medium
3484,Dubai,7496.451503443717,Medium
979,Dubai,7494.6790072679505,Medium
3379,Sharjah,7492.254490327836,Medium
390,Dubai,7491.857010006905,Medium
36,Dubai,7480.61649081707,Medium
1417,Dubai,7476.181484651566,Medium
901,Dubai,7475.569002056121,Medium
2509,Dubai,7475.411972570419,Medium
4080,Abu Dhabi,7472.808513665199,Medium
1073,Sharjah,7472.632499694825,Medium
2693,Dubai,7467.750004673005,Medium
3399,Abu Dhabi,7466.634012436866,Medium
2961,Dubai,7461.733930778503,Medium
3950,Sharjah,7460.061962509154,Medium
4338,Abu Dhabi,7457.200505495071,Medium
519,Abu Dhabi,7456.730956745146,Medium
2431,Dubai,7456.104498767854,Medium
2236,Dubai,7455.859462356566,Medium
2763,Dubai,7455.719014549257,Medium
4008,Dubai,7453.127490186691,Medium
2295,Abu Dhabi,7452.147504997253,Medium
2370,Abu Dhabi,7451.350551509857,Medium
1036,Dubai,7440.960978722572,Medium
4344,Dubai,7439.7749600291245,Medium
4870,Dubai,7436.293028497696,Medium
1707,Abu Dhabi,7435.92545773983,Medium
3770,Dubai,7423.696494174002,Medium
1451,Abu Dhabi,7411.79697574377,Medium
162,Dubai,7407.885460853577,Medium
186,Sharjah,7405.549974489212,Medium
1153,Dubai,7400.229983878136,Medium
1367,Abu Dhabi,7397.797512197494,Medium
453,Dubai,7397.56849565506,Medium
996,Dubai,7391.900979995728,Medium
4154,Dubai,7391.138482320308,Medium
1555,Dubai,7383.457504796981,Medium
754,Dubai,7382.754017472266,Medium
3924,Abu Dhabi,7382.2104602336885,Medium
2795,Dubai,7381.6509618759155,Medium
2001,Abu Dhabi,7380.751015758515,Medium
4097,Dubai,7377.985978984833,Medium
1347,Dubai,7363.698932790755,Medium
2169,Dubai,7360.664469861986,Medium
3490,Dubai,7347.7174698591225,Medium
4641,Abu Dhabi,7346.682005691528,Medium
3941,Abu Dhabi,7345.215500497818,Medium
4566,Dubai,7341.366018271445,Medium
4192,Abu Dhabi,7339.1564564704895,Medium
3834,Sharjah,7329.706007432937,Medium
4404,Abu Dhabi,7327.148488330841,Medium
3174,Dubai,7323.218514847754,Medium
4653,Dubai,7316.753480362892,Medium
3475,Sharjah,7314.853565144536,Medium
4514,Dubai,7303.907962918282,Medium
4822,Sharjah,7301.865997552871,Medium
4295,Dubai,7296.000507450105,Medium
1592,Abu Dhabi,7290.273457562925,Medium
135,Abu Dhabi,7287.237991046906,Medium
2514,Abu Dhabi,7279.048990297318,Medium
1191,Abu Dhabi,7276.050985872747,Medium
4311,Abu Dhabi,7274.1159677028645,Medium
175,Sharjah,7273.767448234557,Medium
847,Sharjah,7273.1245004415505,Medium
1482,Dubai,7273.042013657092,Medium
2478,Dubai,7272.360518980025,Medium
3438,Sharjah,7269.235536885262,Medium
2531,Sharjah,7268.039005112647,Medium
4812,Sharjah,7267.593960237503,Medium
4966,Abu Dhabi,7266.47147860527,Medium
3615,Dubai,7265.5310033321375,Medium
1836,Dubai,7262.407473278046,Medium
3033,Dubai,7248.778084039688,Medium
522,Dubai,7248.745997786522,Medium
432,Abu Dhabi,7247.970501732826,Medium
4578,Dubai,7245.089489626886,Medium
2958,Abu Dhabi,7243.447961997985,Medium
2118,Dubai,7234.972983789442,Medium
3437,Dubai,7226.997988319396,Medium
258,Sharjah,7225.4484872818,Medium
3596,Sharjah,7214.446468758582,Medium
4156,Sharjah,7207.15343837738,Medium
966,Sharjah,7205.373033714294,Medium
2917,Abu Dhabi,7195.692031490804,Medium
4558,Dubai,7195.03997539282,Medium
4744,Dubai,7189.406501650809,Medium
71,Dubai,7185.891476166247,Medium
823,Abu Dhabi,7176.785485458376,Medium
4029,Dubai,7170.846969163417,Medium
408,Dubai,7170.711537313462,Medium
424,Abu Dhabi,7169.868988895417,Medium
928,Sharjah,7167.544491195679,Medium
501,Dubai,7164.956486535073,Medium
4699,Dubai,7163.360972213744,Medium
4920,Dubai,7153.86203160286,Medium
1359,Abu Dhabi,7152.293519306182,Medium
4982,Sharjah,7150.661541533471,Medium
3868,Abu Dhabi,7145.337482333184,Medium
3088,Dubai,7145.24993777275,Medium
1258,Abu Dhabi,7140.504474925996,Medium
3651,Sharjah,7135.738442301749,Medium
1723,Abu Dhabi,7135.221495842933,Medium
2423,Sharjah,7133.662975454329,Medium
6,Dubai,7128.426497912408,Medium
2926,Dubai,7126.819010734558,Medium
2396,Dubai,7124.2844700336445,Medium
4203,Dubai,7122.154537749289,Medium
776,Dubai,7121.230013656618,Medium
4544,Abu Dhabi,7095.625492048264,Medium
1379,Sharjah,7086.008497476578,Medium
1167,Abu Dhabi,7085.591994333268,Medium
1010,Sharjah,7071.339486956596,Medium
1788,Dubai,7069.086461389064,Medium
1021,Dubai,7064.321934390067,Medium
704,Dubai,7052.975008511543,Medium
4068,Dubai,7051.211472654341,Medium
61,Abu Dhabi,7047.751999378205,Medium
4857,Dubai,7046.930516409874,Medium
1397,Abu Dhabi,7045.240963196756,Medium
912,Dubai,7043.080472660065,Medium
4429,Sharjah,7040.541459703447,Medium
3982,Dubai,7040.151528429986,Medium
4750,Abu Dhabi,7036.423008441925,Medium
2859,Dubai,7014.53548398018,Medium
2293,Dubai,7012.762988197805,Medium
775,Dubai,7009.327461814881,Medium
1484,Dubai,7007.365013456345,Medium
1371,Sharjah,7004.156971740723,Medium
88,Abu Dhabi,6990.747532391549,Medium
3821,Dubai,6986.30992233753,Medium
2136,Dubai,6971.190502214431,Medium
2600,Dubai,6967.185025691986,Medium
4701,Sharjah,6964.464448571206,Medium
2657,Dubai,6964.041440796852,Medium
2119,Abu Dhabi,6955.355985260009,Medium
4388,Sharjah,6951.924480032921,Medium
4535,Dubai,6943.8819886446,Medium
1171,Sharjah,6942.020499491691,Medium
313,Abu Dhabi,6940.812483978272,Medium
3869,Abu Dhabi,6939.62703410387,Medium
1144,Sharjah,6922.247471189498,Medium
1212,Abu Dhabi,6914.590479397773,Medium
1360,Dubai,6909.367963504792,Medium
2912,Dubai,6896.718984580041,Medium
673,Abu Dhabi,6894.557530903816,Medium
2886,Dubai,6894.4980009794235,Medium
3523,Sharjah,6883.843493962288,Medium
3486,Abu Dhabi,6873.132466268539,Medium
77,Dubai,6863.711453056335,Medium
3781,Dubai,6863.147496724129,Medium
810,Dubai,6856.625479698181,Medium
4286,Sharjah,6851.358530414104,Medium
739,Dubai,6827.468455529214,Medium
4206,Abu Dhabi,6826.424024200439,Medium
1338,Sharjah,6823.885491991043,Medium
2563,Dubai,6822.5404784441,Medium
1931,Dubai,6817.015994763375,Medium
4766,Dubai,6808.900477051736,Medium
4424,Dubai,6808.137447214127,Medium
964,Sharjah,6798.512488794327,Medium
4309,Abu Dhabi,6790.303481411935,Medium
2201,Sharjah,6788.510996246338,Medium
622,Dubai,6777.2519457578655,Medium
893,Abu Dhabi,6768.7769582271585,Medium
1976,Sharjah,6764.836549043655,Medium
909,Abu Dhabi,6727.5915083408345,Medium
4606,Sharjah,6726.217542433738,Medium
2463,Sharjah,6722.467504739761,Medium
4048,Abu Dhabi,6717.4034672260295,Medium
3157,Dubai,6714.79448647499,Medium
1794,Dubai,6695.033478593826,Medium
4024,Abu Dhabi,6682.965968990326,Medium
1896,Abu Dhabi,6666.597521400453,Medium
449,Dubai,6664.387490749357,Medium
1785,Abu Dhabi,6655.651008510589,Medium
610,Abu Dhabi,6646.793949747085,Medium
2310,Abu Dhabi,6600.673500728606,Medium
3600,Sharjah,6599.748435211182,Medium
2196,Dubai,6590.944034409523,Medium
1983,Dubai,6572.283487987517,Medium
1939,Abu Dhabi,6569.269438076019,Medium
2486,Dubai,6559.375996255875,Medium
3024,Dubai,6555.398999023437,Medium
3126,Dubai,6525.1360058307655,Medium
1161,Dubai,6519.092016744615,Medium
303,Abu Dhabi,6513.538005149365,Medium
2195,Sharjah,6503.183512830734,Medium
4482,Abu Dhabi,6500.930972886085,Medium
2257,Dubai,6471.834999036788,Medium
128,Abu Dhabi,6462.817981457711,Medium
1851,Sharjah,6441.055476999283,Medium
4873,Sharjah,6430.027501583099,Medium
1561,Abu Dhabi,6394.704507040978,Medium
685,Dubai,6394.489001035689,Medium
3188,Dubai,6362.359468770028,Medium
874,Abu Dhabi,6337.441499972344,Medium
3022,Dubai,6329.3379494905475,Medium
1089,Dubai,6328.071019768715,Medium
2368,Dubai,6303.824038505554,Medium
1312,Sharjah,6283.932975125313,Medium
52,Dubai,6260.694475507736,Medium
2352,Dubai,6258.52401816845,Medium
2768,Sharjah,6210.217517507075,Medium
3808,Dubai,6207.23397116661,Medium
2327,Abu Dhabi,6193.7769378662115,Medium
4324,Abu Dhabi,6189.300444793702,Medium
3122,Dubai,6173.304032468795,Medium
4705,Dubai,6160.2985194921475,Medium
973,Dubai,6150.565487623216,Medium
2964,Dubai,6149.059975123405,Medium
4965,Abu Dhabi,6110.734011030197,Medium
3507,Dubai,6087.861981320381,Medium
212,Dubai,6086.741982722283,Medium
2330,Dubai,6067.878983259201,Medium
317,Dubai,6052.41101796627,Medium
2993,Dubai,6028.215951311588,Medium
2647,Abu Dhabi,6012.8730867862705,Medium
1211,Sharjah,5900.4479252338415,Medium
3472,Sharjah,5693.693508148194,Medium
1864,Dubai,5677.559940099715,Medium
3798,Abu Dhabi,5673.231007623673,Medium
3286,Abu Dhabi,5655.806014227867,Medium
4369,Sharjah,5621.6655037879955,Medium
96,Abu Dhabi,5421.87901980877,Medium
