cust_id,city,total_spend,avg_customer_spend
3845,Dubai,16599.204557514193,10358.992556933496
1404,Dubai,16595.93901910782,10358.992556933496
4900,Dubai,16569.1340018034,10358.992556933496
4184,Dubai,16497.303976190087,10358.992556933496
1846,Abu Dhabi,16479.97903499603,10358.992556933496
3969,Dubai,16452.32449808121,10358.992556933496
1962,Sharjah,16419.815966629983,10358.992556933496
1169,Dubai,16297.94899067879,10358.992556933496
3727,Dubai,16297.20508668423,10358.992556933496
283,Sharjah,16118.04549705982,10358.992556933496
3378,Abu Dhabi,15956.765993809699,10358.992556933496
3680,Dubai,15902.122430038455,10358.992556933496
4915,Sharjah,15895.694439244273,10358.992556933496
1343,Abu Dhabi,15842.925989866257,10358.992556933496
559,Abu Dhabi,15835.64199781418,10358.992556933496
2804,Sharjah,15753.240922689438,10358.992556933496
3424,Dubai,15736.274016070363,10358.992556933496
2360,Abu Dhabi,15687.60604016781,10358.992556933496
3865,Dubai,15588.363959527016,10358.992556933496
2636,Dubai,15587.006878256798,10358.992556933496
4510,Sharjah,15572.776017713548,10358.992556933496
4078,Dubai,15535.376840496063,10358.992556933496
3695,Sharjah,15462.343035602571,10358.992556933496
2771,Dubai,15435.264508819582,10358.992556933496
2923,Sharjah,15423.035971331594,10358.992556933496
3756,Dubai,15383.527494621276,10358.992556933496
249,Dubai,15380.221959495546,10358.992556933496
1966,Dubai,15242.442829728127,10358.992556933496
467,Abu Dhabi,15235.564462828635,10358.992556933496
3285,Sharjah,15228.806033277513,10358.992556933496
4524,Abu Dhabi,15225.196071171758,10358.992556933496
4742,Abu Dhabi,15211.56641442776,10358.992556933496
3470,Dubai,15203.77856981754,10358.992556933496
2895,Abu Dhabi,15180.693375444414,10358.992556933496
267,Abu Dhabi,15128.590981006624,10358.992556933496
4396,Sharjah,15114.709502935406,10358.992556933496
3873,Dubai,15100.496486747264,10358.992556933496
1852,Sharjah,15096.517629122736,10358.992556933496
509,Abu Dhabi,15077.399988102912,10358.992556933496
4227,Sharjah,15044.365971374511,10358.992556933496
1867,Abu Dhabi,15042.932951259614,10358.992556933496
3469,Sharjah,15002.586497879027,10358.992556933496
4337,Abu Dhabi,14995.984018731118,10358.992556933496
701,Dubai,14960.601391625405,10358.992556933496
2308,Sharjah,14941.902950549127,10358.992556933496
4316,Abu Dhabi,14930.03592104912,10358.992556933496
4377,Abu Dhabi,14929.427050256725,10358.992556933496
705,Dubai,14894.763977622988,10358.992556933496
414,Dubai,14853.997008943563,10358.992556933496
702,Sharjah,14849.164865779872,10358.992556933496
2612,Abu Dhabi,14848.528955173491,10358.992556933496
3678,Abu Dhabi,14842.166976952552,10358.992556933496
3794,Sharjah,14804.182991313934,10358.992556933496
1824,Abu Dhabi,14802.302462267877,10358.992556933496
3857,Abu Dhabi,14752.784506225587,10358.992556933496
66,Dubai,14734.889919877052,10358.992556933496
2166,Abu Dhabi,14694.412497591971,10358.992556933496
4345,Abu Dhabi,14676.82311935425,10358.992556933496
2217,Dubai,14652.621540236476,10358.992556933496
3317,Abu Dhabi,14646.109005331993,10358.992556933496
2124,Dubai,14638.127991223335,10358.992556933496
3536,Sharjah,14574.34051659107,10358.992556933496
4248,Sharjah,14571.04997417927,10358.992556933496
3208,Sharjah,14570.626055622097,10358.992556933496
455,Dubai,14566.640037536625,10358.992556933496
2461,Dubai,14566.498473119735,10358.992556933496
4955,Sharjah,14553.040440607072,10358.992556933496
348,Sharjah,14551.705936479566,10358.992556933496
3272,Dubai,14539.50602231026,10358.992556933496
3415,Abu Dhabi,14510.709514856339,10358.992556933496
4079,Sharjah,14502.127566695211,10358.992556933496
4604,Dubai,14479.493019437792,10358.992556933496
3591,Sharjah,14472.594957923891,10358.992556933496
4840,Abu Dhabi,14457.554029393195,10358.992556933496
3544,Dubai,14450.014944076538,10358.992556933496
2273,Sharjah,14447.103492474555,10358.992556933496
4442,Dubai,14441.518575286864,10358.992556933496
4689,Abu Dhabi,14437.537490797044,10358.992556933496
4723,Dubai,14429.4459666729,10358.992556933496
3172,Sharjah,14426.309975910186,10358.992556933496
4250,Dubai,14417.046472740174,10358.992556933496
2834,Dubai,14414.872029161459,10358.992556933496
4221,Sharjah,14413.175487804418,10358.992556933496
4869,Abu Dhabi,14401.002610456944,10358.992556933496
2425,Sharjah,14382.337502717972,10358.992556933496
1888,Dubai,14381.823991417885,10358.992556933496
132,Dubai,14381.165500164032,10358.992556933496
1324,Sharjah,14365.708906102183,10358.992556933496
1869,Abu Dhabi,14359.80395582914,10358.992556933496
2625,Dubai,14355.126998519898,10358.992556933496
394,Dubai,14354.447106409072,10358.992556933496
2977,Abu Dhabi,14353.746968424319,10358.992556933496
4356,Dubai,14340.551057291032,10358.992556933496
224,Dubai,14333.950642156606,10358.992556933496
3084,Abu Dhabi,14333.22142047882,10358.992556933496
4094,Dubai,14317.780546259879,10358.992556933496
404,Abu Dhabi,14303.186460411549,10358.992556933496
655,Dubai,14284.539531421664,10358.992556933496
369,Dubai,14256.227974939344,10358.992556933496
1173,Abu Dhabi,14253.31604859829,10358.992556933496
3856,Abu Dhabi,14242.161016273498,10358.992556933496
3403,Abu Dhabi,14240.968511962888,10358.992556933496
1256,Abu Dhabi,14233.448503303525,10358.992556933496
250,Abu Dhabi,14187.478958630563,10358.992556933496
4563,Sharjah,14184.814031219485,10358.992556933496
1462,Dubai,14182.912541818616,10358.992556933496
3705,Sharjah,14176.69152019024,10358.992556933496
211,Abu Dhabi,14175.591916048528,10358.992556933496
4587,Dubai,14175.06944811344,10358.992556933496
1974,Dubai,14159.029485964775,10358.992556933496
4178,Dubai,14155.979465341567,10358.992556933496
4949,Dubai,14147.683638381957,10358.992556933496
4512,Dubai,14147.342503440383,10358.992556933496
34,Dubai,14140.53397760391,10358.992556933496
4402,Sharjah,14140.34649205208,10358.992556933496
724,Dubai,14133.479582214353,10358.992556933496
4968,Dubai,14120.308463907242,10358.992556933496
2245,Dubai,14114.048047065735,10358.992556933496
4769,Dubai,14111.109531712535,10358.992556933496
4969,Abu Dhabi,14100.28336391449,10358.992556933496
456,Abu Dhabi,14099.374478912354,10358.992556933496
4481,Abu Dhabi,14090.149067831037,10358.992556933496
1638,Abu Dhabi,14085.83412579298,10358.992556933496
1642,Sharjah,14085.58002409935,10358.992556933496
3151,Abu Dhabi,14081.820009016988,10358.992556933496
2420,Dubai,14061.520888757708,10358.992556933496
2161,Dubai,14029.268511009217,10358.992556933496
3676,Sharjah,14024.937458109856,10358.992556933496
2807,Sharjah,14018.20359659195,10358.992556933496
1096,Dubai,14016.127087974548,10358.992556933496
1648,Sharjah,14007.970444107057,10358.992556933496
301,Dubai,14000.636970138548,10358.992556933496
4014,Dubai,13988.875947427747,10358.992556933496
4546,Dubai,13984.539034128187,10358.992556933496
2591,Sharjah,13975.781921195981,10358.992556933496
3782,Dubai,13973.115400505065,10358.992556933496
4890,Dubai,13972.794486641886,10358.992556933496
4,Abu Dhabi,13960.22143473625,10358.992556933496
4684,Dubai,13946.986996650696,10358.992556933496
1585,Sharjah,13939.157469034193,10358.992556933496
2604,Sharjah,13938.971003460882,10358.992556933496
1535,Dubai,13918.85142297745,10358.992556933496
356,Dubai,13916.667900419236,10358.992556933496
3875,Dubai,13908.519000411032,10358.992556933496
526,Dubai,13908.121494817733,10358.992556933496
3448,Sharjah,13907.781053876874,10358.992556933496
743,Abu Dhabi,13896.856534790993,10358.992556933496
1575,Sharjah,13890.510059404372,10358.992556933496
2971,Sharjah,13880.266026639938,10358.992556933496
2568,Abu Dhabi,13868.475982952117,10358.992556933496
4725,Dubai,13864.271021699904,10358.992556933496
2183,Dubai,13862.78647780418,10358.992556933496
4560,Sharjah,13862.709454107287,10358.992556933496
884,Sharjah,13852.31797492504,10358.992556933496
2578,Abu Dhabi,13842.591499495507,10358.992556933496
3913,Dubai,13841.929460811616,10358.992556933496
1327,Dubai,13839.734928441048,10358.992556933496
243,Dubai,13826.188461852074,10358.992556933496
273,Sharjah,13823.395061492918,10358.992556933496
3718,Dubai,13813.66150996685,10358.992556933496
1104,Abu Dhabi,13809.972428536415,10358.992556933496
341,Dubai,13801.73445456028,10358.992556933496
2015,Abu Dhabi,13799.82546749115,10358.992556933496
1333,Sharjah,13794.551986670498,10358.992556933496
586,Dubai,13785.64844286442,10358.992556933496
3972,Dubai,13780.617496991159,10358.992556933496
229,Dubai,13776.186981725692,10358.992556933496
3184,Dubai,13765.277997732162,10358.992556933496
1290,Abu Dhabi,13756.732026910786,10358.992556933496
2261,Dubai,13743.044471359257,10358.992556933496
1115,Dubai,13741.056077528,10358.992556933496
337,Sharjah,13740.411997985837,10358.992556933496
448,Dubai,13738.90797857046,10358.992556933496
1688,Dubai,13738.582468557355,10358.992556933496
3430,Abu Dhabi,13738.267526960373,10358.992556933496
3564,Dubai,13733.16893877983,10358.992556933496
4691,Sharjah,13731.417502975462,10358.992556933496
2574,Sharjah,13727.90189538002,10358.992556933496
1948,Abu Dhabi,13727.83661074638,10358.992556933496
3435,Sharjah,13718.762504339218,10358.992556933496
1037,Abu Dhabi,13718.679986429213,10358.992556933496
1730,Sharjah,13718.618094468116,10358.992556933496
2267,Abu Dhabi,13718.599985456465,10358.992556933496
983,Dubai,13718.283507966995,10358.992556933496
716,Dubai,13707.331482768062,10358.992556933496
1789,Abu Dhabi,13703.02503168583,10358.992556933496
4245,Sharjah,13701.674444234368,10358.992556933496
1825,Dubai,13693.602950453755,10358.992556933496
540,Sharjah,13693.052499794961,10358.992556933496
2147,Dubai,13687.858024096491,10358.992556933496
3385,Sharjah,13687.140981030461,10358.992556933496
1538,Dubai,13686.99850311279,10358.992556933496
2927,Dubai,13685.835548210143,10358.992556933496
1074,Dubai,13685.525957393644,10358.992556933496
4371,Sharjah,13680.789026308059,10358.992556933496
1223,Dubai,13679.185850214957,10358.992556933496
1883,Abu Dhabi,13675.76697511673,10358.992556933496
516,Abu Dhabi,13660.91046013832,10358.992556933496
2740,Dubai,13660.440994954108,10358.992556933496
4632,Sharjah,13655.059539604186,10358.992556933496
4495,Dubai,13649.046990013123,10358.992556933496
1996,Abu Dhabi,13649.027996778488,10358.992556933496
2110,Abu Dhabi,13633.659109902383,10358.992556933496
1102,Sharjah,13632.029967546465,10358.992556933496
4233,Sharjah,13628.608469772338,10358.992556933496
3506,Sharjah,13614.019443321227,10358.992556933496
2149,Dubai,13612.500557804107,10358.992556933496
2432,Abu Dhabi,13609.036445665357,10358.992556933496
2324,Abu Dhabi,13608.385460710522,10358.992556933496
2783,Abu Dhabi,13600.970970916747,10358.992556933496
2290,Sharjah,13598.02695872784,10358.992556933496
4875,Dubai,13587.65647153854,10358.992556933496
3560,Dubai,13586.609977674483,10358.992556933496
1619,Sharjah,13586.34247684479,10358.992556933496
870,Dubai,13575.177069044112,10358.992556933496
1748,Dubai,13566.589035654068,10358.992556933496
2277,Dubai,13563.781523048878,10358.992556933496
4263,Sharjah,13561.776421582697,10358.992556933496
2975,Dubai,13560.345074427127,10358.992556933496
1545,Dubai,13556.642499518393,10358.992556933496
1914,Sharjah,13554.779565000536,10358.992556933496
265,Dubai,13552.239015293122,10358.992556933496
1387,Abu Dhabi,13534.317056441305,10358.992556933496
3688,Dubai,13533.95293302536,10358.992556933496
4360,Abu Dhabi,13529.611056447025,10358.992556933496
1372,Dubai,13522.445936083794,10358.992556933496
3801,Dubai,13522.142077660563,10358.992556933496
2359,Dubai,13519.67249224186,10358.992556933496
2076,Sharjah,13507.269550919535,10358.992556933496
1061,Sharjah,13503.267088341709,10358.992556933496
1090,Dubai,13497.7355740428,10358.992556933496
4308,Dubai,13494.967064237597,10358.992556933496
2717,Abu Dhabi,13494.230957365035,10358.992556933496
1348,Abu Dhabi,13494.134549665452,10358.992556933496
2437,Dubai,13492.538567614552,10358.992556933496
2758,Dubai,13487.412506818773,10358.992556933496
1393,Sharjah,13480.811380636693,10358.992556933496
2328,Dubai,13479.638536381719,10358.992556933496
807,Dubai,13476.635431623461,10358.992556933496
2832,Dubai,13474.945986557008,10358.992556933496
3362,Dubai,13471.056508922578,10358.992556933496
3614,Abu Dhabi,13470.555035972597,10358.992556933496
1692,Dubai,13468.067422628405,10358.992556933496
791,Sharjah,13464.245480751988,10358.992556933496
1777,Dubai,13462.675563764575,10358.992556933496
3535,Abu Dhabi,13459.422472226619,10358.992556933496
1728,Sharjah,13456.081993961332,10358.992556933496
2342,Dubai,13455.997574973106,10358.992556933496
405,Dubai,13438.297536230086,10358.992556933496
656,Abu Dhabi,13432.879493045808,10358.992556933496
492,Dubai,13431.08988580704,10358.992556933496
3407,Dubai,13412.310975003242,10358.992556933496
3864,Sharjah,13400.256514406203,10358.992556933496
4942,Dubai,13399.370191073416,10358.992556933496
4212,Abu Dhabi,13395.566499137876,10358.992556933496
3331,Dubai,13391.097872257233,10358.992556933496
3288,Abu Dhabi,13391.083376049995,10358.992556933496
357,Dubai,13389.738021564483,10358.992556933496
2512,Abu Dhabi,13378.231981897356,10358.992556933496
1143,Dubai,13372.294085359574,10358.992556933496
4336,Sharjah,13370.283522987367,10358.992556933496
2344,Dubai,13369.57752418518,10358.992556933496
681,Dubai,13364.456601071357,10358.992556933496
1982,Dubai,13357.94788761139,10358.992556933496
4911,Sharjah,13348.183984661104,10358.992556933496
2030,Dubai,13344.439571642877,10358.992556933496
4398,Sharjah,13342.305051827432,10358.992556933496
4572,Dubai,13335.914455795288,10358.992556933496
828,Abu Dhabi,13333.929981565474,10358.992556933496
1604,Abu Dhabi,13332.466988706587,10358.992556933496
3169,Dubai,13332.451449227334,10358.992556933496
1843,Dubai,13331.407054471973,10358.992556933496
1591,Dubai,13330.960932421689,10358.992556933496
878,Abu Dhabi,13330.785027003287,10358.992556933496
4959,Dubai,13326.631378126147,10358.992556933496
142,Sharjah,13322.152943897245,10358.992556933496
2919,Dubai,13317.819923877716,10358.992556933496
590,Abu Dhabi,13317.441478276254,10358.992556933496
3294,Dubai,13317.100481152536,10358.992556933496
372,Sharjah,13303.695464968683,10358.992556933496
1878,Dubai,13302.898487901686,10358.992556933496
1111,Abu Dhabi,13301.804929590224,10358.992556933496
2250,Abu Dhabi,13300.597975993154,10358.992556933496
4343,Dubai,13295.829564309119,10358.992556933496
2744,Sharjah,13290.697977256772,10358.992556933496
1508,Abu Dhabi,13289.85942349434,10358.992556933496
3337,Dubai,13289.548009419439,10358.992556933496
4017,Sharjah,13281.794416904451,10358.992556933496
1431,Dubai,13280.225033402445,10358.992556933496
1583,Dubai,13270.349979424476,10358.992556933496
2679,Sharjah,13264.856028699875,10358.992556933496
3043,Abu Dhabi,13258.21347692013,10358.992556933496
2812,Dubai,13258.15894203186,10358.992556933496
4567,Abu Dhabi,13257.990950250623,10358.992556933496
506,Sharjah,13257.966570854189,10358.992556933496
3636,Abu Dhabi,13257.048057603835,10358.992556933496
2900,Abu Dhabi,13254.596494197847,10358.992556933496
713,Dubai,13247.619119024277,10358.992556933496
366,Dubai,13247.482035779954,10358.992556933496
4731,Dubai,13243.003998816015,10358.992556933496
1481,Dubai,13242.880019164084,10358.992556933496
1957,Abu Dhabi,13238.709993600844,10358.992556933496
916,Abu Dhabi,13232.608510303498,10358.992556933496
2524,Dubai,13232.433053421975,10358.992556933496
245,Dubai,13225.287601685524,10358.992556933496
1477,Dubai,13222.281419920922,10358.992556933496
3698,Abu Dhabi,13220.729975128175,10358.992556933496
4450,Dubai,13216.355481910705,10358.992556933496
4945,Dubai,13210.936975789069,10358.992556933496
795,Sharjah,13204.6055290699,10358.992556933496
227,Abu Dhabi,13201.602560853958,10358.992556933496
4472,Abu Dhabi,13199.531512832642,10358.992556933496
1093,Abu Dhabi,13199.414541840551,10358.992556933496
4513,Dubai,13199.327978229521,10358.992556933496
483,Dubai,13193.200997710226,10358.992556933496
2930,Dubai,13193.056548690796,10358.992556933496
1537,Dubai,13181.439472126962,10358.992556933496
4239,Dubai,13181.066568374634,10358.992556933496
2170,Dubai,13177.97700893879,10358.992556933496
1679,Dubai,13172.002991116047,10358.992556933496
1842,Dubai,13168.847646141048,10358.992556933496
4645,Dubai,13159.617518115047,10358.992556933496
4088,Dubai,13154.913594007494,10358.992556933496
707,Dubai,13153.737023663522,10358.992556933496
4783,Dubai,13153.22909834385,10358.992556933496
2252,Dubai,13148.528515124322,10358.992556933496
386,Abu Dhabi,13146.054046106336,10358.992556933496
3045,Dubai,13142.910427713394,10358.992556933496
838,Sharjah,13141.6519990921,10358.992556933496
2439,Dubai,13139.789487552645,10358.992556933496
946,Dubai,13138.105988693236,10358.992556933496
4630,Dubai,13137.223875045775,10358.992556933496
1701,Dubai,13136.444032478334,10358.992556933496
4366,Dubai,13135.431006383895,10358.992556933496
1706,Dubai,13135.053492212293,10358.992556933496
4500,Sharjah,13131.903979253766,10358.992556933496
4361,Abu Dhabi,13116.534476304056,10358.992556933496
3476,Sharjah,13115.484585142138,10358.992556933496
340,Abu Dhabi,13111.310521292684,10358.992556933496
2774,Dubai,13105.106578159333,10358.992556933496
190,Sharjah,13104.22248315811,10358.992556933496
3495,Sharjah,13101.779001259807,10358.992556933496
2350,Dubai,13095.05444974899,10358.992556933496
601,Abu Dhabi,13094.66641819477,10358.992556933496
4811,Dubai,13093.031987810138,10358.992556933496
1812,Dubai,13091.451990270614,10358.992556933496
2386,Dubai,13089.939906644819,10358.992556933496
3554,Abu Dhabi,13079.117547559741,10358.992556933496
3209,Sharjah,13072.142544770242,10358.992556933496
4657,Abu Dhabi,13069.251918339729,10358.992556933496
1865,Dubai,13059.118934440612,10358.992556933496
1457,Dubai,13058.849012851715,10358.992556933496
1902,Sharjah,13054.02496287823,10358.992556933496
913,Dubai,13052.225477719305,10358.992556933496
1461,Dubai,13052.063524460791,10358.992556933496
1316,Abu Dhabi,13049.318458414076,10358.992556933496
751,Dubai,13047.427534389495,10358.992556933496
4380,Abu Dhabi,13045.760987317564,10358.992556933496
4215,Sharjah,13044.203435921669,10358.992556933496
3402,Dubai,13041.721984028816,10358.992556933496
117,Dubai,13040.268515515327,10358.992556933496
4997,Sharjah,13037.559998893737,10358.992556933496
757,Abu Dhabi,13037.066981792448,10358.992556933496
2318,Abu Dhabi,13035.045414566992,10358.992556933496
333,Sharjah,13019.934033346177,10358.992556933496
2114,Dubai,13017.82851436138,10358.992556933496
3194,Abu Dhabi,13014.465520358088,10358.992556933496
2302,Abu Dhabi,13009.549064433575,10358.992556933496
1026,Abu Dhabi,13005.809012341502,10358.992556933496
3668,Abu Dhabi,13003.401082229611,10358.992556933496
4315,Sharjah,13002.859574770928,10358.992556933496
3010,Sharjah,12991.816856193542,10358.992556933496
3790,Abu Dhabi,12989.93252120018,10358.992556933496
1752,Abu Dhabi,12989.659482836723,10358.992556933496
2613,Dubai,12985.907049512862,10358.992556933496
3795,Dubai,12982.389502859114,10358.992556933496
4534,Abu Dhabi,12981.472040653227,10358.992556933496
53,Dubai,12980.330415809158,10358.992556933496
4117,Sharjah,12976.841976523401,10358.992556933496
3825,Dubai,12976.481927204131,10358.992556933496
3524,Dubai,12968.759975743298,10358.992556933496
3381,Sharjah,12965.732446599002,10358.992556933496
2268,Abu Dhabi,12964.009924745556,10358.992556933496
1616,Dubai,12962.722532892225,10358.992556933496
2899,Abu Dhabi,12961.290513324739,10358.992556933496
2351,Abu Dhabi,12959.773995745183,10358.992556933496
781,Dubai,12953.537015104295,10358.992556933496
3890,Sharjah,12951.321521568298,10358.992556933496
2968,Dubai,12950.983964920046,10358.992556933496
4103,Abu Dhabi,12949.429103374478,10358.992556933496
3439,Sharjah,12949.1648958683,10358.992556933496
2084,Sharjah,12946.957527995108,10358.992556933496
4808,Dubai,12943.719432997708,10358.992556933496
3883,Abu Dhabi,12940.7009421587,10358.992556933496
3717,Abu Dhabi,12936.044416069986,10358.992556933496
511,Sharjah,12935.535056912899,10358.992556933496
3579,Dubai,12934.281525039676,10358.992556933496
3426,Abu Dhabi,12932.821460437775,10358.992556933496
2174,Abu Dhabi,12929.884044837952,10358.992556933496
4586,Dubai,12928.90905005932,10358.992556933496
2137,Abu Dhabi,12924.227972960472,10358.992556933496
3293,Abu Dhabi,12915.405021429062,10358.992556933496
4086,Dubai,12913.002401995658,10358.992556933496
319,Sharjah,12912.701954746244,10358.992556933496
4418,Dubai,12911.64403760433,10358.992556933496
1835,Dubai,12910.257476854325,10358.992556933496
3393,Dubai,12909.384525191786,10358.992556933496
768,Dubai,12908.609923148155,10358.992556933496
3853,Abu Dhabi,12905.931950223448,10358.992556933496
2036,Dubai,12902.507481646537,10358.992556933496
2609,Dubai,12896.736519575119,10358.992556933496
464,Sharjah,12894.320475816729,10358.992556933496
4784,Sharjah,12890.929017996787,10358.992556933496
1195,Abu Dhabi,12890.350496602057,10358.992556933496
2317,Dubai,12890.22540485859,10358.992556933496
3077,Dubai,12889.792001926899,10358.992556933496
890,Dubai,12885.93355693817,10358.992556933496
130,Abu Dhabi,12884.95594687462,10358.992556933496
4994,Abu Dhabi,12881.82804441452,10358.992556933496
978,Abu Dhabi,12877.788534080983,10358.992556933496
3879,Abu Dhabi,12873.638447475434,10358.992556933496
2288,Dubai,12872.878491210939,10358.992556933496
2438,Abu Dhabi,12870.060926604276,10358.992556933496
4796,Dubai,12867.691953372956,10358.992556933496
2849,Dubai,12863.894028425217,10358.992556933496
2951,Dubai,12859.601988315582,10358.992556933496
1700,Abu Dhabi,12859.472929334643,10358.992556933496
1682,Abu Dhabi,12858.459477972985,10358.992556933496
4568,Dubai,12854.918534660339,10358.992556933496
2451,Dubai,12854.757027029991,10358.992556933496
1426,Dubai,12846.697003936764,10358.992556933496
3336,Dubai,12846.144054937362,10358.992556933496
552,Sharjah,12835.177957057953,10358.992556933496
2163,Sharjah,12828.760922646525,10358.992556933496
359,Abu Dhabi,12827.775064802168,10358.992556933496
942,Dubai,12822.847003793717,10358.992556933496
3566,Dubai,12818.682425832747,10358.992556933496
1177,Dubai,12818.542952632903,10358.992556933496
2727,Dubai,12814.248937582972,10358.992556933496
3760,Abu Dhabi,12813.916966807843,10358.992556933496
134,Sharjah,12794.696042966843,10358.992556933496
3164,Dubai,12794.68941516876,10358.992556933496
4557,Dubai,12793.076040554048,10358.992556933496
1039,Sharjah,12791.984958291056,10358.992556933496
4313,Sharjah,12786.190505933762,10358.992556933496
784,Abu Dhabi,12785.984534835816,10358.992556933496
809,Sharjah,12785.85950613022,10358.992556933496
3541,Abu Dhabi,12780.462480306625,10358.992556933496
3981,Abu Dhabi,12778.833359074591,10358.992556933496
4850,Abu Dhabi,12777.931036138536,10358.992556933496
3820,Dubai,12773.125498318674,10358.992556933496
4321,Dubai,12772.228965353968,10358.992556933496
3187,Sharjah,12771.378475165364,10358.992556933496
2925,Dubai,12771.364481484892,10358.992556933496
3458,Sharjah,12769.28947212696,10358.992556933496
2064,Dubai,12766.907030296325,10358.992556933496
4675,Abu Dhabi,12766.802982556823,10358.992556933496
3253,Dubai,12766.550047898289,10358.992556933496
4867,Abu Dhabi,12760.05644288063,10358.992556933496
4022,Abu Dhabi,12754.195422649384,10358.992556933496
1968,Dubai,12752.48500268459,10358.992556933496
2218,Sharjah,12750.38000067472,10358.992556933496
1862,Abu Dhabi,12749.43402528763,10358.992556933496
2869,Abu Dhabi,12747.415528249741,10358.992556933496
2254,Dubai,12746.37251253724,10358.992556933496
1714,Dubai,12745.581960344316,10358.992556933496
4864,Dubai,12742.71501917839,10358.992556933496
3830,Dubai,12739.975024461746,10358.992556933496
1273,Abu Dhabi,12738.928084337711,10358.992556933496
4562,Sharjah,12736.099013996125,10358.992556933496
3083,Dubai,12734.504487061502,10358.992556933496
4685,Sharjah,12734.243013334275,10358.992556933496
4952,Abu Dhabi,12732.537054038048,10358.992556933496
3100,Abu Dhabi,12732.258079361916,10358.992556933496
4669,Abu Dhabi,12730.892533612252,10358.992556933496
766,Dubai,12727.562516355514,10358.992556933496
1276,Dubai,12724.232018113138,10358.992556933496
856,Sharjah,12721.828544044492,10358.992556933496
85,Sharjah,12721.618041253092,10358.992556933496
1349,Dubai,12715.363475966453,10358.992556933496
3984,Abu Dhabi,12715.343961763383,10358.992556933496
3568,Sharjah,12713.907492303846,10358.992556933496
2349,Abu Dhabi,12713.221360015867,10358.992556933496
4847,Dubai,12709.636566329002,10358.992556933496
3,Dubai,12708.429977798465,10358.992556933496
1775,Abu Dhabi,12702.58512622118,10358.992556933496
2129,Dubai,12700.984484076502,10358.992556933496
2809,Abu Dhabi,12700.707035684587,10358.992556933496
2796,Dubai,12697.738030004504,10358.992556933496
2190,Sharjah,12695.30001423359,10358.992556933496
124,Dubai,12694.033559823036,10358.992556933496
665,Sharjah,12693.8329749465,10358.992556933496
3310,Abu Dhabi,12693.310561084749,10358.992556933496
4577,Sharjah,12690.371488952636,10358.992556933496
4211,Abu Dhabi,12689.52491412163,10358.992556933496
2068,Sharjah,12687.002479052544,10358.992556933496
738,Dubai,12685.372018575672,10358.992556933496
1626,Sharjah,12684.950414013862,10358.992556933496
3035,Dubai,12684.709468936922,10358.992556933496
3956,Dubai,12684.324958610532,10358.992556933496
3640,Dubai,12684.175491976739,10358.992556933496
2986,Sharjah,12677.360018634794,10358.992556933496
1936,Sharjah,12675.384996342658,10358.992556933496
4136,Sharjah,12672.42195813656,10358.992556933496
4813,Sharjah,12672.421024751664,10358.992556933496
20,Sharjah,12671.03645105362,10358.992556933496
632,Dubai,12664.823032426833,10358.992556933496
4467,Dubai,12662.733483123779,10358.992556933496
2445,Dubai,12660.379474735262,10358.992556933496
3387,Dubai,12658.743568038939,10358.992556933496
1071,Dubai,12654.814928245549,10358.992556933496
1056,Dubai,12654.343955111508,10358.992556933496
3252,Abu Dhabi,12653.229994297028,10358.992556933496
3515,Sharjah,12653.170499968524,10358.992556933496
4152,Abu Dhabi,12652.469486999511,10358.992556933496
3489,Dubai,12643.290067362785,10358.992556933496
437,Sharjah,12639.644500303268,10358.992556933496
3594,Dubai,12637.138029932974,10358.992556933496
364,Abu Dhabi,12636.404959988595,10358.992556933496
4643,Sharjah,12633.889023673533,10358.992556933496
3156,Sharjah,12630.092412614826,10358.992556933496
1633,Abu Dhabi,12627.007042098045,10358.992556933496
652,Dubai,12622.435550487038,10358.992556933496
4893,Abu Dhabi,12621.990537762642,10358.992556933496
4039,Abu Dhabi,12620.47100019455,10358.992556933496
470,Dubai,12619.93143107891,10358.992556933496
3016,Sharjah,12615.397486162186,10358.992556933496
1493,Dubai,12612.447992563248,10358.992556933496
4019,Sharjah,12612.269911789894,10358.992556933496
4798,Sharjah,12611.886969399455,10358.992556933496
4668,Dubai,12610.840519380572,10358.992556933496
4824,Dubai,12607.858038926124,10358.992556933496
1485,Sharjah,12604.862447547912,10358.992556933496
4082,Dubai,12604.208007419113,10358.992556933496
4735,Abu Dhabi,12602.288991260526,10358.992556933496
2380,Abu Dhabi,12602.155000448227,10358.992556933496
808,Sharjah,12601.358568859101,10358.992556933496
3419,Abu Dhabi,12588.164009547234,10358.992556933496
4181,Dubai,12587.401506674292,10358.992556933496
2792,Dubai,12585.57401723862,10358.992556933496
4839,Sharjah,12584.814049029352,10358.992556933496
3860,Sharjah,12582.27145590782,10358.992556933496
3170,Dubai,12582.042538642883,10358.992556933496
3513,Sharjah,12581.565966248512,10358.992556933496
3799,Dubai,12579.202986323833,10358.992556933496
2939,Abu Dhabi,12578.187496662142,10358.992556933496
1548,Dubai,12577.103030753133,10358.992556933496
4067,Dubai,12574.813459992407,10358.992556933496
571,Dubai,12569.28610351086,10358.992556933496
3189,Abu Dhabi,12566.284549951555,10358.992556933496
2069,Dubai,12563.538493561748,10358.992556933496
927,Dubai,12563.208977043627,10358.992556933496
1309,Sharjah,12560.667501950264,10358.992556933496
3037,Sharjah,12554.25998721123,10358.992556933496
410,Abu Dhabi,12549.213580608368,10358.992556933496
4335,Dubai,12548.744972133636,10358.992556933496
1411,Dubai,12545.36196846962,10358.992556933496
4922,Abu Dhabi,12541.595028448104,10358.992556933496
4530,Dubai,12541.356961345678,10358.992556933496
3446,Dubai,12540.480994057654,10358.992556933496
2272,Abu Dhabi,12531.55538496971,10358.992556933496
3364,Sharjah,12529.73754093647,10358.992556933496
3817,Abu Dhabi,12529.605446267127,10358.992556933496
4506,Abu Dhabi,12529.513052010534,10358.992556933496
3051,Dubai,12527.04598271847,10358.992556933496
2059,Dubai,12525.859481430054,10358.992556933496
2934,Abu Dhabi,12523.866967773436,10358.992556933496
2965,Dubai,12521.5924384594,10358.992556933496
315,Dubai,12520.638034296035,10358.992556933496
1314,Abu Dhabi,12517.121521568299,10358.992556933496
1248,Sharjah,12512.429897761345,10358.992556933496
1007,Dubai,12509.241473150254,10358.992556933496
3007,Abu Dhabi,12508.3729701519,10358.992556933496
672,Sharjah,12505.49999756813,10358.992556933496
4433,Sharjah,12498.745068502425,10358.992556933496
2199,Abu Dhabi,12497.924972248078,10358.992556933496
1049,Abu Dhabi,12497.44442474842,10358.992556933496
475,Dubai,12491.126974272729,10358.992556933496
2518,Abu Dhabi,12491.04094312191,10358.992556933496
2982,Dubai,12489.815428566932,10358.992556933496
2037,Dubai,12489.640526390076,10358.992556933496
899,Dubai,12486.842028188705,10358.992556933496
764,Abu Dhabi,12479.914432668684,10358.992556933496
1655,Dubai,12478.309515547751,10358.992556933496
682,Abu Dhabi,12475.391006326676,10358.992556933496
3585,Dubai,12473.852549850935,10358.992556933496
4624,Dubai,12471.910571336752,10358.992556933496
67,Sharjah,12471.519537496566,10358.992556933496
4175,Dubai,12471.043956708905,10358.992556933496
1317,Dubai,12467.212497544288,10358.992556933496
1564,Abu Dhabi,12466.456917786598,10358.992556933496
240,Abu Dhabi,12464.23844075203,10358.992556933496
545,Sharjah,12460.109471940994,10358.992556933496
922,Sharjah,12458.768495821952,10358.992556933496
1305,Sharjah,12456.069451665879,10358.992556933496
3412,Abu Dhabi,12455.888475561142,10358.992556933496
3485,Dubai,12455.72410480976,10358.992556933496
3306,Abu Dhabi,12454.335968923568,10358.992556933496
1503,Abu Dhabi,12453.823043584824,10358.992556933496
444,Abu Dhabi,12453.817431521418,10358.992556933496
660,Abu Dhabi,12453.745018005367,10358.992556933496
550,Dubai,12449.762049293518,10358.992556933496
3733,Sharjah,12448.431973445415,10358.992556933496
58,Sharjah,12447.954988527297,10358.992556933496
1291,Abu Dhabi,12441.571947264672,10358.992556933496
932,Dubai,12439.711560654641,10358.992556933496
3071,Sharjah,12435.649489641188,10358.992556933496
1845,Sharjah,12433.173464846612,10358.992556933496
2056,Dubai,12431.113486230375,10358.992556933496
1941,Abu Dhabi,12427.01705365181,10358.992556933496
2385,Dubai,12426.70156235695,10358.992556933496
3602,Sharjah,12424.920079278945,10358.992556933496
3978,Dubai,12423.240446519852,10358.992556933496
260,Sharjah,12423.015549373627,10358.992556933496
1815,Dubai,12421.890989017485,10358.992556933496
4826,Sharjah,12421.759932422636,10358.992556933496
2244,Sharjah,12420.703050565717,10358.992556933496
970,Dubai,12420.326392173767,10358.992556933496
3780,Abu Dhabi,12420.100014567373,10358.992556933496
3979,Dubai,12419.742975091935,10358.992556933496
733,Dubai,12417.926639676094,10358.992556933496
4036,Sharjah,12410.858393907547,10358.992556933496
3784,Sharjah,12407.102471995351,10358.992556933496
3263,Dubai,12406.18904604912,10358.992556933496
1550,Dubai,12406.062404638522,10358.992556933496
1496,Dubai,12404.866394472123,10358.992556933496
1589,Dubai,12400.605451989173,10358.992556933496
3413,Sharjah,12398.999449872972,10358.992556933496
2279,Abu Dhabi,12396.023559713363,10358.992556933496
568,Dubai,12393.994441890716,10358.992556933496
4488,Abu Dhabi,12393.887066030506,10358.992556933496
1964,Sharjah,12389.329496359827,10358.992556933496
502,Dubai,12389.128997373582,10358.992556933496
3744,Dubai,12388.559101891517,10358.992556933496
2659,Abu Dhabi,12385.963009679317,10358.992556933496
1450,Dubai,12384.628464531897,10358.992556933496
1822,Sharjah,12383.601594114301,10358.992556933496
2534,Dubai,12382.32054579258,10358.992556933496
4860,Dubai,12381.838952732081,10358.992556933496
86,Dubai,12376.511004424096,10358.992556933496
1611,Abu Dhabi,12375.401039791108,10358.992556933496
2521,Dubai,12372.644997167588,10358.992556933496
3211,Dubai,12372.228963947295,10358.992556933496
2164,Dubai,12369.022040128708,10358.992556933496
1631,Dubai,12366.249960505962,10358.992556933496
2052,Abu Dhabi,12364.069492340086,10358.992556933496
3073,Abu Dhabi,12363.970615434648,10358.992556933496
2730,Sharjah,12363.076520228386,10358.992556933496
2226,Sharjah,12362.547973835472,10358.992556933496
2088,Abu Dhabi,12360.997981357577,10358.992556933496
3467,Dubai,12357.026026344298,10358.992556933496
667,Abu Dhabi,12355.646511244775,10358.992556933496
3165,Dubai,12353.698970937732,10358.992556933496
1172,Abu Dhabi,12352.688474225997,10358.992556933496
1840,Abu Dhabi,12352.182477521896,10358.992556933496
157,Dubai,12347.989007759095,10358.992556933496
4950,Abu Dhabi,12347.602493190769,10358.992556933496
4871,Abu Dhabi,12346.877495718003,10358.992556933496
952,Dubai,12344.857507574556,10358.992556933496
3464,Abu Dhabi,12344.848009777068,10358.992556933496
4704,Dubai,12344.73649790287,10358.992556933496
2300,Dubai,12342.400975227356,10358.992556933496
604,Abu Dhabi,12342.330947422983,10358.992556933496
4819,Dubai,12334.392051124572,10358.992556933496
2222,Abu Dhabi,12334.040442848205,10358.992556933496
782,Abu Dhabi,12333.512894868853,10358.992556933496
647,Dubai,12332.378967380519,10358.992556933496
3520,Dubai,12331.305992627143,10358.992556933496
2123,Sharjah,12329.972895407673,10358.992556933496
1315,Abu Dhabi,12329.314504671098,10358.992556933496
915,Sharjah,12327.179964256286,10358.992556933496
4910,Dubai,12325.838009476664,10358.992556933496
3144,Abu Dhabi,12319.51399178505,10358.992556933496
308,Dubai,12317.684903192518,10358.992556933496
4762,Dubai,12315.680978155135,10358.992556933496
1786,Sharjah,12312.908044767379,10358.992556933496
3416,Abu Dhabi,12312.373466944697,10358.992556933496
4487,Abu Dhabi,12311.599502921104,10358.992556933496
2303,Dubai,12310.55600616932,10358.992556933496
3656,Abu Dhabi,12308.384974217417,10358.992556933496
1991,Sharjah,12307.897920036316,10358.992556933496
2843,Dubai,12307.082467293742,10358.992556933496
822,Dubai,12305.751052474974,10358.992556933496
2813,Dubai,12302.575445580484,10358.992556933496
3706,Dubai,12299.471941232683,10358.992556933496
805,Dubai,12297.834008836746,10358.992556933496
3563,Abu Dhabi,12294.418056440354,10358.992556933496
38,Abu Dhabi,12290.424487590788,10358.992556933496
3809,Dubai,12289.536959981917,10358.992556933496
1389,Dubai,12289.419984102253,10358.992556933496
4252,Dubai,12287.406935977935,10358.992556933496
2983,Dubai,12284.472502422333,10358.992556933496
1156,Dubai,12282.009491157529,10358.992556933496
4112,Dubai,12278.42239906788,10358.992556933496
1432,Abu Dhabi,12278.119061851501,10358.992556933496
1297,Sharjah,12274.777005887034,10358.992556933496
2346,Dubai,12274.766984844211,10358.992556933496
2842,Sharjah,12274.538455486298,10358.992556933496
4877,Abu Dhabi,12274.359074354174,10358.992556933496
1218,Sharjah,12270.308987593651,10358.992556933496
4280,Dubai,12270.230523967744,10358.992556933496
3555,Dubai,12260.102934837343,10358.992556933496
1784,Dubai,12259.053059995174,10358.992556933496
4440,Dubai,12259.003979396823,10358.992556933496
798,Dubai,12258.735998010634,10358.992556933496
1099,Abu Dhabi,12255.808473730089,10358.992556933496
2160,Dubai,12255.06796543598,10358.992556933496
84,Sharjah,12254.283024907114,10358.992556933496
1130,Sharjah,12252.40491309166,10358.992556933496
4986,Sharjah,12251.856480133532,10358.992556933496
2393,Abu Dhabi,12250.23198707104,10358.992556933496
14,Dubai,12247.775437974931,10358.992556933496
472,Abu Dhabi,12246.22647702694,10358.992556933496
971,Sharjah,12238.74952403307,10358.992556933496
3786,Sharjah,12237.201447212698,10358.992556933496
242,Sharjah,12232.041443705555,10358.992556933496
1586,Sharjah,12231.803492975241,10358.992556933496
3228,Abu Dhabi,12229.457922172547,10358.992556933496
3015,Sharjah,12228.435991930963,10358.992556933496
3791,Abu Dhabi,12228.122918224337,10358.992556933496
2860,Sharjah,12227.141511821746,10358.992556933496
1940,Abu Dhabi,12224.516538262367,10358.992556933496
4758,Dubai,12223.990079164505,10358.992556933496
2113,Sharjah,12223.158589625358,10358.992556933496
2584,Abu Dhabi,12222.668906140329,10358.992556933496
4114,Dubai,12222.6440251112,10358.992556933496
2714,Abu Dhabi,12220.420939874652,10358.992556933496
1375,Dubai,12218.185995924474,10358.992556933496
4382,Abu Dhabi,12216.800014376639,10358.992556933496
2340,Abu Dhabi,12215.998993206022,10358.992556933496
2638,Abu Dhabi,12214.044528484346,10358.992556933496
4584,Abu Dhabi,12212.81845293045,10358.992556933496
4350,Sharjah,12209.813413226604,10358.992556933496
2390,Dubai,12205.15500369072,10358.992556933496
2953,Abu Dhabi,12204.34054903984,10358.992556933496
1250,Dubai,12197.986944985389,10358.992556933496
2987,Dubai,12193.830953598022,10358.992556933496
1951,Abu Dhabi,12192.142420577999,10358.992556933496
3870,Dubai,12191.725976705548,10358.992556933496
4496,Dubai,12190.658517217636,10358.992556933496
3473,Abu Dhabi,12188.717466616632,10358.992556933496
4803,Dubai,12188.078922843932,10358.992556933496
2759,Dubai,12187.90594627857,10358.992556933496
2152,Abu Dhabi,12186.785965847967,10358.992556933496
3225,Abu Dhabi,12186.282998466488,10358.992556933496
4287,Sharjah,12186.056459951402,10358.992556933496
2248,Abu Dhabi,12184.605493164061,10358.992556933496
1890,Dubai,12184.369523191452,10358.992556933496
974,Abu Dhabi,12182.567443788053,10358.992556933496
2225,Dubai,12182.193477416038,10358.992556933496
247,Dubai,12180.610462069513,10358.992556933496
779,Sharjah,12177.970017790793,10358.992556933496
1893,Sharjah,12177.567044138912,10358.992556933496
3042,Dubai,12176.696027708052,10358.992556933496
2992,Dubai,12174.109888172148,10358.992556933496
4504,Sharjah,12173.818045318127,10358.992556933496
4649,Dubai,12171.269041895865,10358.992556933496
1641,Abu Dhabi,12170.252879381178,10358.992556933496
1817,Dubai,12169.707939863205,10358.992556933496
445,Dubai,12167.126386928558,10358.992556933496
606,Sharjah,12166.933902549743,10358.992556933496
4991,Sharjah,12166.708499288558,10358.992556933496
4774,Dubai,12166.68740415573,10358.992556933496
706,Dubai,12160.05096974373,10358.992556933496
3650,Dubai,12159.005411434176,10358.992556933496
2011,Sharjah,12158.570977306366,10358.992556933496
2156,Dubai,12158.28596327305,10358.992556933496
1226,Dubai,12156.354120874405,10358.992556933496
2134,Dubai,12154.799535894395,10358.992556933496
487,Abu Dhabi,12153.571938991548,10358.992556933496
466,Dubai,12148.242484188084,10358.992556933496
4694,Sharjah,12143.65449206829,10358.992556933496
2235,Dubai,12139.659970426563,10358.992556933496
206,Dubai,12136.169939708712,10358.992556933496
675,Dubai,12135.43946900368,10358.992556933496
2315,Dubai,12134.494462668894,10358.992556933496
3145,Dubai,12133.717525482178,10358.992556933496
1311,Abu Dhabi,12132.239516592024,10358.992556933496
4444,Dubai,12129.811984479427,10358.992556933496
2967,Sharjah,12129.662999486922,10358.992556933496
3587,Dubai,12129.612890243525,10358.992556933496
1408,Dubai,12127.940069627763,10358.992556933496
921,Sharjah,12125.000957751274,10358.992556933496
2911,Sharjah,12123.794000935553,10358.992556933496
2341,Sharjah,12123.319925141335,10358.992556933496
965,Sharjah,12122.236040651802,10358.992556933496
727,Dubai,12120.721499419215,10358.992556933496
425,Abu Dhabi,12118.37043862343,10358.992556933496
2938,Sharjah,12116.73848042488,10358.992556933496
1489,Abu Dhabi,12116.618894720075,10358.992556933496
442,Sharjah,12114.554013526442,10358.992556933496
4288,Dubai,12114.04592087269,10358.992556933496
2887,Abu Dhabi,12113.235541152955,10358.992556933496
3265,Dubai,12108.295070123673,10358.992556933496
262,Dubai,12104.700450038912,10358.992556933496
3603,Dubai,12101.230022478103,10358.992556933496
2099,Sharjah,12101.11059203148,10358.992556933496
2652,Abu Dhabi,12100.211940312385,10358.992556933496
1699,Abu Dhabi,12099.665507674217,10358.992556933496
1134,Dubai,12098.902968883513,10358.992556933496
2027,Sharjah,12097.91002641916,10358.992556933496
735,Abu Dhabi,12095.652459955216,10358.992556933496
4293,Abu Dhabi,12094.553955698015,10358.992556933496
3844,Dubai,12094.425970411303,10358.992556933496
2800,Sharjah,12094.418499970436,10358.992556933496
2292,Dubai,12093.897414731979,10358.992556933496
1832,Dubai,12092.204957866665,10358.992556933496
3234,Dubai,12092.124996352197,10358.992556933496
1425,Sharjah,12091.355025887487,10358.992556933496
4021,Abu Dhabi,12089.335112667084,10358.992556933496
1201,Sharjah,12089.015975713733,10358.992556933496
633,Dubai,12088.225497293466,10358.992556933496
1261,Dubai,12085.98152396679,10358.992556933496
4376,Abu Dhabi,12081.614989423753,10358.992556933496
1635,Dubai,12080.696045303343,10358.992556933496
2650,Abu Dhabi,12079.159997272493,10358.992556933496
1933,Abu Dhabi,12077.69506919384,10358.992556933496
3752,Abu Dhabi,12077.680046689507,10358.992556933496
2473,Dubai,12077.088443946841,10358.992556933496
1183,Dubai,12076.96699523926,10358.992556933496
3363,Sharjah,12075.590940213204,10358.992556933496
2269,Abu Dhabi,12075.575491738322,10358.992556933496
1275,Sharjah,12075.47988703251,10358.992556933496
3235,Dubai,12073.449527215957,10358.992556933496
3483,Dubai,12072.667917108536,10358.992556933496
3206,Sharjah,12071.260093927383,10358.992556933496
1573,Abu Dhabi,12069.662932538984,10358.992556933496
3715,Dubai,12069.653486299516,10358.992556933496
1955,Dubai,12068.957994747163,10358.992556933496
4265,Abu Dhabi,12068.942961764335,10358.992556933496
3701,Dubai,12068.853430175785,10358.992556933496
4667,Dubai,12068.66590900421,10358.992556933496
2844,Abu Dhabi,12068.424468827247,10358.992556933496
4626,Sharjah,12065.239993333817,10358.992556933496
2246,Dubai,12064.820980632305,10358.992556933496
1576,Sharjah,12063.520441555977,10358.992556933496
4057,Dubai,12061.104947185517,10358.992556933496
2374,Dubai,12058.59495747089,10358.992556933496
3019,Dubai,12056.419514751435,10358.992556933496
2275,Dubai,12054.990908718106,10358.992556933496
4639,Dubai,12054.047023749354,10358.992556933496
876,Dubai,12050.192553710942,10358.992556933496
4956,Dubai,12048.55104176998,10358.992556933496
4536,Abu Dhabi,12048.27697277069,10358.992556933496
3836,Abu Dhabi,12046.358540463445,10358.992556933496
4367,Dubai,12046.30706586838,10358.992556933496
2434,Dubai,12046.2973143816,10358.992556933496
2408,Dubai,12045.364542007444,10358.992556933496
4421,Dubai,12042.608492541314,10358.992556933496
1293,Dubai,12042.509940218924,10358.992556933496
2734,Dubai,12038.9794626236,10358.992556933496
458,Dubai,12038.05006313324,10358.992556933496
2806,Dubai,12036.20341925621,10358.992556933496
2594,Dubai,12031.957518172265,10358.992556933496
2251,Dubai,12029.622495460508,10358.992556933496
4897,Sharjah,12025.314011979104,10358.992556933496
4270,Dubai,12024.845096468927,10358.992556933496
4589,Dubai,12024.808533608915,10358.992556933496
1791,Dubai,12023.299500083926,10358.992556933496
4929,Dubai,12022.885065686703,10358.992556933496
1961,Sharjah,12020.518449068066,10358.992556933496
324,Sharjah,12019.657570457459,10358.992556933496
850,Dubai,12019.228422236443,10358.992556933496
3053,Sharjah,12018.674985671047,10358.992556933496
1300,Sharjah,12014.622500038146,10358.992556933496
3980,Abu Dhabi,12014.036964416502,10358.992556933496
2014,Dubai,12013.942988204955,10358.992556933496
1675,Dubai,12013.554534864426,10358.992556933496
1465,Dubai,12012.793017578124,10358.992556933496
515,Dubai,12011.001995658875,10358.992556933496
2444,Dubai,12010.975523877145,10358.992556933496
1266,Dubai,12008.079510211945,10358.992556933496
1184,Dubai,12007.800396537783,10358.992556933496
1210,Dubai,12007.678932070734,10358.992556933496
389,Dubai,12005.885547757145,10358.992556933496
2781,Dubai,12005.030981373786,10358.992556933496
1334,Dubai,12001.825990438461,10358.992556933496
4224,Dubai,11999.764073562626,10358.992556933496
831,Dubai,11999.758050036431,10358.992556933496
4130,Dubai,11999.152487754822,10358.992556933496
1257,Abu Dhabi,11998.303969073293,10358.992556933496
1763,Dubai,11997.49996936321,10358.992556933496
3275,Abu Dhabi,11997.32301497459,10358.992556933496
1958,Dubai,11995.327411222459,10358.992556933496
4525,Dubai,11994.096024751665,10358.992556933496
2065,Abu Dhabi,11993.632573080065,10358.992556933496
1246,Dubai,11993.342022895813,10358.992556933496
4760,Sharjah,11991.737947034837,10358.992556933496
1295,Dubai,11991.313093566896,10358.992556933496
137,Dubai,11988.903561878204,10358.992556933496
4745,Dubai,11987.091986560823,10358.992556933496
2072,Abu Dhabi,11984.28341369629,10358.992556933496
1076,Dubai,11984.07642426491,10358.992556933496
3682,Abu Dhabi,11982.814073705673,10358.992556933496
4511,Abu Dhabi,11981.319434762,10358.992556933496
1572,Dubai,11981.292463493346,10358.992556933496
1233,Abu Dhabi,11974.280401337148,10358.992556933496
68,Sharjah,11968.458057785036,10358.992556933496
1906,Dubai,11966.053512978553,10358.992556933496
4917,Abu Dhabi,11965.8159273386,10358.992556933496
3793,Dubai,11963.83952894211,10358.992556933496
4521,Dubai,11962.275001239774,10358.992556933496
4047,Dubai,11961.727490592002,10358.992556933496
486,Dubai,11961.260455226897,10358.992556933496
3863,Abu Dhabi,11960.926088118555,10358.992556933496
1643,Dubai,11959.283527970312,10358.992556933496
2628,Abu Dhabi,11957.385965692996,10358.992556933496
2711,Abu Dhabi,11956.425014734272,10358.992556933496
4529,Abu Dhabi,11955.203970861436,10358.992556933496
711,Sharjah,11953.72595267296,10358.992556933496
4055,Sharjah,11952.657506012918,10358.992556933496
129,Dubai,11952.493514585496,10358.992556933496
903,Abu Dhabi,11951.227069187162,10358.992556933496
2667,Abu Dhabi,11949.407401275634,10358.992556933496
4954,Abu Dhabi,11948.8175129652,10358.992556933496
4593,Dubai,11943.145037984845,10358.992556933496
4599,Dubai,11938.538929414748,10358.992556933496
3013,Abu Dhabi,11935.60405704975,10358.992556933496
4013,Abu Dhabi,11933.34055956602,10358.992556933496
2028,Abu Dhabi,11933.112456536292,10358.992556933496
1578,Dubai,11929.894081783297,10358.992556933496
3493,Dubai,11929.727474761008,10358.992556933496
4891,Abu Dhabi,11929.321993255611,10358.992556933496
888,Dubai,11927.546057605741,10358.992556933496
2016,Abu Dhabi,11927.246511840818,10358.992556933496
2820,Dubai,11923.761556315421,10358.992556933496
1882,Abu Dhabi,11922.996972846986,10358.992556933496
4098,Dubai,11919.220536184308,10358.992556933496
772,Dubai,11918.6569185257,10358.992556933496
786,Abu Dhabi,11916.831984055043,10358.992556933496
1525,Dubai,11916.259986495974,10358.992556933496
3216,Sharjah,11914.703974342345,10358.992556933496
2949,Dubai,11913.512032520772,10358.992556933496
4537,Sharjah,11913.166038680076,10358.992556933496
2127,Dubai,11910.256078338623,10358.992556933496
4041,Dubai,11909.905502128599,10358.992556933496
3127,Abu Dhabi,11909.654006552695,10358.992556933496
4713,Abu Dhabi,11906.379542398452,10358.992556933496
1765,Dubai,11905.729456424711,10358.992556933496
4629,Dubai,11905.065044355393,10358.992556933496
3995,Sharjah,11904.433043479921,10358.992556933496
310,Dubai,11903.558468329908,10358.992556933496
4437,Abu Dhabi,11897.655943894386,10358.992556933496
4538,Dubai,11897.155050206184,10358.992556933496
426,Dubai,11892.39151272774,10358.992556933496
1440,Sharjah,11891.77747139931,10358.992556933496
1502,Abu Dhabi,11889.62093729973,10358.992556933496
2682,Sharjah,11888.980992841722,10358.992556933496
3017,Dubai,11886.001959109306,10358.992556933496
2157,Dubai,11885.780466091634,10358.992556933496
4640,Dubai,11885.748034429553,10358.992556933496
4904,Dubai,11884.804433870317,10358.992556933496
1225,Dubai,11883.60144994259,10358.992556933496
4836,Dubai,11881.683972334862,10358.992556933496
3086,Sharjah,11881.549379301068,10358.992556933496
495,Sharjah,11878.001454138757,10358.992556933496
962,Sharjah,11876.623953270915,10358.992556933496
897,Dubai,11875.969424057006,10358.992556933496
4176,Dubai,11875.601962447166,10358.992556933496
926,Dubai,11874.403971171378,10358.992556933496
4081,Dubai,11873.051517772674,10358.992556933496
2228,Sharjah,11869.78102698326,10358.992556933496
4201,Sharjah,11869.326961493492,10358.992556933496
1696,Abu Dhabi,11869.012473773957,10358.992556933496
3942,Sharjah,11868.021985077856,10358.992556933496
3341,Abu Dhabi,11865.034026217463,10358.992556933496
3655,Dubai,11865.006983041763,10358.992556933496
474,Sharjah,11864.785536861418,10358.992556933496
1654,Sharjah,11861.633980274197,10358.992556933496
4995,Abu Dhabi,11857.699913072585,10358.992556933496
3221,Dubai,11855.954975748064,10358.992556933496
296,Dubai,11855.276957535745,10358.992556933496
1773,Dubai,11855.18100452423,10358.992556933496
1490,Dubai,11854.890938973425,10358.992556933496
2892,Dubai,11851.918491029737,10358.992556933496
4231,Dubai,11850.434538698197,10358.992556933496
2446,Abu Dhabi,11844.54652612209,10358.992556933496
3673,Abu Dhabi,11843.183603358266,10358.992556933496
233,Dubai,11841.518549680712,10358.992556933496
894,Dubai,11839.956891059877,10358.992556933496
2642,Dubai,11839.628466510774,10358.992556933496
677,Dubai,11837.64701180458,10358.992556933496
4979,Abu Dhabi,11836.472886657713,10358.992556933496
3057,Abu Dhabi,11835.692499923705,10358.992556933496
1715,Dubai,11833.40603344441,10358.992556933496
2508,Dubai,11833.05399374962,10358.992556933496
2096,Dubai,11832.092930722236,10358.992556933496
2262,Dubai,11831.972040462493,10358.992556933496
419,Dubai,11831.683491182332,10358.992556933496
574,Abu Dhabi,11830.879047441482,10358.992556933496
302,Dubai,11827.466497015954,10358.992556933496
2737,Sharjah,11827.40099749565,10358.992556933496
3905,Dubai,11826.628973054883,10358.992556933496
4179,Sharjah,11826.491980648041,10358.992556933496
4801,Dubai,11825.312070035936,10358.992556933496
1780,Dubai,11825.01899728775,10358.992556933496
2057,Sharjah,11824.91703836918,10358.992556933496
2962,Dubai,11824.798573803904,10358.992556933496
143,Abu Dhabi,11823.945998072622,10358.992556933496
3546,Abu Dhabi,11822.949129199982,10358.992556933496
1447,Sharjah,11822.732984638213,10358.992556933496
3764,Dubai,11822.541006565094,10358.992556933496
621,Dubai,11822.337973117828,10358.992556933496
4106,Dubai,11821.7920199275,10358.992556933496
433,Dubai,11821.722469520568,10358.992556933496
2394,Dubai,11820.847954177858,10358.992556933496
3849,Abu Dhabi,11819.109371042254,10358.992556933496
2662,Dubai,11816.337562799454,10358.992556933496
3257,Dubai,11815.260486638546,10358.992556933496
3090,Dubai,11814.895528531073,10358.992556933496
1935,Dubai,11814.127474141118,10358.992556933496
3492,Sharjah,11812.778018808367,10358.992556933496
1721,Dubai,11811.786516523367,10358.992556933496
4848,Dubai,11810.720965933797,10358.992556933496
3197,Dubai,11803.49854810238,10358.992556933496
1132,Sharjah,11800.634497356416,10358.992556933496
336,Dubai,11799.743462073804,10358.992556933496
2042,Dubai,11798.252973270417,10358.992556933496
55,Dubai,11797.974485373497,10358.992556933496
2135,Abu Dhabi,11797.367495810982,10358.992556933496
3451,Sharjah,11791.857474708557,10358.992556933496
286,Dubai,11790.680959081647,10358.992556933496
3896,Dubai,11790.577454471588,10358.992556933496
39,Abu Dhabi,11788.569495844842,10358.992556933496
1969,Dubai,11787.632408332825,10358.992556933496
1847,Dubai,11785.616050291062,10358.992556933496
4340,Sharjah,11785.39150831699,10358.992556933496
3986,Dubai,11784.704039335253,10358.992556933496
4323,Abu Dhabi,11783.116489171982,10358.992556933496
375,Sharjah,11776.843014168739,10358.992556933496
2523,Dubai,11775.522484445575,10358.992556933496
365,Abu Dhabi,11775.244413232802,10358.992556933496
3854,Dubai,11773.127533054352,10358.992556933496
2188,Dubai,11772.096533346175,10358.992556933496
1712,Abu Dhabi,11770.267421865465,10358.992556933496
203,Dubai,11766.007441186903,10358.992556933496
344,Dubai,11763.594516921044,10358.992556933496
4677,Dubai,11761.739495229722,10358.992556933496
1284,Dubai,11759.547042524815,10358.992556933496
4228,Sharjah,11758.719486284255,10358.992556933496
694,Abu Dhabi,11757.237932574748,10358.992556933496
252,Dubai,11755.345988035202,10358.992556933496
1569,Dubai,11753.54843184948,10358.992556933496
118,Dubai,11752.423004102708,10358.992556933496
94,Abu Dhabi,11750.322004652024,10358.992556933496
4425,Dubai,11749.484507465362,10358.992556933496
4238,Dubai,11749.354399085045,10358.992556933496
787,Abu Dhabi,11746.300075149536,10358.992556933496
1403,Abu Dhabi,11744.926502466202,10358.992556933496
4497,Abu Dhabi,11744.528987121581,10358.992556933496
1320,Dubai,11741.81102733612,10358.992556933496
3987,Sharjah,11741.534529113767,10358.992556933496
862,Dubai,11735.459516477591,10358.992556933496
3925,Abu Dhabi,11734.669014716148,10358.992556933496
380,Dubai,11733.27896139622,10358.992556933496
4458,Abu Dhabi,11730.062972402573,10358.992556933496
3909,Abu Dhabi,11729.033929014206,10358.992556933496
3926,Sharjah,11728.387073516846,10358.992556933496
3803,Dubai,11728.032488369943,10358.992556933496
396,Dubai,11727.784966039657,10358.992556933496
2038,Dubai,11727.013022708894,10358.992556933496
748,Sharjah,11725.44196896553,10358.992556933496
4851,Abu Dhabi,11723.504025840763,10358.992556933496
1683,Abu Dhabi,11723.301012909413,10358.992556933496
3487,Dubai,11722.52444649935,10358.992556933496
1595,Sharjah,11722.083532238004,10358.992556933496
615,Sharjah,11720.531009817123,10358.992556933496
2400,Dubai,11720.074450051783,10358.992556933496
4756,Sharjah,11720.061517548562,10358.992556933496
2952,Dubai,11714.409408164025,10358.992556933496
3871,Abu Dhabi,11712.215471172336,10358.992556933496
3396,Sharjah,11711.94392313957,10358.992556933496
4988,Abu Dhabi,11711.809498405457,10358.992556933496
4267,Abu Dhabi,11710.468445181843,10358.992556933496
2692,Sharjah,11710.29250097275,10358.992556933496
3175,Abu Dhabi,11708.69897825718,10358.992556933496
1993,Dubai,11707.725030958652,10358.992556933496
2979,Abu Dhabi,11707.21951031685,10358.992556933496
2316,Dubai,11705.09402961731,10358.992556933496
4249,Dubai,11704.760950183869,10358.992556933496
3392,Abu Dhabi,11704.266428089144,10358.992556933496
219,Sharjah,11703.562953329085,10358.992556933496
87,Dubai,11702.49694367647,10358.992556933496
156,Abu Dhabi,11701.473958969114,10358.992556933496
185,Abu Dhabi,11700.584518885613,10358.992556933496
423,Abu Dhabi,11700.03100156784,10358.992556933496
353,Dubai,11699.830479574204,10358.992556933496
1520,Dubai,11697.968534064292,10358.992556933496
4432,Dubai,11697.913477754593,10358.992556933496
3148,Dubai,11697.8689804554,10358.992556933496
15,Abu Dhabi,11697.82352077961,10358.992556933496
218,Dubai,11694.472992873189,10358.992556933496
2649,Abu Dhabi,11691.412513113022,10358.992556933496
3611,Abu Dhabi,11691.046532297136,10358.992556933496
1997,Dubai,11690.943906068802,10358.992556933496
3355,Dubai,11687.748005151749,10358.992556933496
3783,Dubai,11687.456526947022,10358.992556933496
3498,Dubai,11687.025425267217,10358.992556933496
2238,Dubai,11685.49247970581,10358.992556933496
3091,Abu Dhabi,11684.981381893156,10358.992556933496
3296,Dubai,11684.474490880966,10358.992556933496
2205,Dubai,11678.834488797189,10358.992556933496
2363,Sharjah,11677.916549742222,10358.992556933496
3038,Dubai,11677.700926303864,10358.992556933496
843,Dubai,11677.500502800942,10358.992556933496
489,Dubai,11674.356006002425,10358.992556933496
3200,Dubai,11674.159092473983,10358.992556933496
3707,Abu Dhabi,11673.321863961219,10358.992556933496
1766,Abu Dhabi,11670.689013314248,10358.992556933496
3453,Abu Dhabi,11669.39248379469,10358.992556933496
1727,Sharjah,11667.486525368691,10358.992556933496
2121,Dubai,11665.918907117844,10358.992556933496
4070,Abu Dhabi,11665.338556289673,10358.992556933496
3395,Dubai,11664.549614667896,10358.992556933496
2347,Dubai,11659.986536383627,10358.992556933496
199,Dubai,11659.151033449174,10358.992556933496
3738,Abu Dhabi,11657.578996491431,10358.992556933496
3436,Sharjah,11656.527007102964,10358.992556933496
4191,Dubai,11656.013523578644,10358.992556933496
3411,Dubai,11654.465475177765,10358.992556933496
1746,Abu Dhabi,11653.00698876381,10358.992556933496
3246,Sharjah,11652.470419216153,10358.992556933496
4006,Abu Dhabi,11651.903505682945,10358.992556933496
1352,Abu Dhabi,11649.855951023103,10358.992556933496
3806,Sharjah,11648.335408496858,10358.992556933496
629,Dubai,11648.290972447398,10358.992556933496
3989,Abu Dhabi,11647.336424708366,10358.992556933496
454,Sharjah,11646.545599889754,10358.992556933496
1449,Dubai,11644.580469059945,10358.992556933496
2673,Sharjah,11643.955971360207,10358.992556933496
3004,Abu Dhabi,11643.525429201127,10358.992556933496
1500,Sharjah,11643.122053778172,10358.992556933496
2569,Dubai,11642.173488307,10358.992556933496
939,Dubai,11641.917030668259,10358.992556933496
2677,Dubai,11641.19542096853,10358.992556933496
1753,Dubai,11639.896481680871,10358.992556933496
22,Sharjah,11638.898570370677,10358.992556933496
1652,Dubai,11638.829057431221,10358.992556933496
4011,Dubai,11638.128446102142,10358.992556933496
688,Dubai,11638.039981937407,10358.992556933496
288,Dubai,11637.907039880756,10358.992556933496
1540,Abu Dhabi,11637.902939629554,10358.992556933496
1251,Dubai,11637.491029953957,10358.992556933496
1170,Abu Dhabi,11636.227985858917,10358.992556933496
421,Sharjah,11635.688059473041,10358.992556933496
3163,Sharjah,11634.180013275145,10358.992556933496
2670,Sharjah,11633.951112675664,10358.992556933496
800,Sharjah,11632.497488164898,10358.992556933496
4539,Dubai,11631.374472284318,10358.992556933496
2410,Dubai,11631.070931100847,10358.992556933496
3342,Sharjah,11627.089388966559,10358.992556933496
1734,Dubai,11625.769470047951,10358.992556933496
4720,Sharjah,11624.035522770882,10358.992556933496
2128,Abu Dhabi,11623.254921603206,10358.992556933496
1761,Dubai,11623.208513188363,10358.992556933496
3819,Abu Dhabi,11623.162476038933,10358.992556933496
648,Abu Dhabi,11621.692423176768,10358.992556933496
4268,Dubai,11617.964026784897,10358.992556933496
4547,Dubai,11617.847554802898,10358.992556933496
2103,Dubai,11617.09097626209,10358.992556933496
1866,Sharjah,11615.722566843033,10358.992556933496
3491,Dubai,11614.317557907105,10358.992556933496
4886,Abu Dhabi,11614.142544555667,10358.992556933496
3557,Abu Dhabi,11613.719043934349,10358.992556933496
4479,Abu Dhabi,11612.584037971497,10358.992556933496
4460,Dubai,11611.72007575035,10358.992556933496
3792,Abu Dhabi,11610.945532035827,10358.992556933496
2688,Abu Dhabi,11610.77148323059,10358.992556933496
2485,Abu Dhabi,11610.594561815264,10358.992556933496
3162,Abu Dhabi,11610.177987504005,10358.992556933496
1743,Sharjah,11609.24797027111,10358.992556933496
2209,Abu Dhabi,11608.388927412036,10358.992556933496
12,Sharjah,11608.23789753914,10358.992556933496
2905,Dubai,11607.612041044236,10358.992556933496
852,Sharjah,11606.984974360466,10358.992556933496
4368,Dubai,11606.206432366373,10358.992556933496
1247,Sharjah,11603.541540181637,10358.992556933496
4865,Dubai,11596.960435390476,10358.992556933496
1507,Dubai,11595.942490768433,10358.992556933496
588,Abu Dhabi,11595.349006628992,10358.992556933496
1406,Abu Dhabi,11593.049460959432,10358.992556933496
3749,Dubai,11588.686536073685,10358.992556933496
3930,Dubai,11587.803000593181,10358.992556933496
2582,Dubai,11587.703053736688,10358.992556933496
3961,Sharjah,11586.795991122723,10358.992556933496
1206,Abu Dhabi,11585.556501531602,10358.992556933496
334,Dubai,11585.021553325656,10358.992556933496
2242,Abu Dhabi,11584.081453704834,10358.992556933496
1365,Abu Dhabi,11583.446558618547,10358.992556933496
3465,Sharjah,11582.515499353407,10358.992556933496
4928,Dubai,11581.769999456405,10358.992556933496
25,Abu Dhabi,11578.108467531207,10358.992556933496
4594,Dubai,11577.976035881042,10358.992556933496
4721,Dubai,11577.334471726417,10358.992556933496
988,Dubai,11577.030003404616,10358.992556933496
3139,Abu Dhabi,11576.76702132225,10358.992556933496
2775,Abu Dhabi,11576.603088879585,10358.992556933496
1054,Dubai,11574.442953395845,10358.992556933496
1377,Dubai,11573.991032481192,10358.992556933496
1581,Dubai,11573.829972743986,10358.992556933496
1163,Dubai,11573.234025144578,10358.992556933496
1434,Abu Dhabi,11572.215457248689,10358.992556933496
3997,Dubai,11570.286513876914,10358.992556933496
3461,Dubai,11570.263036823275,10358.992556933496
3488,Dubai,11569.33150525093,10358.992556933496
166,Dubai,11567.635522699355,10358.992556933496
4296,Sharjah,11566.663483667375,10358.992556933496
1809,Sharjah,11566.249944210052,10358.992556933496
54,Dubai,11565.934979760645,10358.992556933496
1385,Dubai,11564.529004549979,10358.992556933496
1292,Dubai,11564.264842915536,10358.992556933496
527,Dubai,11564.198036623002,10358.992556933496
841,Abu Dhabi,11563.803452086451,10358.992556933496
2805,Sharjah,11562.25041809082,10358.992556933496
1193,Abu Dhabi,11561.32304935455,10358.992556933496
801,Dubai,11559.979508638386,10358.992556933496
3210,Abu Dhabi,11558.453422546389,10358.992556933496
1779,Dubai,11557.315954208372,10358.992556933496
3442,Dubai,11554.433513307575,10358.992556933496
1044,Dubai,11553.8635617733,10358.992556933496
2815,Sharjah,11553.850053334236,10358.992556933496
3644,Abu Dhabi,11553.335996842383,10358.992556933496
2477,Dubai,11549.579046869278,10358.992556933496
651,Dubai,11548.728464722635,10358.992556933496
3391,Sharjah,11547.511978006365,10358.992556933496
1695,Abu Dhabi,11543.623488354682,10358.992556933496
4660,Dubai,11542.091487956046,10358.992556933496
1364,Dubai,11540.625964856144,10358.992556933496
2898,Sharjah,11536.3814330101,10358.992556933496
3432,Dubai,11530.472949624063,10358.992556933496
381,Abu Dhabi,11529.307542753222,10358.992556933496
1308,Abu Dhabi,11528.487443065645,10358.992556933496
4341,Dubai,11527.272968912124,10358.992556933496
4483,Sharjah,11526.33208309412,10358.992556933496
4895,Dubai,11524.063974785804,10358.992556933496
2903,Sharjah,11523.882954549788,10358.992556933496
2407,Dubai,11522.760985302924,10358.992556933496
4412,Dubai,11521.816443634032,10358.992556933496
4247,Dubai,11520.176972532272,10358.992556933496
2592,Dubai,11519.880533671378,10358.992556933496
2043,Abu Dhabi,11517.472522640226,10358.992556933496
1131,Dubai,11516.297466707229,10358.992556933496
284,Abu Dhabi,11514.206544446946,10358.992556933496
618,Sharjah,11513.67700688839,10358.992556933496
2868,Sharjah,11512.802006244661,10358.992556933496
3445,Dubai,11512.708438706397,10358.992556933496
624,Dubai,11512.470498526096,10358.992556933496
1687,Dubai,11512.076449334623,10358.992556933496
820,Abu Dhabi,11511.767489433287,10358.992556933496
231,Abu Dhabi,11511.415426540374,10358.992556933496
201,Sharjah,11505.485037899018,10358.992556933496
2989,Sharjah,11504.882045602799,10358.992556933496
650,Dubai,11502.713393163678,10358.992556933496
4816,Dubai,11502.646006631849,10358.992556933496
3959,Abu Dhabi,11502.574488234519,10358.992556933496
2039,Dubai,11502.25890455246,10358.992556933496
1475,Abu Dhabi,11501.22891585826,10358.992556933496
1522,Sharjah,11498.97849063873,10358.992556933496
3617,Abu Dhabi,11498.915475678441,10358.992556933496
2194,Sharjah,11498.838007164004,10358.992556933496
3774,Dubai,11498.324427080155,10358.992556933496
2755,Dubai,11496.296505451206,10358.992556933496
2614,Dubai,11494.798568844797,10358.992556933496
949,Sharjah,11493.72349296808,10358.992556933496
3028,Dubai,11490.53489871025,10358.992556933496
1664,Abu Dhabi,11489.290520453456,10358.992556933496
1690,Sharjah,11488.910998249054,10358.992556933496
2797,Abu Dhabi,11488.82202217579,10358.992556933496
2266,Dubai,11487.715515220161,10358.992556933496
3662,Abu Dhabi,11487.188904237748,10358.992556933496
4375,Dubai,11486.97597384453,10358.992556933496
3390,Sharjah,11485.555561208723,10358.992556933496
2054,Abu Dhabi,11482.818539071084,10358.992556933496
2122,Abu Dhabi,11482.667484498024,10358.992556933496
3772,Sharjah,11482.335548210143,10358.992556933496
3346,Dubai,11480.218572473525,10358.992556933496
1921,Dubai,11478.989469218255,10358.992556933496
968,Dubai,11478.987998366356,10358.992556933496
2182,Dubai,11478.841018962861,10358.992556933496
1329,Dubai,11478.329528212547,10358.992556933496
4553,Dubai,11477.874036026004,10358.992556933496
4858,Sharjah,11475.502029848096,10358.992556933496
223,Dubai,11475.346997642517,10358.992556933496
436,Abu Dhabi,11474.285540127752,10358.992556933496
1985,Dubai,11472.920533084873,10358.992556933496
1639,Abu Dhabi,11471.93653731346,10358.992556933496
1594,Abu Dhabi,11469.991575694085,10358.992556933496
3353,Dubai,11469.84449906349,10358.992556933496
1027,Sharjah,11469.646415376665,10358.992556933496
1459,Dubai,11469.496489143368,10358.992556933496
2361,Dubai,11469.403055000306,10358.992556933496
2575,Dubai,11468.781097674373,10358.992556933496
3593,Abu Dhabi,11467.414433789254,10358.992556933496
200,Dubai,11467.34350912571,10358.992556933496
1986,Abu Dhabi,11466.570456647873,10358.992556933496
1829,Sharjah,11465.91902170181,10358.992556933496
4518,Abu Dhabi,11463.956944108008,10358.992556933496
352,Dubai,11463.295538949968,10358.992556933496
401,Abu Dhabi,11461.309980130196,10358.992556933496
3340,Sharjah,11460.475046157842,10358.992556933496
370,Abu Dhabi,11460.347530913352,10358.992556933496
2086,Dubai,11459.4615557909,10358.992556933496
3081,Abu Dhabi,11459.40643609762,10358.992556933496
92,Abu Dhabi,11455.504479551317,10358.992556933496
3110,Dubai,11454.89845161438,10358.992556933496
684,Dubai,11453.266460561752,10358.992556933496
3514,Abu Dhabi,11453.127455353739,10358.992556933496
1848,Dubai,11452.577958393096,10358.992556933496
4148,Dubai,11451.613519382476,10358.992556933496
2487,Abu Dhabi,11449.925456857678,10358.992556933496
2691,Abu Dhabi,11447.503526616096,10358.992556933496
4740,Dubai,11447.256480550768,10358.992556933496
241,Abu Dhabi,11445.520518434048,10358.992556933496
2621,Dubai,11442.317057442666,10358.992556933496
4410,Dubai,11442.085437345504,10358.992556933496
2902,Dubai,11440.947009444237,10358.992556933496
2240,Sharjah,11440.495945668219,10358.992556933496
3303,Abu Dhabi,11438.583534431458,10358.992556933496
1031,Abu Dhabi,11437.84949541092,10358.992556933496
362,Sharjah,11436.608501386641,10358.992556933496
1694,Dubai,11432.3155074358,10358.992556933496
236,Abu Dhabi,11431.186956214904,10358.992556933496
4043,Sharjah,11430.995987176897,10358.992556933496
4946,Dubai,11430.149976491926,10358.992556933496
3114,Dubai,11429.375565862656,10358.992556933496
811,Abu Dhabi,11427.753375768661,10358.992556933496
3999,Abu Dhabi,11427.19253041744,10358.992556933496
3107,Dubai,11426.908983612066,10358.992556933496
239,Dubai,11420.450563788414,10358.992556933496
872,Dubai,11419.668985569477,10358.992556933496
2520,Abu Dhabi,11418.729469370843,10358.992556933496
3512,Dubai,11416.080014300349,10358.992556933496
802,Dubai,11415.706077528,10358.992556933496
2824,Dubai,11414.169508147237,10358.992556933496
3840,Dubai,11413.642478871347,10358.992556933496
799,Dubai,11413.503563690181,10358.992556933496
4177,Abu Dhabi,11412.321981716155,10358.992556933496
769,Dubai,11411.112433862687,10358.992556933496
2469,Abu Dhabi,11410.788965940477,10358.992556933496
2348,Abu Dhabi,11410.106004333498,10358.992556933496
1536,Abu Dhabi,11407.063406419755,10358.992556933496
4647,Sharjah,11406.097019076346,10358.992556933496
4352,Abu Dhabi,11405.987540912629,10358.992556933496
4282,Abu Dhabi,11404.82699816227,10358.992556933496
3704,Abu Dhabi,11404.335528135302,10358.992556933496
2173,Abu Dhabi,11403.980503225328,10358.992556933496
152,Dubai,11403.213584923738,10358.992556933496
2973,Abu Dhabi,11401.584562849997,10358.992556933496
4703,Abu Dhabi,11398.501020383836,10358.992556933496
4492,Dubai,11397.730053949355,10358.992556933496
1214,Dubai,11394.198920440673,10358.992556933496
2000,Sharjah,11392.448484897612,10358.992556933496
4110,Sharjah,11392.045036458969,10358.992556933496
4576,Abu Dhabi,11391.974636483194,10358.992556933496
984,Dubai,11390.041467952728,10358.992556933496
268,Dubai,11389.962491345406,10358.992556933496
2552,Abu Dhabi,11389.057426118847,10358.992556933496
2808,Dubai,11388.286446332932,10358.992556933496
1341,Dubai,11387.55849881172,10358.992556933496
3371,Sharjah,11387.407453751566,10358.992556933496
4187,Abu Dhabi,11387.26254973412,10358.992556933496
3623,Abu Dhabi,11387.177445578574,10358.992556933496
83,Dubai,11386.852024829388,10358.992556933496
3066,Sharjah,11385.731990408898,10358.992556933496
4213,Dubai,11385.42850574255,10358.992556933496
4637,Sharjah,11385.42349052429,10358.992556933496
74,Abu Dhabi,11385.327941477299,10358.992556933496
4168,Dubai,11385.116529464722,10358.992556933496
1531,Dubai,11384.662492132185,10358.992556933496
4960,Sharjah,11384.504919433593,10358.992556933496
3155,Abu Dhabi,11383.898008823393,10358.992556933496
1000,Dubai,11382.265557312965,10358.992556933496
679,Dubai,11381.875590038297,10358.992556933496
859,Abu Dhabi,11381.096971940997,10358.992556933496
3118,Abu Dhabi,11380.943454277518,10358.992556933496
3002,Dubai,11380.231949329376,10358.992556933496
731,Dubai,11378.429511737824,10358.992556933496
4167,Dubai,11377.444959998129,10358.992556933496
4757,Dubai,11376.954019355771,10358.992556933496
4508,Sharjah,11376.508036518097,10358.992556933496
3920,Dubai,11375.42797996998,10358.992556933496
2470,Abu Dhabi,11374.619946050645,10358.992556933496
4431,Abu Dhabi,11374.09848232269,10358.992556933496
1002,Dubai,11371.232538866994,10358.992556933496
2007,Sharjah,11369.518591761587,10358.992556933496
3421,Abu Dhabi,11367.93302570582,10358.992556933496
3283,Abu Dhabi,11367.902629041671,10358.992556933496
342,Dubai,11367.6340760231,10358.992556933496
4065,Dubai,11366.890061712265,10358.992556933496
4876,Dubai,11365.355499410629,10358.992556933496
1453,Abu Dhabi,11364.809475994112,10358.992556933496
3735,Sharjah,11363.109995055196,10358.992556933496
4854,Dubai,11361.910919153688,10358.992556933496
127,Dubai,11361.858452391625,10358.992556933496
2664,Dubai,11359.585983908179,10358.992556933496
955,Sharjah,11356.15152873993,10358.992556933496
2018,Dubai,11356.139471435548,10358.992556933496
969,Abu Dhabi,11355.319526696207,10358.992556933496
3480,Abu Dhabi,11353.747009706494,10358.992556933496
2208,Sharjah,11352.365521156788,10358.992556933496
3324,Dubai,11351.70751881599,10358.992556933496
2825,Dubai,11350.624950981139,10358.992556933496
1282,Abu Dhabi,11348.986993527413,10358.992556933496
758,Dubai,11348.71597046852,10358.992556933496
4244,Dubai,11347.645519542693,10358.992556933496
4030,Sharjah,11347.45153950453,10358.992556933496
1975,Abu Dhabi,11344.668007254602,10358.992556933496
661,Sharjah,11344.243920230865,10358.992556933496
3778,Abu Dhabi,11344.114976978299,10358.992556933496
3134,Dubai,11343.465489006041,10358.992556933496
1369,Abu Dhabi,11342.680995750425,10358.992556933496
2579,Abu Dhabi,11340.97755455971,10358.992556933496
4736,Abu Dhabi,11340.11605552435,10358.992556933496
3056,Dubai,11339.198017358776,10358.992556933496
2708,Dubai,11338.287493848798,10358.992556933496
4373,Dubai,11332.40749349594,10358.992556933496
3292,Sharjah,11330.502932667732,10358.992556933496
2462,Dubai,11329.357491636278,10358.992556933496
4462,Dubai,11328.517483282089,10358.992556933496
3202,Abu Dhabi,11327.690034866333,10358.992556933496
2081,Sharjah,11326.955507230758,10358.992556933496
3321,Dubai,11326.21791226864,10358.992556933496
4122,Sharjah,11325.021992206572,10358.992556933496
1960,Abu Dhabi,11323.850948190686,10358.992556933496
279,Dubai,11322.665084147453,10358.992556933496
2409,Dubai,11321.501549696923,10358.992556933496
2762,Sharjah,11321.191025662425,10358.992556933496
1363,Dubai,11320.155427074433,10358.992556933496
4977,Sharjah,11320.026449918747,10358.992556933496
2918,Sharjah,11318.660494065283,10358.992556933496
1287,Dubai,11317.68352034092,10358.992556933496
4188,Abu Dhabi,11316.746997785569,10358.992556933496
169,Dubai,11316.61000814438,10358.992556933496
2283,Dubai,11315.110874009133,10358.992556933496
3711,Abu Dhabi,11314.436527633667,10358.992556933496
880,Sharjah,11314.12948462963,10358.992556933496
854,Sharjah,11313.483503985406,10358.992556933496
4009,Dubai,11313.00395140648,10358.992556933496
1357,Dubai,11312.93195800781,10358.992556933496
60,Dubai,11312.713977169993,10358.992556933496
3420,Abu Dhabi,11311.46996935606,10358.992556933496
4924,Abu Dhabi,11311.163980817793,10358.992556933496
1421,Dubai,11308.197939634323,10358.992556933496
1830,Dubai,11307.634421443938,10358.992556933496
1602,Dubai,11307.188472771646,10358.992556933496
3181,Dubai,11305.528073716163,10358.992556933496
2570,Dubai,11304.981065511707,10358.992556933496
4944,Sharjah,11304.104038071631,10358.992556933496
4277,Dubai,11302.580011463166,10358.992556933496
1198,Abu Dhabi,11302.064044713976,10358.992556933496
2479,Dubai,11301.142564821243,10358.992556933496
599,Sharjah,11300.049504172805,10358.992556933496
1353,Dubai,11294.793907594682,10358.992556933496
2610,Dubai,11294.639521384239,10358.992556933496
2874,Dubai,11294.212036287785,10358.992556933496
463,Sharjah,11293.562499547006,10358.992556933496
4916,Abu Dhabi,11291.92053642273,10358.992556933496
1534,Dubai,11290.850993180275,10358.992556933496
2793,Abu Dhabi,11290.053984212875,10358.992556933496
1716,Dubai,11289.05699760914,10358.992556933496
649,Dubai,11288.660468482973,10358.992556933496
2424,Abu Dhabi,11288.005448627473,10358.992556933496
51,Dubai,11287.956466794012,10358.992556933496
644,Dubai,11284.37403383255,10358.992556933496
4778,Sharjah,11283.451545274258,10358.992556933496
47,Sharjah,11282.560486412047,10358.992556933496
1850,Dubai,11282.347123503685,10358.992556933496
4283,Dubai,11280.82795767784,10358.992556933496
1062,Dubai,11279.098423528672,10358.992556933496
3816,Dubai,11278.868498659134,10358.992556933496
1628,Dubai,11278.040495848654,10358.992556933496
2840,Abu Dhabi,11276.573506355284,10358.992556933496
1301,Dubai,11276.417033791544,10358.992556933496
2397,Dubai,11276.000995099543,10358.992556933496
2846,Abu Dhabi,11274.681962585448,10358.992556933496
4038,Sharjah,11274.639042139052,10358.992556933496
1213,Dubai,11274.213517189026,10358.992556933496
1077,Dubai,11271.389951133731,10358.992556933496
994,Sharjah,11270.179532814027,10358.992556933496
2061,Dubai,11269.753449869155,10358.992556933496
4392,Dubai,11267.56049396992,10358.992556933496
1553,Abu Dhabi,11267.270418453216,10358.992556933496
835,Dubai,11266.279964423182,10358.992556933496
3026,Dubai,11264.32345534563,10358.992556933496
354,Sharjah,11262.118541860582,10358.992556933496
535,Sharjah,11261.18299744129,10358.992556933496
3598,Abu Dhabi,11258.607896804808,10358.992556933496
1474,Abu Dhabi,11257.64598507881,10358.992556933496
3247,Sharjah,11253.920890951158,10358.992556933496
1368,Dubai,11253.877469658852,10358.992556933496
3327,Abu Dhabi,11252.234960889817,10358.992556933496
3788,Abu Dhabi,11251.409544205666,10358.992556933496
1729,Abu Dhabi,11250.615975427627,10358.992556933496
3642,Dubai,11249.956465673447,10358.992556933496
507,Abu Dhabi,11249.158028113841,10358.992556933496
3343,Dubai,11248.622983264922,10358.992556933496
3712,Dubai,11247.345389556885,10358.992556933496
3645,Abu Dhabi,11246.125942492485,10358.992556933496
1197,Sharjah,11244.84703774452,10358.992556933496
4329,Dubai,11242.620066070553,10358.992556933496
271,Abu Dhabi,11241.858482527732,10358.992556933496
2176,Dubai,11241.245971536637,10358.992556933496
3968,Dubai,11240.136516928675,10358.992556933496
1560,Abu Dhabi,11237.653051507474,10358.992556933496
3699,Dubai,11232.417513370512,10358.992556933496
2551,Abu Dhabi,11232.256435799598,10358.992556933496
3215,Dubai,11232.070490765569,10358.992556933496
4791,Dubai,11231.572492694855,10358.992556933496
4887,Dubai,11230.815978121756,10358.992556933496
306,Dubai,11228.847047472002,10358.992556933496
481,Abu Dhabi,11226.232994270325,10358.992556933496
4304,Dubai,11225.735477256774,10358.992556933496
4415,Abu Dhabi,11225.578525900843,10358.992556933496
4448,Abu Dhabi,11224.949543499946,10358.992556933496
2573,Sharjah,11224.08148505688,10358.992556933496
911,Abu Dhabi,11221.933993017676,10358.992556933496
1452,Sharjah,11217.379056644437,10358.992556933496
666,Sharjah,11214.921453523635,10358.992556933496
1230,Dubai,11212.482964706422,10358.992556933496
40,Sharjah,11212.451519203185,10358.992556933496
2595,Dubai,11212.284988045692,10358.992556933496
4913,Dubai,11211.66799201965,10358.992556933496
2212,Sharjah,11211.248446321488,10358.992556933496
1660,Dubai,11210.771468281744,10358.992556933496
4100,Dubai,11209.33598432541,10358.992556933496
1095,Dubai,11207.461472296716,10358.992556933496
276,Dubai,11207.289970493315,10358.992556933496
4827,Abu Dhabi,11204.144410920144,10358.992556933496
4146,Sharjah,11203.77045741081,10358.992556933496
3462,Dubai,11203.25898449421,10358.992556933496
468,Dubai,11202.696972846981,10358.992556933496
1703,Sharjah,11202.59909515381,10358.992556933496
2838,Sharjah,11202.278499913218,10358.992556933496
1984,Abu Dhabi,11201.114983558655,10358.992556933496
4446,Dubai,11200.350963401796,10358.992556933496
4411,Abu Dhabi,11199.715042984486,10358.992556933496
4320,Sharjah,11199.617466378211,10358.992556933496
1711,Dubai,11199.32741971016,10358.992556933496
3767,Dubai,11199.154010438919,10358.992556933496
4461,Sharjah,11198.291559267042,10358.992556933496
1894,Abu Dhabi,11197.947008037567,10358.992556933496
4648,Dubai,11197.743547248841,10358.992556933496
3365,Sharjah,11197.46093864441,10358.992556933496
567,Sharjah,11197.287436318396,10358.992556933496
1405,Abu Dhabi,11197.144020843505,10358.992556933496
350,Sharjah,11196.988936579228,10358.992556933496
17,Sharjah,11196.937537503243,10358.992556933496
1285,Dubai,11196.577434563638,10358.992556933496
3965,Abu Dhabi,11195.66041092873,10358.992556933496
2079,Sharjah,11194.902511715887,10358.992556933496
2830,Dubai,11194.56156449318,10358.992556933496
508,Dubai,11189.987992739674,10358.992556933496
295,Abu Dhabi,11189.952027225496,10358.992556933496
3918,Abu Dhabi,11188.701960158347,10358.992556933496
1078,Sharjah,11188.079528999326,10358.992556933496
4111,Dubai,11187.970589637756,10358.992556933496
2483,Dubai,11186.32001143694,10358.992556933496
3266,Sharjah,11185.316475749014,10358.992556933496
2603,Dubai,11184.492015123365,10358.992556933496
3044,Dubai,11183.182536697388,10358.992556933496
4305,Sharjah,11179.856396722793,10358.992556933496
4983,Dubai,11179.077008008955,10358.992556933496
1066,Abu Dhabi,11177.782996749876,10358.992556933496
1518,Abu Dhabi,11177.149040341377,10358.992556933496
1478,Dubai,11176.269475889205,10358.992556933496
1148,Dubai,11176.099953746798,10358.992556933496
2622,Dubai,11175.667966604231,10358.992556933496
4454,Dubai,11171.872025966644,10358.992556933496
2839,Dubai,11169.126427030566,10358.992556933496
4240,Dubai,11169.118967962266,10358.992556933496
3723,Dubai,11168.319494247437,10358.992556933496
3583,Dubai,11166.600988221166,10358.992556933496
1542,Abu Dhabi,11165.601947808267,10358.992556933496
812,Dubai,11164.473554420472,10358.992556933496
5000,Dubai,11160.670947742463,10358.992556933496
542,Abu Dhabi,11159.7245313406,10358.992556933496
504,Sharjah,11159.61946541071,10358.992556933496
3572,Sharjah,11159.447978329657,10358.992556933496
3527,Sharjah,11159.289887619017,10358.992556933496
2177,Dubai,11157.501927137375,10358.992556933496
3003,Dubai,11157.140992307663,10358.992556933496
1298,Dubai,11156.063549399374,10358.992556933496
377,Abu Dhabi,11155.603999400138,10358.992556933496
230,Dubai,11155.388942909241,10358.992556933496
3119,Dubai,11154.920404195787,10358.992556933496
4868,Dubai,11154.606980490684,10358.992556933496
2630,Dubai,11154.01598958969,10358.992556933496
2143,Sharjah,11153.86044421196,10358.992556933496
1599,Dubai,11152.96049568653,10358.992556933496
1718,Abu Dhabi,11152.438522577286,10358.992556933496
639,Dubai,11151.578499114514,10358.992556933496
4782,Abu Dhabi,11149.438560581208,10358.992556933496
1245,Dubai,11146.792932367325,10358.992556933496
2314,Abu Dhabi,11146.277088177205,10358.992556933496
3330,Sharjah,11146.230412673951,10358.992556933496
3089,Dubai,11145.766433930401,10358.992556933496
2180,Abu Dhabi,11145.454975795743,10358.992556933496
147,Dubai,11144.300964617732,10358.992556933496
3725,Abu Dhabi,11142.769596576692,10358.992556933496
1938,Dubai,11138.412447404862,10358.992556933496
3383,Dubai,11137.82848010063,10358.992556933496
2465,Sharjah,11135.566446805,10358.992556933496
70,Dubai,11134.794507610797,10358.992556933496
972,Dubai,11133.376461148262,10358.992556933496
4395,Dubai,11132.992512869834,10358.992556933496
611,Dubai,11130.015039563179,10358.992556933496
4294,Sharjah,11129.575973391531,10358.992556933496
2798,Abu Dhabi,11127.837969255448,10358.992556933496
4655,Dubai,11127.338550126553,10358.992556933496
1750,Dubai,11126.728032636645,10358.992556933496
858,Abu Dhabi,11125.15250108242,10358.992556933496
4456,Dubai,11124.435978794096,10358.992556933496
214,Dubai,11124.289059829713,10358.992556933496
3988,Dubai,11123.812012863158,10358.992556933496
1468,Abu Dhabi,11123.57550010681,10358.992556933496
3295,Abu Dhabi,11122.191982913018,10358.992556933496
2624,Dubai,11121.914525103568,10358.992556933496
2791,Abu Dhabi,11121.886997342111,10358.992556933496
2598,Sharjah,11120.914998435974,10358.992556933496
827,Dubai,11119.596047067642,10358.992556933496
2980,Dubai,11119.200506544115,10358.992556933496
75,Dubai,11119.166028690337,10358.992556933496
409,Sharjah,11117.768967199323,10358.992556933496
549,Dubai,11116.612494230272,10358.992556933496
2856,Abu Dhabi,11115.649968981741,10358.992556933496
3839,Abu Dhabi,11114.541951417923,10358.992556933496
3289,Dubai,11114.480540299417,10358.992556933496
4273,Dubai,11113.435540246961,10358.992556933496
1853,Dubai,11112.724944376945,10358.992556933496
3664,Sharjah,11111.925920963286,10358.992556933496
2877,Abu Dhabi,11111.604974508286,10358.992556933496
3911,Dubai,11111.409982371331,10358.992556933496
3478,Sharjah,11111.28850529194,10358.992556933496
3696,Dubai,11109.964078998568,10358.992556933496
2823,Abu Dhabi,11109.86940431595,10358.992556933496
4016,Dubai,11108.476519536973,10358.992556933496
3456,Dubai,11107.433454418182,10358.992556933496
4651,Sharjah,11107.05442671776,10358.992556933496
4692,Dubai,11106.181436419492,10358.992556933496
4480,Dubai,11105.309925079346,10358.992556933496
2684,Dubai,11104.482501673692,10358.992556933496
4193,Dubai,11103.598453593253,10358.992556933496
3400,Abu Dhabi,11102.595521211626,10358.992556933496
734,Dubai,11101.282029175756,10358.992556933496
4229,Dubai,11100.662928676606,10358.992556933496
4302,Dubai,11099.590454936028,10358.992556933496
3183,Dubai,11099.272504711153,10358.992556933496
941,Abu Dhabi,11098.282493591309,10358.992556933496
1380,Abu Dhabi,11096.011883449555,10358.992556933496
4318,Dubai,11095.74097521305,10358.992556933496
1813,Dubai,11095.72699661255,10358.992556933496
1677,Abu Dhabi,11094.95097897053,10358.992556933496
4197,Dubai,11093.772954535485,10358.992556933496
2516,Sharjah,11093.761544561388,10358.992556933496
4124,Abu Dhabi,11093.088013076784,10358.992556933496
136,Dubai,11091.795509433747,10358.992556933496
257,Sharjah,11091.79351758957,10358.992556933496
108,Dubai,11090.671028256416,10358.992556933496
351,Sharjah,11086.3974973917,10358.992556933496
3052,Dubai,11086.093415629863,10358.992556933496
634,Dubai,11085.92194237709,10358.992556933496
3885,Sharjah,11085.257981896402,10358.992556933496
944,Dubai,11085.051888632774,10358.992556933496
3578,Sharjah,11081.43752245903,10358.992556933496
4050,Abu Dhabi,11078.678893661498,10358.992556933496
1239,Dubai,11078.385938119887,10358.992556933496
1494,Abu Dhabi,11078.252473688126,10358.992556933496
669,Abu Dhabi,11077.513460850718,10358.992556933496
4333,Sharjah,11076.030545461177,10358.992556933496
1208,Abu Dhabi,11074.89746184349,10358.992556933496
3102,Sharjah,11073.178513479232,10358.992556933496
892,Dubai,11072.778489589691,10358.992556933496
1926,Dubai,11071.149495840073,10358.992556933496
2221,Dubai,11069.322903132437,10358.992556933496
238,Abu Dhabi,11069.030508112906,10358.992556933496
2731,Sharjah,11069.024508905411,10358.992556933496
2306,Dubai,11068.003061389923,10358.992556933496
1498,Dubai,11067.729513382914,10358.992556933496
4102,Abu Dhabi,11067.29937303066,10358.992556933496
1757,Dubai,11064.382490348818,10358.992556933496
2141,Sharjah,11064.37594499588,10358.992556933496
496,Dubai,11064.145915746689,10358.992556933496
300,Dubai,11063.60596575737,10358.992556933496
3616,Sharjah,11063.156918120383,10358.992556933496
3921,Abu Dhabi,11061.984461879729,10358.992556933496
712,Sharjah,11060.856999778745,10358.992556933496
1100,Dubai,11059.181931400299,10358.992556933496
4698,Dubai,11057.300015711784,10358.992556933496
4438,Abu Dhabi,11056.148525691035,10358.992556933496
4174,Abu Dhabi,11054.993943214418,10358.992556933496
2906,Sharjah,11054.569419240952,10358.992556933496
1012,Sharjah,11054.26551911831,10358.992556933496
4416,Abu Dhabi,11054.194529151917,10358.992556933496
1398,Sharjah,11052.005941307545,10358.992556933496
503,Dubai,11051.605485010146,10358.992556933496
3140,Dubai,11050.78948612213,10358.992556933496
2910,Dubai,11050.581503438949,10358.992556933496
2345,Sharjah,11050.520428574087,10358.992556933496
2576,Dubai,11049.754970645905,10358.992556933496
1551,Abu Dhabi,11048.741071748733,10358.992556933496
105,Dubai,11048.134433126452,10358.992556933496
4085,Abu Dhabi,11046.734014701844,10358.992556933496
3666,Abu Dhabi,11046.056020259852,10358.992556933496
1265,Sharjah,11045.954492926598,10358.992556933496
3943,Dubai,11045.504432344436,10358.992556933496
1912,Sharjah,11044.274908447269,10358.992556933496
3553,Abu Dhabi,11044.104575181007,10358.992556933496
2120,Abu Dhabi,11037.751961874961,10358.992556933496
1154,Dubai,11036.312483739854,10358.992556933496
3716,Dubai,11036.131516146663,10358.992556933496
2819,Abu Dhabi,11035.67398798466,10358.992556933496
728,Abu Dhabi,11034.739983558653,10358.992556933496
4786,Abu Dhabi,11032.46400709152,10358.992556933496
3936,Abu Dhabi,11032.450047159195,10358.992556933496
1394,Dubai,11032.357969474791,10358.992556933496
1900,Dubai,11022.64740962982,10358.992556933496
4490,Sharjah,11021.83251116276,10358.992556933496
4180,Abu Dhabi,11021.116011857985,10358.992556933496
1003,Sharjah,11020.731056118011,10358.992556933496
4235,Dubai,11020.099432611465,10358.992556933496
1057,Abu Dhabi,11019.607538032531,10358.992556933496
3452,Dubai,11019.139460945127,10358.992556933496
195,Abu Dhabi,11018.174987173083,10358.992556933496
2914,Dubai,11017.851471710204,10358.992556933496
2309,Abu Dhabi,11017.619467782975,10358.992556933496
612,Dubai,11017.337476158145,10358.992556933496
1142,Abu Dhabi,11016.960448670387,10358.992556933496
1358,Dubai,11015.300965738297,10358.992556933496
462,Dubai,11015.196448922161,10358.992556933496
1319,Abu Dhabi,11014.250010609625,10358.992556933496
1437,Sharjah,11014.031949496271,10358.992556933496
2880,Dubai,11010.167016601561,10358.992556933496
3823,Dubai,11009.711974692342,10358.992556933496
104,Sharjah,11008.826046800612,10358.992556933496
2239,Abu Dhabi,11008.661484336852,10358.992556933496
4075,Sharjah,11008.340060138704,10358.992556933496
3318,Dubai,11006.024969697,10358.992556933496
3565,Abu Dhabi,11005.976540708543,10358.992556933496
4638,Abu Dhabi,11005.845493435856,10358.992556933496
98,Dubai,11005.684473526482,10358.992556933496
123,Abu Dhabi,11005.479529714583,10358.992556933496
191,Dubai,11004.439567422867,10358.992556933496
235,Abu Dhabi,11003.73607032299,10358.992556933496
2729,Sharjah,11003.148518276214,10358.992556933496
4046,Dubai,11002.325476980208,10358.992556933496
63,Dubai,11000.667549228667,10358.992556933496
2265,Abu Dhabi,10998.292487549787,10358.992556933496
3633,Abu Dhabi,10995.586944591998,10358.992556933496
990,Abu Dhabi,10995.562491559982,10358.992556933496
2089,Dubai,10995.180059623717,10358.992556933496
4612,Abu Dhabi,10994.609441685678,10358.992556933496
2186,Dubai,10993.70846602917,10358.992556933496
3376,Abu Dhabi,10993.596991539001,10358.992556933496
2921,Sharjah,10990.362523674965,10358.992556933496
1877,Dubai,10989.833938550953,10358.992556933496
2413,Dubai,10989.027033019065,10358.992556933496
213,Dubai,10988.98206849098,10358.992556933496
4981,Dubai,10988.836000585554,10358.992556933496
617,Dubai,10986.940501308442,10358.992556933496
2319,Abu Dhabi,10985.15051789284,10358.992556933496
991,Dubai,10983.38953642845,10358.992556933496
1192,Abu Dhabi,10982.666464543341,10358.992556933496
3874,Dubai,10982.597438764573,10358.992556933496
1033,Dubai,10982.424519205095,10358.992556933496
3758,Abu Dhabi,10980.826498079297,10358.992556933496
3244,Dubai,10978.741040802,10358.992556933496
3588,Dubai,10977.446995043754,10358.992556933496
1539,Dubai,10975.975971651076,10358.992556933496
1112,Dubai,10973.642997241019,10358.992556933496
4597,Abu Dhabi,10972.632070565223,10358.992556933496
961,Abu Dhabi,10972.343950843811,10358.992556933496
363,Abu Dhabi,10969.726032066344,10358.992556933496
402,Abu Dhabi,10969.156995463372,10358.992556933496
3273,Sharjah,10967.012976884844,10358.992556933496
4828,Abu Dhabi,10966.923031592369,10358.992556933496
3900,Dubai,10966.080939817428,10358.992556933496
3179,Sharjah,10965.00600619316,10358.992556933496
2538,Dubai,10964.621980762482,10358.992556933496
1954,Dubai,10963.024442601201,10358.992556933496
4973,Dubai,10962.840013217925,10358.992556933496
2416,Dubai,10962.021455144884,10358.992556933496
4243,Dubai,10961.782909059524,10358.992556933496
4509,Abu Dhabi,10961.514472794534,10358.992556933496
4236,Abu Dhabi,10961.328887104988,10358.992556933496
2999,Sharjah,10961.184452295307,10358.992556933496
533,Abu Dhabi,10961.012494325636,10358.992556933496
2200,Sharjah,10960.814562225341,10358.992556933496
1086,Abu Dhabi,10959.576950085164,10358.992556933496
447,Dubai,10959.168011188507,10358.992556933496
27,Sharjah,10957.027392530443,10358.992556933496
1263,Abu Dhabi,10956.755991888049,10358.992556933496
1253,Dubai,10956.723504424095,10358.992556933496
4310,Dubai,10955.289944863316,10358.992556933496
1194,Dubai,10952.266518878938,10358.992556933496
589,Abu Dhabi,10951.751524090765,10358.992556933496
4938,Dubai,10949.106437027454,10358.992556933496
3080,Abu Dhabi,10948.063473463058,10358.992556933496
4818,Abu Dhabi,10947.737950730327,10358.992556933496
2852,Dubai,10947.08851739168,10358.992556933496
4269,Abu Dhabi,10946.15961277485,10358.992556933496
3726,Dubai,10945.592033147812,10358.992556933496
4217,Sharjah,10944.197450554371,10358.992556933496
2615,Abu Dhabi,10943.26548155546,10358.992556933496
3796,Dubai,10942.319454693798,10358.992556933496
3377,Abu Dhabi,10939.777957367898,10358.992556933496
1409,Sharjah,10939.189969694615,10358.992556933496
3508,Abu Dhabi,10938.376011943816,10358.992556933496
480,Dubai,10935.019461512562,10358.992556933496
4974,Abu Dhabi,10934.945474624634,10358.992556933496
3287,Abu Dhabi,10934.933483791352,10358.992556933496
2515,Dubai,10933.195977687836,10358.992556933496
11,Abu Dhabi,10929.952474474907,10358.992556933496
3124,Dubai,10928.480913138392,10358.992556933496
4717,Dubai,10927.393936491011,10358.992556933496
2336,Dubai,10925.925502705573,10358.992556933496
4149,Abu Dhabi,10925.541007804872,10358.992556933496
531,Dubai,10923.7459962368,10358.992556933496
4683,Sharjah,10923.29746804237,10358.992556933496
3720,Dubai,10922.439503335952,10358.992556933496
2499,Abu Dhabi,10921.390082669259,10358.992556933496
3724,Dubai,10919.696937704082,10358.992556933496
3848,Abu Dhabi,10919.353545713426,10358.992556933496
4139,Abu Dhabi,10919.201133751872,10358.992556933496
3195,Dubai,10917.756431412698,10358.992556933496
4834,Dubai,10913.759496068953,10358.992556933496
4105,Dubai,10913.692935371399,10358.992556933496
3361,Sharjah,10913.533967614174,10358.992556933496
723,Dubai,10910.467083883286,10358.992556933496
963,Abu Dhabi,10910.22752251625,10358.992556933496
1810,Sharjah,10909.15896792412,10358.992556933496
3675,Dubai,10908.572977209093,10358.992556933496
4806,Dubai,10908.43455939293,10358.992556933496
4173,Abu Dhabi,10907.461035966875,10358.992556933496
1041,Dubai,10907.05851650238,10358.992556933496
9,Dubai,10906.522481703758,10358.992556933496
2366,Dubai,10904.407006859781,10358.992556933496
4003,Abu Dhabi,10903.641965806484,10358.992556933496
1480,Dubai,10903.39946510792,10358.992556933496
3880,Abu Dhabi,10903.266514801982,10358.992556933496
338,Abu Dhabi,10902.715466451644,10358.992556933496
3049,Dubai,10900.003416132928,10358.992556933496
4605,Dubai,10899.972486305236,10358.992556933496
1310,Dubai,10899.645529031754,10358.992556933496
4751,Abu Dhabi,10899.339949655532,10358.992556933496
2475,Dubai,10898.323012161256,10358.992556933496
767,Abu Dhabi,10897.110481667518,10358.992556933496
2639,Abu Dhabi,10894.85046854019,10358.992556933496
3550,Dubai,10892.727882146834,10358.992556933496
580,Dubai,10891.92894062996,10358.992556933496
2581,Dubai,10890.285022783279,10358.992556933496
1401,Abu Dhabi,10890.188499259946,10358.992556933496
4023,Dubai,10890.143544101713,10358.992556933496
4618,Dubai,10889.595550107955,10358.992556933496
510,Sharjah,10889.556930804254,10358.992556933496
3973,Dubai,10887.155044710638,10358.992556933496
3992,Abu Dhabi,10887.076024675374,10358.992556933496
2841,Sharjah,10886.383949136736,10358.992556933496
4937,Sharjah,10885.493977320195,10358.992556933496
4317,Dubai,10885.474088549612,10358.992556933496
3471,Dubai,10885.396934509277,10358.992556933496
1751,Dubai,10882.707021784785,10358.992556933496
4805,Dubai,10880.645994448661,10358.992556933496
541,Sharjah,10880.314574933054,10358.992556933496
1621,Dubai,10878.286407947538,10358.992556933496
3099,Abu Dhabi,10877.256066083908,10358.992556933496
4863,Dubai,10874.043526983263,10358.992556933496
4427,Dubai,10873.895986676216,10358.992556933496
4037,Dubai,10870.384987330437,10358.992556933496
2003,Dubai,10869.38897585869,10358.992556933496
3624,Dubai,10867.799954748154,10358.992556933496
2517,Abu Dhabi,10864.878565692903,10358.992556933496
2426,Dubai,10864.457024240492,10358.992556933496
1400,Dubai,10862.467012023924,10358.992556933496
3551,Abu Dhabi,10861.679979372024,10358.992556933496
144,Sharjah,10858.422985982897,10358.992556933496
3319,Abu Dhabi,10858.2949798584,10358.992556933496
3810,Abu Dhabi,10858.05002799034,10358.992556933496
3441,Abu Dhabi,10857.954941499233,10358.992556933496
3261,Dubai,10857.009910297395,10358.992556933496
1756,Dubai,10856.152472901345,10358.992556933496
749,Sharjah,10853.191507005693,10358.992556933496
596,Sharjah,10853.162452149389,10358.992556933496
836,Sharjah,10852.74102358818,10358.992556933496
4413,Dubai,10851.579957818985,10358.992556933496
2526,Dubai,10849.420958900453,10358.992556933496
3348,Sharjah,10848.119531631472,10358.992556933496
1570,Abu Dhabi,10847.549492788316,10358.992556933496
493,Abu Dhabi,10847.388013732434,10358.992556933496
4861,Sharjah,10844.838501882554,10358.992556933496
2675,Dubai,10844.372051048278,10358.992556933496
2831,Dubai,10844.228475594522,10358.992556933496
4872,Sharjah,10839.56097228527,10358.992556933496
3171,Dubai,10837.850978875162,10358.992556933496
3238,Sharjah,10837.527903246879,10358.992556933496
3595,Abu Dhabi,10836.824976396563,10358.992556933496
170,Abu Dhabi,10835.993477141854,10358.992556933496
938,Dubai,10834.257985281945,10358.992556933496
2159,Dubai,10833.91856637001,10358.992556933496
2985,Dubai,10833.089014220237,10358.992556933496
2669,Dubai,10832.72300107479,10358.992556933496
4849,Dubai,10830.580475378036,10358.992556933496
1558,Abu Dhabi,10829.780545914176,10358.992556933496
2510,Sharjah,10829.566416072847,10358.992556933496
561,Sharjah,10829.482477831842,10358.992556933496
4976,Dubai,10828.481508159635,10358.992556933496
1106,Dubai,10828.141512930395,10358.992556933496
323,Dubai,10828.05701870918,10358.992556933496
1981,Dubai,10827.632473754884,10358.992556933496
908,Dubai,10827.27487359047,10358.992556933496
174,Dubai,10824.875008654595,10358.992556933496
2472,Sharjah,10823.943502664564,10358.992556933496
986,Dubai,10823.818497180939,10358.992556933496
1609,Sharjah,10823.208482503891,10358.992556933496
719,Dubai,10822.08910331726,10358.992556933496
1574,Dubai,10822.051500749587,10358.992556933496
4879,Dubai,10821.757995200158,10358.992556933496
2106,Dubai,10821.588443565368,10358.992556933496
1402,Dubai,10821.164031791688,10358.992556933496
4358,Sharjah,10821.049001026153,10358.992556933496
4930,Sharjah,10820.571950483321,10358.992556933496
1020,Abu Dhabi,10820.17046661377,10358.992556933496
1808,Dubai,10820.164075505732,10358.992556933496
521,Dubai,10819.507537651063,10358.992556933496
3895,Abu Dhabi,10819.448890662197,10358.992556933496
4601,Dubai,10818.944481110573,10358.992556933496
4331,Abu Dhabi,10817.951969122885,10358.992556933496
4526,Sharjah,10816.977556824684,10358.992556933496
2956,Abu Dhabi,10816.72199306488,10358.992556933496
3977,Dubai,10816.626913952827,10358.992556933496
1423,Abu Dhabi,10816.425995349886,10358.992556933496
1045,Abu Dhabi,10816.042003846167,10358.992556933496
2280,Dubai,10814.772428464888,10358.992556933496
3226,Sharjah,10813.743513429165,10358.992556933496
4831,Dubai,10812.844558572771,10358.992556933496
2458,Dubai,10812.472494173051,10358.992556933496
1035,Abu Dhabi,10812.044470810888,10358.992556933496
1504,Sharjah,10811.21454410553,10358.992556933496
1593,Sharjah,10809.56902139187,10358.992556933496
182,Sharjah,10809.070513916016,10358.992556933496
329,Sharjah,10807.564914989474,10358.992556933496
1252,Dubai,10807.48852806091,10358.992556933496
2189,Abu Dhabi,10806.866026949883,10358.992556933496
4633,Sharjah,10806.740969228744,10358.992556933496
837,Abu Dhabi,10805.322029972078,10358.992556933496
4390,Abu Dhabi,10805.06204273701,10358.992556933496
411,Dubai,10804.905046367645,10358.992556933496
4210,Dubai,10802.866462039949,10358.992556933496
397,Abu Dhabi,10802.765434575082,10358.992556933496
3245,Sharjah,10801.6114985466,10358.992556933496
1749,Sharjah,10801.144506120681,10358.992556933496
1702,Sharjah,10800.329044651984,10358.992556933496
3135,Dubai,10800.26498041153,10358.992556933496
1064,Abu Dhabi,10797.875446987153,10358.992556933496
253,Dubai,10796.901039099695,10358.992556933496
2585,Dubai,10796.603024697306,10358.992556933496
2715,Dubai,10795.997937345506,10358.992556933496
4962,Dubai,10795.41052892208,10358.992556933496
4297,Abu Dhabi,10795.004976177215,10358.992556933496
1612,Sharjah,10793.393461561203,10358.992556933496
116,Dubai,10793.009503626825,10358.992556933496
1524,Abu Dhabi,10792.922492527961,10358.992556933496
4372,Dubai,10792.555473935603,10358.992556933496
3697,Sharjah,10791.30109477043,10358.992556933496
2284,Sharjah,10789.710994052884,10358.992556933496
4600,Dubai,10789.015461170678,10358.992556933496
3305,Dubai,10788.337461972238,10358.992556933496
937,Dubai,10788.169955325126,10358.992556933496
2355,Sharjah,10785.828062677385,10358.992556933496
107,Abu Dhabi,10780.581520986556,10358.992556933496
298,Abu Dhabi,10779.038980865476,10358.992556933496
4204,Abu Dhabi,10777.897007918355,10358.992556933496
4399,Sharjah,10777.70400464535,10358.992556933496
1342,Abu Dhabi,10777.454402828216,10358.992556933496
579,Abu Dhabi,10776.792084360124,10358.992556933496
13,Abu Dhabi,10776.526933526991,10358.992556933496
3963,Abu Dhabi,10775.064986133575,10358.992556933496
2073,Sharjah,10774.191938400267,10358.992556933496
3569,Dubai,10773.566536736489,10358.992556933496
3277,Dubai,10772.83896331787,10358.992556933496
2440,Sharjah,10771.00641750097,10358.992556933496
2158,Dubai,10770.130982136723,10358.992556933496
4118,Dubai,10769.431480240823,10358.992556933496
2643,Abu Dhabi,10769.219004797938,10358.992556933496
2291,Sharjah,10768.006982016563,10358.992556933496
4540,Sharjah,10767.732997763156,10358.992556933496
551,Abu Dhabi,10767.483974194523,10358.992556933496
2640,Sharjah,10766.48700079918,10358.992556933496
2616,Sharjah,10765.412511730197,10358.992556933496
4726,Dubai,10764.955460357665,10358.992556933496
2211,Abu Dhabi,10764.04349746704,10358.992556933496
2608,Dubai,10763.919028329849,10358.992556933496
1328,Abu Dhabi,10763.912904143335,10358.992556933496
1373,Dubai,10763.294533896446,10358.992556933496
1121,Dubai,10762.664500308036,10358.992556933496
151,Dubai,10762.32348461151,10358.992556933496
3631,Dubai,10761.85398981571,10358.992556933496
4144,Sharjah,10761.780472564698,10358.992556933496
4789,Abu Dhabi,10760.736509597302,10358.992556933496
1410,Dubai,10760.733979916571,10358.992556933496
2428,Abu Dhabi,10759.925483798983,10358.992556933496
4493,Dubai,10759.059501242635,10358.992556933496
2513,Dubai,10758.631976270675,10358.992556933496
46,Abu Dhabi,10757.7860196352,10358.992556933496
935,Abu Dhabi,10756.705467844009,10358.992556933496
1081,Dubai,10755.36799607277,10358.992556933496
3736,Dubai,10752.72953438759,10358.992556933496
960,Sharjah,10752.443039608,10358.992556933496
1009,Abu Dhabi,10752.144987440111,10358.992556933496
931,Dubai,10751.212023568154,10358.992556933496
4507,Dubai,10751.155422735215,10358.992556933496
1126,Dubai,10747.763016605375,10358.992556933496
825,Sharjah,10744.966468811035,10358.992556933496
1644,Abu Dhabi,10744.804516696931,10358.992556933496
3199,Dubai,10744.693920063974,10358.992556933496
985,Dubai,10740.449969768522,10358.992556933496
2022,Abu Dhabi,10740.324490118026,10358.992556933496
2055,Sharjah,10738.60096808672,10358.992556933496
4564,Sharjah,10737.967475557329,10358.992556933496
416,Dubai,10735.881996679305,10358.992556933496
4939,Dubai,10734.436449360848,10358.992556933496
417,Dubai,10733.723569130903,10358.992556933496
2765,Dubai,10733.255050301554,10358.992556933496
953,Abu Dhabi,10733.073486423493,10358.992556933496
2092,Sharjah,10732.971964979173,10358.992556933496
1326,Sharjah,10732.85709898472,10358.992556933496
3753,Dubai,10731.930491876605,10358.992556933496
2713,Sharjah,10731.54398958683,10358.992556933496
415,Dubai,10730.930979931352,10358.992556933496
4743,Dubai,10728.404460716247,10358.992556933496
4775,Dubai,10727.386018300054,10358.992556933496
626,Dubai,10727.183046007158,10358.992556933496
133,Dubai,10726.279468512534,10358.992556933496
910,Abu Dhabi,10725.44406657219,10358.992556933496
1345,Abu Dhabi,10723.548052597045,10358.992556933496
692,Abu Dhabi,10722.200478625296,10358.992556933496
1924,Abu Dhabi,10721.716475462912,10358.992556933496
4000,Abu Dhabi,10721.637423443794,10358.992556933496
940,Dubai,10718.555987048147,10358.992556933496
4172,Dubai,10717.385005378725,10358.992556933496
4763,Dubai,10716.079927873612,10358.992556933496
1294,Dubai,10716.002497673036,10358.992556933496
729,Abu Dhabi,10714.814058828353,10358.992556933496
1138,Dubai,10714.54595143795,10358.992556933496
532,Sharjah,10714.500959968565,10358.992556933496
2429,Sharjah,10713.79303869009,10358.992556933496
598,Dubai,10712.632543826103,10358.992556933496
4727,Abu Dhabi,10712.407983970645,10358.992556933496
4142,Dubai,10712.36247262955,10358.992556933496
373,Dubai,10712.215541315078,10358.992556933496
3692,Abu Dhabi,10711.952557194232,10358.992556933496
1260,Abu Dhabi,10711.877989387514,10358.992556933496
1268,Dubai,10710.885536503789,10358.992556933496
832,Sharjah,10710.322959983348,10358.992556933496
2353,Dubai,10708.311044144628,10358.992556933496
1058,Abu Dhabi,10708.185496306418,10358.992556933496
4449,Dubai,10706.977005720142,10358.992556933496
1386,Abu Dhabi,10706.783469069003,10358.992556933496
3908,Dubai,10706.483417987822,10358.992556933496
476,Dubai,10706.428561639785,10358.992556933496
2680,Abu Dhabi,10704.452036261559,10358.992556933496
3832,Abu Dhabi,10703.623964262008,10358.992556933496
3604,Sharjah,10703.113914752006,10358.992556933496
440,Abu Dhabi,10702.851472115519,10358.992556933496
1758,Dubai,10701.433370018005,10358.992556933496
1228,Dubai,10701.250463342665,10358.992556933496
636,Sharjah,10696.51005678177,10358.992556933496
1429,Abu Dhabi,10695.587454295159,10358.992556933496
1697,Abu Dhabi,10693.099972081183,10358.992556933496
2687,Sharjah,10692.031531524657,10358.992556933496
3264,Dubai,10691.229522967338,10358.992556933496
24,Sharjah,10687.371546530721,10358.992556933496
4681,Dubai,10685.984985232353,10358.992556933496
2104,Dubai,10685.503020071985,10358.992556933496
1244,Sharjah,10683.71595158577,10358.992556933496
1114,Dubai,10683.54843506813,10358.992556933496
3835,Dubai,10682.730018806458,10358.992556933496
4943,Dubai,10678.742411875723,10358.992556933496
1283,Abu Dhabi,10676.523986935614,10358.992556933496
4468,Dubai,10672.82596447468,10358.992556933496
2231,Dubai,10672.786023294926,10358.992556933496
2620,Abu Dhabi,10671.718932366368,10358.992556933496
4209,Dubai,10671.662538194654,10358.992556933496
657,Dubai,10669.196404242515,10358.992556933496
3762,Abu Dhabi,10668.765957474709,10358.992556933496
4290,Abu Dhabi,10666.431945824625,10358.992556933496
1190,Abu Dhabi,10664.99403743744,10358.992556933496
1876,Sharjah,10664.775004124642,10358.992556933496
1566,Dubai,10663.855521011355,10358.992556933496
2365,Dubai,10663.16647722721,10358.992556933496
4348,Dubai,10662.479426670074,10358.992556933496
2058,Abu Dhabi,10661.413486099245,10358.992556933496
1691,Abu Dhabi,10661.152509856225,10358.992556933496
3818,Dubai,10657.53750658035,10358.992556933496
3592,Dubai,10657.3984662056,10358.992556933496
3323,Sharjah,10655.702414941787,10358.992556933496
3014,Sharjah,10652.456048870084,10358.992556933496
278,Dubai,10650.98499288559,10358.992556933496
2227,Abu Dhabi,10650.442441916466,10358.992556933496
2506,Abu Dhabi,10650.152050685883,10358.992556933496
3773,Dubai,10648.550490999223,10358.992556933496
2884,Sharjah,10647.572919034958,10358.992556933496
1760,Sharjah,10647.09600982666,10358.992556933496
1006,Dubai,10646.795983958244,10358.992556933496
3505,Abu Dhabi,10644.03450217247,10358.992556933496
4422,Dubai,10643.48754014969,10358.992556933496
3501,Abu Dhabi,10643.332989740373,10358.992556933496
1107,Sharjah,10642.818037843706,10358.992556933496
2678,Dubai,10641.998594641685,10358.992556933496
3182,Abu Dhabi,10640.972472929952,10358.992556933496
16,Abu Dhabi,10639.956046915053,10358.992556933496
3370,Dubai,10639.765465641021,10358.992556933496
3041,Dubai,10637.52698066235,10358.992556933496
2358,Abu Dhabi,10637.40305325985,10358.992556933496
662,Sharjah,10637.182504105569,10358.992556933496
3278,Dubai,10636.798491489888,10358.992556933496
3112,Dubai,10636.58601541519,10358.992556933496
1988,Sharjah,10635.314542150496,10358.992556933496
2294,Dubai,10634.208437299729,10358.992556933496
1068,Abu Dhabi,10633.884491705896,10358.992556933496
4627,Sharjah,10633.384031641484,10358.992556933496
3237,Dubai,10631.28048355579,10358.992556933496
1232,Dubai,10630.889518213273,10358.992556933496
1796,Dubai,10630.417996549606,10358.992556933496
4793,Dubai,10629.471481752395,10358.992556933496
3384,Dubai,10628.361510658262,10358.992556933496
3940,Sharjah,10627.873432159424,10358.992556933496
3104,Sharjah,10626.309968137743,10358.992556933496
220,Dubai,10625.81353485584,10358.992556933496
1458,Sharjah,10625.434967803953,10358.992556933496
2629,Dubai,10623.285004377365,10358.992556933496
3693,Sharjah,10622.39057996273,10358.992556933496
1661,Abu Dhabi,10621.924526143071,10358.992556933496
1209,Dubai,10621.287520217897,10358.992556933496
2418,Dubai,10620.67993326187,10358.992556933496
2720,Dubai,10619.551003742217,10358.992556933496
2452,Abu Dhabi,10619.002977752687,10358.992556933496
331,Dubai,10619.001518487932,10358.992556933496
4010,Dubai,10617.298928213118,10358.992556933496
646,Sharjah,10616.17457678318,10358.992556933496
4644,Abu Dhabi,10616.109931969642,10358.992556933496
4166,Abu Dhabi,10615.928895688055,10358.992556933496
546,Dubai,10613.590989279744,10358.992556933496
3494,Dubai,10612.816426122188,10358.992556933496
275,Dubai,10611.323515403272,10358.992556933496
4299,Dubai,10610.367499470713,10358.992556933496
3299,Abu Dhabi,10609.221475839615,10358.992556933496
593,Abu Dhabi,10608.466487932204,10358.992556933496
1264,Sharjah,10608.273495805262,10358.992556933496
2966,Abu Dhabi,10606.524449634551,10358.992556933496
1764,Dubai,10606.304454231262,10358.992556933496
181,Abu Dhabi,10605.579976916315,10358.992556933496
2066,Dubai,10602.499577593802,10358.992556933496
3919,Dubai,10601.82202577591,10358.992556933496
3176,Dubai,10601.537979173663,10358.992556933496
3025,Sharjah,10601.435429883,10358.992556933496
3300,Abu Dhabi,10600.839034652709,10358.992556933496
1666,Abu Dhabi,10599.087516999247,10358.992556933496
1083,Dubai,10598.680035734176,10358.992556933496
3703,Dubai,10597.849498033524,10358.992556933496
4579,Dubai,10597.60190272331,10358.992556933496
524,Sharjah,10596.93050649166,10358.992556933496
2035,Dubai,10596.845976185798,10358.992556933496
1857,Sharjah,10596.729533839227,10358.992556933496
31,Dubai,10594.996499371531,10358.992556933496
1187,Abu Dhabi,10594.621991467477,10358.992556933496
2596,Dubai,10594.550521898274,10358.992556933496
3146,Abu Dhabi,10593.960003566743,10358.992556933496
3297,Dubai,10593.807525205611,10358.992556933496
1442,Dubai,10591.798043251038,10358.992556933496
3326,Dubai,10589.828476142882,10358.992556933496
395,Dubai,10587.007046699524,10358.992556933496
2276,Dubai,10584.400497531891,10358.992556933496
3249,Abu Dhabi,10584.001995801926,10358.992556933496
4113,Abu Dhabi,10583.948023366927,10358.992556933496
3258,Sharjah,10583.7540266037,10358.992556933496
4883,Dubai,10579.899457645417,10358.992556933496
4279,Dubai,10577.906990575791,10358.992556933496
578,Dubai,10576.982503461837,10358.992556933496
1826,Abu Dhabi,10576.848607122898,10358.992556933496
2974,Abu Dhabi,10576.277496671679,10358.992556933496
981,Dubai,10575.717976212507,10358.992556933496
2557,Sharjah,10575.301469302176,10358.992556933496
1166,Abu Dhabi,10574.231997776034,10358.992556933496
4033,Dubai,10573.374967193604,10358.992556933496
2683,Dubai,10572.916906642917,10358.992556933496
3647,Abu Dhabi,10571.894961881637,10358.992556933496
1720,Dubai,10571.404965782165,10358.992556933496
237,Dubai,10569.846030187608,10358.992556933496
2764,Dubai,10569.470548152922,10358.992556933496
2253,Abu Dhabi,10567.653952860834,10358.992556933496
4999,Sharjah,10567.300516796116,10358.992556933496
2587,Dubai,10566.917504549026,10358.992556933496
3529,Dubai,10565.39492943287,10358.992556933496
2555,Dubai,10565.393991065022,10358.992556933496
957,Dubai,10563.98248645067,10358.992556933496
1472,Dubai,10562.951002907752,10358.992556933496
2757,Dubai,10562.024576115607,10358.992556933496
2540,Dubai,10561.250972366335,10358.992556933496
2935,Dubai,10560.994035243986,10358.992556933496
4093,Abu Dhabi,10560.692018699641,10358.992556933496
2223,Sharjah,10560.43051233292,10358.992556933496
2450,Sharjah,10560.260426688194,10358.992556933496
1686,Abu Dhabi,10559.53002846241,10358.992556933496
867,Sharjah,10559.44005372524,10358.992556933496
3070,Sharjah,10558.45550789833,10358.992556933496
4473,Abu Dhabi,10557.415042448043,10358.992556933496
3322,Dubai,10556.177008652687,10358.992556933496
1792,Sharjah,10556.095927786828,10358.992556933496
1270,Dubai,10555.60849843025,10358.992556933496
2071,Abu Dhabi,10554.904937827585,10358.992556933496
4989,Abu Dhabi,10554.87042167187,10358.992556933496
441,Dubai,10553.876476287844,10358.992556933496
2618,Dubai,10550.812001609802,10358.992556933496
4025,Dubai,10550.184941101073,10358.992556933496
4754,Dubai,10549.651515364647,10358.992556933496
2560,Dubai,10549.53798761368,10358.992556933496
4289,Abu Dhabi,10549.356454229355,10358.992556933496
1140,Dubai,10549.226555347444,10358.992556933496
3938,Dubai,10549.148057866096,10358.992556933496
1023,Dubai,10549.112929010393,10358.992556933496
3741,Dubai,10547.79447760582,10358.992556933496
3123,Sharjah,10545.863422501086,10358.992556933496
1627,Sharjah,10544.196411752699,10358.992556933496
4724,Abu Dhabi,10542.807480359077,10358.992556933496
640,Dubai,10542.80302362442,10358.992556933496
3301,Sharjah,10542.317486882213,10358.992556933496
553,Abu Dhabi,10542.13200750351,10358.992556933496
609,Dubai,10541.373495125774,10358.992556933496
2959,Sharjah,10540.676002717015,10358.992556933496
2026,Sharjah,10540.126054525375,10358.992556933496
2115,Dubai,10539.675958299638,10358.992556933496
4753,Dubai,10538.43348441124,10358.992556933496
933,Dubai,10538.179546856878,10358.992556933496
1164,Dubai,10536.533501434327,10358.992556933496
1495,Sharjah,10536.488919734955,10358.992556933496
215,Dubai,10536.150002384184,10358.992556933496
3224,Dubai,10535.952553677558,10358.992556933496
1527,Abu Dhabi,10534.454466819765,10358.992556933496
205,Dubai,10531.059975004198,10358.992556933496
4262,Dubai,10529.860915756224,10358.992556933496
3398,Abu Dhabi,10526.817454576492,10358.992556933496
2233,Dubai,10526.598511075976,10358.992556933496
2633,Sharjah,10526.30746693611,10358.992556933496
1928,Sharjah,10525.821457362174,10358.992556933496
1063,Dubai,10524.976525831224,10358.992556933496
4241,Dubai,10524.628522872927,10358.992556933496
4748,Abu Dhabi,10523.853015351293,10358.992556933496
459,Sharjah,10520.019459962843,10358.992556933496
3955,Abu Dhabi,10518.96799263954,10358.992556933496
3499,Abu Dhabi,10518.779939556121,10358.992556933496
2995,Dubai,10518.529535102845,10358.992556933496
3960,Abu Dhabi,10517.620473790168,10358.992556933496
2850,Dubai,10516.901060950755,10358.992556933496
3020,Dubai,10516.736049985882,10358.992556933496
2029,Abu Dhabi,10516.35453107357,10358.992556933496
2848,Dubai,10515.604632782935,10358.992556933496
1533,Abu Dhabi,10515.226929163935,10358.992556933496
1970,Dubai,10514.251480531691,10358.992556933496
2946,Dubai,10514.232024645806,10358.992556933496
959,Sharjah,10513.605531978608,10358.992556933496
4659,Abu Dhabi,10513.268486499785,10358.992556933496
3897,Dubai,10512.220970392225,10358.992556933496
879,Sharjah,10512.217013132577,10358.992556933496
1828,Abu Dhabi,10511.823474121093,10358.992556933496
2817,Dubai,10511.789983224871,10358.992556933496
3531,Dubai,10511.745453405383,10358.992556933496
3586,Dubai,10509.550939142704,10358.992556933496
355,Dubai,10507.852528357507,10358.992556933496
3447,Dubai,10506.583992457388,10358.992556933496
1047,Sharjah,10506.535463571548,10358.992556933496
189,Abu Dhabi,10504.698488593103,10358.992556933496
4060,Abu Dhabi,10504.43146996498,10358.992556933496
851,Sharjah,10504.426352238654,10358.992556933496
1158,Abu Dhabi,10504.096456670763,10358.992556933496
4934,Dubai,10502.750962042808,10358.992556933496
3314,Dubai,10502.512470149995,10358.992556933496
2436,Sharjah,10502.165512454509,10358.992556933496
4436,Sharjah,10501.612968063355,10358.992556933496
3386,Abu Dhabi,10501.300970554352,10358.992556933496
1787,Dubai,10497.307934260367,10358.992556933496
1189,Dubai,10496.167548084259,10358.992556933496
2476,Abu Dhabi,10495.64394285679,10358.992556933496
4220,Abu Dhabi,10495.151059412956,10358.992556933496
1724,Dubai,10494.84796844721,10358.992556933496
3186,Dubai,10492.936049842836,10358.992556933496
3618,Abu Dhabi,10490.476871895791,10358.992556933496
3826,Dubai,10487.749508047105,10358.992556933496
3665,Sharjah,10486.814929985998,10358.992556933496
1243,Dubai,10486.075479578973,10358.992556933496
4084,Dubai,10485.027561593059,10358.992556933496
2599,Dubai,10483.727041602135,10358.992556933496
906,Sharjah,10482.396013069152,10358.992556933496
914,Dubai,10482.24555838108,10358.992556933496
2782,Abu Dhabi,10482.182519841192,10358.992556933496
140,Dubai,10480.934015607834,10358.992556933496
3672,Abu Dhabi,10480.673477554321,10358.992556933496
4414,Dubai,10479.51692290306,10358.992556933496
3477,Dubai,10477.845482110979,10358.992556933496
528,Dubai,10476.088502526285,10358.992556933496
4417,Sharjah,10471.621020185945,10358.992556933496
4953,Dubai,10471.388520050052,10358.992556933496
1479,Abu Dhabi,10470.532480430604,10358.992556933496
4151,Abu Dhabi,10470.350995886327,10358.992556933496
2,Abu Dhabi,10469.128954315187,10358.992556933496
187,Abu Dhabi,10468.797582578658,10358.992556933496
1987,Dubai,10467.690486979487,10358.992556933496
4087,Dubai,10466.897020530705,10358.992556933496
2387,Abu Dhabi,10466.13810353279,10358.992556933496
4680,Sharjah,10464.630496215821,10358.992556933496
2339,Dubai,10463.708988511564,10358.992556933496
2102,Dubai,10462.847447919847,10358.992556933496
1097,Dubai,10460.210472404959,10358.992556933496
1799,Dubai,10456.991000175476,10358.992556933496
2297,Abu Dhabi,10453.83595395088,10358.992556933496
3153,Dubai,10452.358489775655,10358.992556933496
2541,Dubai,10451.535489034652,10358.992556933496
209,Sharjah,10451.487461113931,10358.992556933496
3545,Dubai,10447.120523166655,10358.992556933496
752,Dubai,10445.912080669403,10358.992556933496
1332,Dubai,10441.756424474717,10358.992556933496
1889,Dubai,10441.606985712051,10358.992556933496
934,Dubai,10441.562916374207,10358.992556933496
488,Abu Dhabi,10438.313989090919,10358.992556933496
4430,Abu Dhabi,10437.679444169997,10358.992556933496
3577,Abu Dhabi,10437.612044262887,10358.992556933496
3740,Dubai,10437.327508163451,10358.992556933496
1259,Abu Dhabi,10437.131530284885,10358.992556933496
3901,Abu Dhabi,10435.876023364066,10358.992556933496
2002,Sharjah,10433.920925641061,10358.992556933496
607,Sharjah,10433.12004415989,10358.992556933496
4810,Dubai,10432.213496398927,10358.992556933496
3847,Dubai,10431.157504975794,10358.992556933496
115,Abu Dhabi,10430.74348721504,10358.992556933496
3240,Sharjah,10430.414038634302,10358.992556933496
520,Abu Dhabi,10429.227513480186,10358.992556933496
4925,Sharjah,10429.218519592283,10358.992556933496
4613,Abu Dhabi,10425.195963048936,10358.992556933496
289,Sharjah,10424.869980239868,10358.992556933496
1740,Dubai,10424.109986448286,10358.992556933496
1562,Abu Dhabi,10424.041945886614,10358.992556933496
1149,Dubai,10422.549079251292,10358.992556933496
1947,Dubai,10422.198478126526,10358.992556933496
2048,Sharjah,10421.707466363905,10358.992556933496
399,Abu Dhabi,10421.643480110166,10358.992556933496
4892,Dubai,10419.894970607758,10358.992556933496
4137,Sharjah,10418.53299806118,10358.992556933496
3087,Sharjah,10415.741008663179,10358.992556933496
2311,Abu Dhabi,10414.69510588646,10358.992556933496
2447,Sharjah,10413.624508333201,10358.992556933496
1122,Sharjah,10413.571486687657,10358.992556933496
290,Dubai,10410.94403269291,10358.992556933496
1046,Dubai,10410.312493801119,10358.992556933496
2635,Dubai,10410.212992477418,10358.992556933496
2046,Abu Dhabi,10409.038958859443,10358.992556933496
4196,Dubai,10407.914990544317,10358.992556933496
3217,Dubai,10407.798478806017,10358.992556933496
1085,Abu Dhabi,10407.22352130413,10358.992556933496
1160,Dubai,10406.646992731095,10358.992556933496
2700,Dubai,10404.738456487654,10358.992556933496
4936,Dubai,10404.618549275398,10358.992556933496
3214,Dubai,10403.845912742614,10358.992556933496
3754,Sharjah,10403.314080369471,10358.992556933496
2193,Sharjah,10402.783520221712,10358.992556933496
653,Dubai,10400.815924930572,10358.992556933496
4712,Dubai,10400.064520096781,10358.992556933496
3928,Abu Dhabi,10399.59439387321,10358.992556933496
106,Sharjah,10397.23346800804,10358.992556933496
3713,Dubai,10396.498003149034,10358.992556933496
3125,Abu Dhabi,10394.77945432663,10358.992556933496
2779,Sharjah,10394.414052188398,10358.992556933496
1806,Dubai,10392.824994182587,10358.992556933496
1565,Abu Dhabi,10392.528975379464,10358.992556933496
564,Sharjah,10392.494044566154,10358.992556933496
1119,Sharjah,10392.281450462338,10358.992556933496
460,Dubai,10390.918425178526,10358.992556933496
99,Dubai,10388.945037496092,10358.992556933496
709,Dubai,10387.29849243164,10358.992556933496
4533,Abu Dhabi,10387.29703564644,10358.992556933496
4874,Dubai,10386.832511997223,10358.992556933496
3255,Dubai,10381.136938524243,10358.992556933496
3078,Sharjah,10381.08398718834,10358.992556933496
3990,Dubai,10380.956982803345,10358.992556933496
2260,Dubai,10379.490533852577,10358.992556933496
1759,Abu Dhabi,10378.658994150159,10358.992556933496
4230,Dubai,10375.266036701201,10358.992556933496
3443,Abu Dhabi,10372.705487918853,10358.992556933496
89,Abu Dhabi,10370.475423049927,10358.992556933496
2984,Dubai,10366.839006471635,10358.992556933496
3271,Sharjah,10365.766510391237,10358.992556933496
461,Dubai,10365.24053926468,10358.992556933496
1637,Dubai,10363.757547473906,10358.992556933496
2653,Abu Dhabi,10363.677950644493,10358.992556933496
628,Dubai,10362.731993174553,10358.992556933496
803,Dubai,10362.409529852866,10358.992556933496
4794,Sharjah,10362.226052832604,10358.992556933496
4123,Dubai,10361.837053561212,10358.992556933496
3113,Sharjah,10361.258483505251,10358.992556933496
1708,Abu Dhabi,10360.32148990631,10358.992556933496
