sku_id,sku_name,sales_month,monthly_revenue,prev_month_revenue,revenue_change,pct_change_revenue,monthly_units,prev_month_units
1133,Electronics_Mobile Accessories_1133,2025-09-01,1353.9999389648438,6468.796763420105,-5114.796824455261,-79.07,40,208
1022,Household_Cleaning Supplies_1022,2025-09-01,2466.89998626709,10043.239990234375,-7576.340003967285,-75.44,45,206
1031,Snacks_Chips_1031,2021-09-01,809.3100242614746,3254.490031242371,-2445.1800069808965,-75.13,53,235
1172,Electronics_Chargers_1172,2025-09-01,4991.799865722656,19875.899597167972,-14884.099731445316,-74.89,44,198
1146,Snacks_Chocolates_1146,2021-03-01,1034.7900466918945,4113.4500823974595,-3078.660035705565,-74.84,51,246
1038,Electronics_Cables_1038,2025-09-01,4666.159942626953,17960.54473648071,-13294.384793853758,-74.02,47,202
1086,Grocery_Rice_1086,2021-03-01,1024.0800285339355,3925.4200832843776,-2901.340054750442,-73.91,68,312
1080,Snacks_Chips_1080,2021-09-01,1001.25,3792.347099494934,-2791.097099494934,-73.60,45,201
1032,Snacks_Chocolates_1032,2021-09-01,667.0399932861328,2513.9800114631657,-1846.940018177033,-73.47,44,182
1108,Dairy_Butter_1108,2021-03-01,2555.799980163574,9632.644718170168,-7076.844738006594,-73.47,65,288
1199,Electronics_Cables_1199,2024-09-01,11954.279968261719,44141.06927795409,-32186.789309692373,-72.92,52,215
1021,Grocery_Canned Goods_1021,2023-09-01,1239.6899967193604,4412.985951614379,-3173.2959548950184,-71.91,43,188
1012,Beverages_Juices_1012,2021-03-01,930.600025177002,3300.1209650039673,-2369.5209398269653,-71.80,66,286
1056,Snacks_Nuts_1056,2025-09-01,334.88000106811523,1185.912017440796,-851.0320163726808,-71.76,56,228
1145,Household_Trash Bags_1145,2022-09-01,584.4600019454956,2049.9870598793027,-1465.527057933807,-71.49,51,208
1059,Electronics_Cables_1059,2024-09-01,1316.2599716186523,4578.1570144653315,-3261.897042846679,-71.25,62,239
1166,Grocery_Spices_1166,2021-03-01,3057.8399810791016,10460.391733551025,-7402.5517524719235,-70.77,62,254
1149,Electronics_Chargers_1149,2022-09-01,4039.620071411133,13691.064212036132,-9651.444140624999,-70.49,39,147
1046,Household_Paper Products_1046,2022-03-01,2909.499931335449,9848.469799041748,-6938.969867706299,-70.46,50,213
1146,Snacks_Chocolates_1146,2021-09-01,1115.950050354004,3744.8381170272824,-2628.8880666732784,-70.20,55,203
1107,Electronics_Mobile Accessories_1107,2022-03-01,7716.960205078125,25572.765522003174,-17855.80531692505,-69.82,48,226
1155,Electronics_Mobile Accessories_1155,2025-04-01,1097.7879611968995,3620.6579601287835,-2522.869998931884,-69.68,49,223
1121,Grocery_Rice_1121,2022-03-01,1849.039951324463,6097.049898147583,-4248.00994682312,-69.67,58,263
1114,Electronics_Batteries_1114,2022-09-01,8535.519897460938,28031.76109619141,-19496.241198730473,-69.55,56,205
1052,Snacks_Crackers_1052,2023-09-01,867.3600158691406,2839.8640426635743,-1972.5040267944337,-69.46,52,216
1025,Household_Detergent_1025,2025-04-01,411.1979780673981,1345.4839638710018,-934.2859858036038,-69.44,49,229
1198,Dairy_Cheese_1198,2025-09-01,1114.1299934387207,3626.1899642944345,-2512.059970855714,-69.28,43,158
1163,Household_Paper Products_1163,2021-09-01,2430.3499603271484,7909.715160369873,-5479.365200042725,-69.27,65,241
1073,Electronics_Chargers_1073,2021-03-01,7704.31982421875,25036.02763404846,-17331.70780982971,-69.23,64,241
1126,Beverages_Soft Drinks_1126,2024-09-01,1824.7000541687012,5890.696981239318,-4065.996927070617,-69.02,71,256
1072,Electronics_Chargers_1072,2022-09-01,10959.959747314453,35283.6019958496,-24323.64224853515,-68.94,46,165
1149,Electronics_Chargers_1149,2025-09-01,7768.500137329102,24892.036373901374,-17123.536236572272,-68.79,75,273
1156,Personal Care_Soap_1156,2021-09-01,1969.1000442504883,6265.302016639708,-4296.20197238922,-68.57,58,206
1128,Grocery_Spices_1128,2025-09-01,1275.8399963378906,4056.227998924255,-2780.3880025863646,-68.55,48,168
1112,Household_Paper Products_1112,2025-04-01,611.4100060462952,1942.1870114803314,-1330.7770054340363,-68.52,64,260
1009,Electronics_Batteries_1009,2025-09-01,4911.299835205078,15593.025851440427,-10681.726016235349,-68.50,54,195
1191,Dairy_Butter_1191,2024-09-01,603.8999767303467,1912.5809432983394,-1308.6809665679928,-68.42,61,212
1039,Beverages_Soft Drinks_1039,2025-04-01,1294.471990966797,4095.8939254760744,-2801.4219345092774,-68.40,52,231
1159,Electronics_Batteries_1159,2025-09-01,10684.800109863281,33779.727699279785,-23094.927589416504,-68.37,60,218
1102,Snacks_Biscuits_1102,2021-09-01,1270.8600540161133,4010.0850219726562,-2739.224967956543,-68.31,59,208
1010,Grocery_Rice_1010,2021-09-01,903.650016784668,2843.4950232505794,-1939.8450064659114,-68.22,55,193
1015,Dairy_Cream_1015,2021-03-01,1926.2299404144287,6058.414831638337,-4132.184891223908,-68.21,71,258
1021,Grocery_Canned Goods_1021,2021-09-01,1470.3299961090088,4609.395082855224,-3139.0650867462155,-68.10,51,184
1052,Snacks_Crackers_1052,2022-03-01,1100.8800201416016,3448.590063095093,-2347.710042953491,-68.08,66,282
1117,Snacks_Crackers_1117,2025-09-01,636.1599731445312,1982.3649363517761,-1346.2049632072449,-67.91,64,222
1015,Dairy_Cream_1015,2021-09-01,1383.6299571990967,4308.459926605225,-2924.829969406128,-67.89,51,174
1010,Grocery_Rice_1010,2024-09-01,1035.0900192260742,3217.4310313224782,-2182.341012096404,-67.83,63,215
1147,Snacks_Crackers_1147,2023-09-01,1099.2199878692627,3407.003989791871,-2307.7840019226082,-67.74,53,201
1190,Dairy_Milk_1190,2023-09-01,1418.2000160217285,4392.599922180176,-2974.3999061584473,-67.71,70,269
1046,Household_Paper Products_1046,2021-03-01,3665.969913482666,11319.96476173401,-7653.994848251345,-67.62,63,232
1081,Snacks_Nuts_1081,2024-09-01,684.0800285339355,2102.715062999725,-1418.6350344657894,-67.47,68,237
1058,Personal Care_Soap_1058,2022-09-01,2478.849983215332,7608.782160568238,-5129.932177352906,-67.42,55,196
1033,Household_Paper Products_1033,2025-09-01,1978.839916229248,6073.1999588012695,-4094.3600425720215,-67.42,61,210
1188,Grocery_Spices_1188,2021-03-01,1304.3199462890625,3983.5558803558342,-2679.2359340667717,-67.26,64,231
1122,Dairy_Yogurt_1122,2024-09-01,1738.000020980835,5295.528084182739,-3557.528063201904,-67.18,55,190
1104,Grocery_Pasta_1104,2021-03-01,1816.3200721740723,5519.98522567749,-3703.665153503418,-67.10,86,303
1175,Household_Trash Bags_1175,2024-09-01,3710.080009460449,11257.648093414311,-7547.568083953862,-67.04,62,217
1178,Beverages_Soft Drinks_1178,2021-09-01,1340.6400299072266,4066.8299720764167,-2726.18994216919,-67.03,56,190
1097,Snacks_Crackers_1097,2022-03-01,151.37999391555786,458.3099935054779,-306.92999958992004,-66.97,58,235
1119,Grocery_Pasta_1119,2025-04-01,1623.1499862670898,4900.549975585938,-3277.3999893188484,-66.88,45,194
1193,Beverages_Tea_1193,2025-09-01,762.8499937057495,2296.8739484786984,-1534.0239547729489,-66.79,55,185
1098,Electronics_Mobile Accessories_1098,2023-09-01,6418.859924316406,19293.37385253906,-12874.513928222656,-66.73,62,240
1134,Household_Paper Products_1134,2025-04-01,788.0319961547851,2368.3000183105464,-1580.2680221557612,-66.73,58,235
1115,Household_Paper Products_1115,2021-03-01,2962.7400817871094,8892.916631889342,-5930.176550102233,-66.68,67,243
1150,Electronics_Batteries_1150,2022-03-01,7455.8399658203125,22233.839782714844,-14777.999816894531,-66.47,56,230
1146,Snacks_Chocolates_1146,2024-09-01,1257.9800567626953,3750.0720926284794,-2492.092035865784,-66.45,62,212
1082,Household_Detergent_1082,2021-03-01,3036.8799896240234,9035.377873611445,-5998.497883987422,-66.39,68,242
1037,Electronics_Cables_1037,2025-09-01,10178.490417480469,30219.1782485962,-20040.68783111573,-66.32,57,185
1171,Personal Care_Toothpaste_1171,2022-09-01,2708.5498809814453,8038.259811401367,-5329.709930419922,-66.30,65,214
1158,Snacks_Crackers_1158,2021-03-01,370.7699990272522,1096.0609803438185,-725.2909813165663,-66.17,51,186
1150,Electronics_Batteries_1150,2025-04-01,7317.379959106445,21564.899620056152,-14247.519660949707,-66.07,57,240
1067,Grocery_Cereals_1067,2021-03-01,3370.759979248047,9901.493582344057,-6530.7336030960105,-65.96,68,235
1092,Household_Detergent_1092,2023-09-01,1522.2600288391113,4469.599961853028,-2947.3399330139164,-65.94,54,205
1191,Dairy_Butter_1191,2025-04-01,469.7549822330475,1378.5749552249908,-908.8199729919434,-65.92,50,203
1149,Electronics_Chargers_1149,2021-03-01,6525.540115356445,19124.982276535044,-12599.442161178598,-65.88,63,216
1055,Dairy_Butter_1055,2021-03-01,846.6400260925293,2481.122073173523,-1634.4820470809937,-65.88,76,266
1062,Personal Care_Deodorant_1062,2021-03-01,2509.480026245117,7350.939948272702,-4841.459922027585,-65.86,86,293
1067,Grocery_Cereals_1067,2024-09-01,3172.47998046875,9272.224043273925,-6099.744062805175,-65.79,64,211
1181,Personal Care_Soap_1181,2021-03-01,3050.1900482177734,8890.728032684325,-5840.537984466551,-65.69,79,273
1131,Snacks_Crackers_1131,2022-09-01,1431.669958114624,4161.862027740479,-2730.192069625855,-65.60,61,199
1164,Electronics_Cables_1164,2024-09-01,12951.840362548828,37596.08400878906,-24644.243646240233,-65.55,66,214
1025,Household_Detergent_1025,2024-09-01,652.9599647521973,1895.3779611587524,-1242.4179964065552,-65.55,77,249
1003,Household_Cleaning Supplies_1003,2021-09-01,852,2471.0400226593015,-1619.0400226593015,-65.52,71,231
1150,Electronics_Batteries_1150,2021-09-01,8387.819961547852,24282.42609863281,-15894.60613708496,-65.46,63,201
1173,Electronics_Batteries_1173,2021-03-01,14231.460159301758,41118.76753234863,-26887.307373046875,-65.39,87,288
1115,Household_Paper Products_1115,2021-09-01,3272.2800903320312,9426.659997177125,-6154.3799068450935,-65.29,74,243
1176,Snacks_Chocolates_1176,2024-09-01,437.1199951171875,1257.3450014591217,-820.2250063419342,-65.23,64,204
1030,Dairy_Cream_1030,2025-09-01,1564.8400650024414,4499.352095031738,-2934.5120300292965,-65.22,71,233
1144,Household_Detergent_1144,2025-09-01,780.8400020599365,2243.760026931762,-1462.9200248718253,-65.20,54,178
1018,Personal Care_Deodorant_1018,2025-04-01,3192.643997192383,9163.539043426514,-5970.895046234131,-65.16,64,236
1029,Grocery_Canned Goods_1029,2025-04-01,2021.912974357605,5797.899033546448,-3775.986059188843,-65.13,74,294
1146,Snacks_Chocolates_1146,2025-09-01,1460.8800659179688,4187.5461252212535,-2726.666059303285,-65.11,72,229
1101,Snacks_Crackers_1101,2025-04-01,1418.928006362915,4067.3360551834107,-2648.4080488204954,-65.11,60,228
1164,Electronics_Cables_1164,2021-03-01,13344.320373535156,38196.26091384888,-24851.94054031372,-65.06,68,226
1194,Dairy_Butter_1194,2022-09-01,712.6200084686279,2036.6550207138057,-1324.0350122451778,-65.01,74,239
1042,Grocery_Canned Goods_1042,2024-09-01,2514.4000854492188,7177.714098358154,-4663.314012908935,-64.97,56,180
1146,Snacks_Chocolates_1146,2022-09-01,1176.820053100586,3358.5020910263065,-2181.6820379257206,-64.96,58,187
1117,Snacks_Crackers_1117,2024-09-01,636.1599731445312,1809.9549412727356,-1173.7949681282043,-64.85,64,202
1065,Electronics_Chargers_1065,2021-09-01,10669.800109863281,30341.63044128417,-19671.83033142089,-64.83,60,190
1192,Dairy_Milk_1192,2022-09-01,1471.989953994751,4182.546984481812,-2710.5570304870607,-64.81,67,213
1040,Electronics_Mobile Accessories_1040,2023-09-01,4657.400016784668,13230.031826782224,-8572.631809997556,-64.80,55,198
1034,Household_Cleaning Supplies_1034,2024-09-01,3741.400089263916,10629.720023345946,-6888.31993408203,-64.80,65,209
1025,Household_Detergent_1025,2021-03-01,627.5199661254883,1779.9584551334378,-1152.4384890079496,-64.75,74,249
1107,Electronics_Mobile Accessories_1107,2021-03-01,12861.600341796875,36367.552101135254,-23505.95175933838,-64.63,80,272
1012,Beverages_Juices_1012,2023-03-01,886.6080162048341,2505.065999984741,-1618.457983779907,-64.61,69,206
1127,Grocery_Rice_1127,2021-09-01,1491.390022277832,4212.215954589844,-2720.825932312012,-64.59,73,232
1054,Snacks_Chips_1054,2024-09-01,552.1599807739258,1558.469964981079,-1006.3099842071533,-64.57,56,179
1165,Personal Care_Skincare_1165,2021-09-01,882.2999610900879,2489.4699211120605,-1607.1699600219727,-64.56,51,161
1067,Grocery_Cereals_1067,2025-04-01,2528.069984436035,7125.280042266846,-4597.210057830811,-64.52,51,208
1165,Personal Care_Skincare_1165,2025-04-01,1183.838948726654,3320.04287481308,-2136.203926086426,-64.34,72,273
1136,Personal Care_Shampoo_1136,2025-09-01,3436.5300521850586,9626.991857910152,-6190.461805725094,-64.30,57,184
1102,Snacks_Biscuits_1102,2022-03-01,1206.2400512695312,3378.2400598526,-2172.000008583069,-64.29,56,215
1092,Household_Detergent_1092,2021-09-01,1494.0700283050537,4178.529105949402,-2684.4590776443483,-64.24,53,164
1029,Grocery_Canned Goods_1029,2024-09-01,1980.8999729156494,5535.360044479371,-3554.4600715637216,-64.21,71,225
1192,Dairy_Milk_1192,2021-03-01,1647.749948501587,4604.258935737611,-2956.508987236024,-64.21,75,249
1133,Electronics_Mobile Accessories_1133,2021-03-01,2504.899887084961,6996.539863586426,-4491.639976501465,-64.20,74,240
1159,Electronics_Batteries_1159,2025-04-01,9689.358114624023,27025.768484497068,-17336.410369873047,-64.15,59,215
1193,Beverages_Tea_1193,2025-04-01,776.1679939270019,2163.9629944801336,-1387.7950005531316,-64.13,58,232
1001,Electronics_Chargers_1001,2022-09-01,10367.279846191406,28830.480468749993,-18463.200622558586,-64.04,63,198
1032,Snacks_Chocolates_1032,2022-09-01,788.3199920654297,2189.2640316009524,-1400.9440395355227,-63.99,52,168
1139,Dairy_Cream_1139,2025-09-01,1203.6299514770508,3330.7259708404536,-2127.096019363403,-63.86,53,163
1119,Grocery_Pasta_1119,2021-09-01,1875.6399841308594,5188.743894958495,-3313.1039108276354,-63.85,52,164
1028,Household_Paper Products_1028,2024-09-01,2673.919921875,7373.139743041989,-4699.219821166989,-63.73,64,197
1125,Personal Care_Toothpaste_1125,2021-03-01,1995.7799491882324,5496.4439453125,-3500.663996124267,-63.69,74,246
1160,Snacks_Nuts_1160,2025-04-01,339.66399068832396,934.1309783935549,-594.4669877052308,-63.64,57,223
1069,Grocery_Spices_1069,2022-09-01,2106.49995803833,5792.109027099611,-3685.609069061281,-63.63,55,167
1125,Personal Care_Toothpaste_1125,2025-09-01,1860.92995262146,5107.953025817871,-3247.023073196411,-63.57,69,220
1111,Snacks_Nuts_1111,2023-03-01,863.2000232696535,2369.7340742111205,-1506.534050941467,-63.57,86,220
1077,Household_Cleaning Supplies_1077,2021-03-01,3712.7998809814453,10185.80472373962,-6473.004842758175,-63.55,78,257
1028,Household_Paper Products_1028,2025-09-01,2673.919921875,7335.519740295408,-4661.599818420408,-63.55,64,198
1185,Personal Care_Toothpaste_1185,2022-09-01,5959.02995300293,16348.525104522705,-10389.495151519775,-63.55,77,235
1200,Beverages_Juices_1200,2023-09-01,411.949987411499,1129.9039611816406,-717.9539737701416,-63.54,55,193
1016,Grocery_Rice_1016,2021-03-01,1710.7200469970703,4684.306129264833,-2973.5860822677623,-63.48,88,289
1024,Grocery_Canned Goods_1024,2021-09-01,501.02999782562256,1367.8079832077028,-866.7779853820803,-63.37,57,175
1071,Grocery_Canned Goods_1071,2025-04-01,353.7059856176376,962.9519678592682,-609.2459822416306,-63.27,68,254
1040,Electronics_Mobile Accessories_1040,2021-09-01,4826.7600173950195,13112.544956207277,-8285.784938812258,-63.19,57,171
1193,Beverages_Tea_1193,2022-09-01,776.7199935913086,2110.0919391632083,-1333.3719455718997,-63.19,56,178
1115,Household_Paper Products_1115,2022-03-01,3006.9600830078125,8166.210082054138,-5159.249999046326,-63.18,68,263
1118,Dairy_Milk_1118,2021-03-01,1848.6000595092773,5016.863994598389,-3168.2639350891113,-63.15,78,255
1068,Electronics_Chargers_1068,2021-03-01,7797.379699707031,21162.021327972412,-13364.64162826538,-63.15,82,265
1200,Beverages_Juices_1200,2022-09-01,531.7899837493896,1442.68795337677,-910.8979696273805,-63.14,71,216
1197,Electronics_Mobile Accessories_1197,2022-03-01,1002.0599956512451,2717.970012664795,-1715.9100170135498,-63.13,57,194
1164,Electronics_Cables_1164,2022-03-01,12951.840362548828,35090.16456604004,-22138.32420349121,-63.09,66,251
1059,Electronics_Cables_1059,2022-09-01,1295.029972076416,3507.520034790039,-2212.490062713623,-63.08,61,188
1074,Personal Care_Skincare_1074,2025-04-01,3851.07488822937,10418.974714279175,-6567.899826049805,-63.04,64,230
1017,Household_Paper Products_1017,2023-03-01,3159.178005218506,8544.802452850341,-5385.624447631835,-63.03,81,234
1068,Electronics_Chargers_1068,2021-09-01,5515.219787597656,14896.721823120122,-9381.502035522466,-62.98,58,173
1170,Dairy_Yogurt_1170,2022-03-01,1320.599952697754,3562.8598823547363,-2242.2599296569824,-62.93,62,218
1068,Electronics_Chargers_1068,2025-09-01,6275.939758300781,16918.293957519534,-10642.354199218753,-62.90,66,203
1009,Electronics_Batteries_1009,2021-03-01,7275.999755859375,19598.670361328128,-12322.670605468753,-62.88,80,256
1026,Snacks_Biscuits_1026,2025-04-01,295.9439908981323,795.491987800598,-499.54799690246574,-62.80,56,213
1163,Household_Paper Products_1163,2022-09-01,2430.3499603271484,6528.950083923341,-4098.600123596192,-62.78,65,194
1089,Electronics_Mobile Accessories_1089,2021-09-01,4418.649795532227,11871.449752807615,-7452.799957275389,-62.78,67,199
1060,Household_Detergent_1060,2022-09-01,2231.379981994629,5993.492044830321,-3762.112062835692,-62.77,59,175
1132,Dairy_Butter_1132,2025-04-01,1700.7699489593506,4559.704961967468,-2858.9350130081175,-62.70,54,203
1096,Electronics_Mobile Accessories_1096,2021-03-01,8270.170066833496,22166.535501861574,-13896.365435028078,-62.69,73,242
1166,Grocery_Spices_1166,2021-09-01,3600.359977722168,9641.798901367189,-6041.438923645021,-62.66,73,220
1198,Dairy_Cheese_1198,2021-03-01,2046.8899879455566,5482.080047607422,-3435.1900596618652,-62.66,79,256
1140,Personal Care_Shampoo_1140,2022-09-01,2401.9498977661133,6428.825695037842,-4026.8757972717285,-62.64,67,201
1022,Household_Cleaning Supplies_1022,2025-04-01,2876.396982192993,7699.585865020752,-4823.188882827759,-62.64,54,219
1006,Beverages_Coffee_1006,2021-03-01,959.1199913024902,2566.9749307632446,-1607.8549394607544,-62.64,76,245
1199,Electronics_Cables_1199,2021-03-01,18391.199951171875,49218.12084197998,-30826.920890808105,-62.63,80,251
1016,Grocery_Rice_1016,2025-04-01,1321.5340353012084,3535.7810153007517,-2214.2469799995433,-62.62,69,265
1075,Snacks_Crackers_1075,2023-03-01,1046.689988899231,2785.3999447822566,-1738.7099558830257,-62.42,88,250
1079,Beverages_Juices_1079,2023-09-01,270.3999900817871,719.4719736099244,-449.07198352813725,-62.42,52,165
1129,Electronics_Chargers_1129,2023-03-01,13682.207666015625,36382.24706115722,-22700.039395141597,-62.39,96,283
1122,Dairy_Yogurt_1122,2021-03-01,3002.000036239624,7980.343133544921,-4978.343097305297,-62.38,95,295
1036,Electronics_Mobile Accessories_1036,2022-03-01,6353.080238342285,16855.795417785645,-10502.71517944336,-62.31,71,254
1168,Snacks_Chips_1168,2024-09-01,1070.7200469970703,2840.0969547271725,-1769.3769077301022,-62.30,56,170
1183,Electronics_Batteries_1183,2023-09-01,8696.349563598633,23054.51121826172,-14358.161654663087,-62.28,65,213
1187,Personal Care_Skincare_1187,2025-09-01,4566.39990234375,12103.654028320314,-7537.254125976564,-62.27,64,193
1183,Electronics_Batteries_1183,2021-03-01,11104.569442749023,29401.839378356934,-18297.26993560791,-62.23,83,260
1130,Snacks_Nuts_1130,2024-09-01,1163.3400421142578,3077.8740612030024,-1914.5340190887446,-62.20,69,205
1044,Snacks_Biscuits_1044,2022-03-01,1198.450050354004,3162.030080795288,-1963.5800304412842,-62.10,55,202
1150,Electronics_Batteries_1150,2022-09-01,9186.659957885742,24233.24714813233,-15046.587190246588,-62.09,69,205
1161,Electronics_Batteries_1161,2022-09-01,4711.620208740234,12406.119236755374,-7694.49902801514,-62.02,57,167
1153,Electronics_Batteries_1153,2025-09-01,10768.24008178711,28343.214340209954,-17574.974258422844,-62.01,67,202
1018,Personal Care_Deodorant_1018,2024-09-01,3695.7199897766113,9716.019924163817,-6020.299934387205,-61.96,67,198
1020,Beverages_Juices_1020,2021-03-01,687.2400026321411,1806.2975318431859,-1119.0575292110448,-61.95,69,216
1005,Household_Paper Products_1005,2021-09-01,1504.5000648498535,3953.2951240539546,-2448.795059204101,-61.94,85,249
1153,Electronics_Batteries_1153,2021-03-01,14625.520111083984,38428.26673049927,-23802.746619415288,-61.94,91,286
1027,Snacks_Chips_1027,2025-04-01,380.8940116882324,999.8540184020991,-618.9600067138667,-61.91,65,249
1026,Snacks_Biscuits_1026,2022-09-01,387.5999870300293,1017.3929991722107,-629.7930121421814,-61.90,68,203
1160,Snacks_Nuts_1160,2022-09-01,364.61998987197876,956.8439826965332,-592.2239928245544,-61.89,59,175
1079,Beverages_Juices_1079,2025-09-01,306.79998874664307,804.2319705009461,-497.431981754303,-61.85,59,171
1118,Dairy_Milk_1118,2023-09-01,1303.50004196167,3411.8520011901855,-2108.3519592285156,-61.79,55,176
1102,Snacks_Biscuits_1102,2021-03-01,1529.3400650024414,4000.2030160903923,-2470.862951087951,-61.77,71,224
1044,Snacks_Biscuits_1044,2024-09-01,1743.2000732421875,4559.2461715698255,-2816.046098327638,-61.77,80,229
1118,Dairy_Milk_1118,2025-09-01,1422.0000457763672,3718.767043495179,-2296.766997718812,-61.76,60,178
1075,Snacks_Crackers_1075,2024-09-01,962.6399917602539,2514.021959877014,-1551.3819681167602,-61.71,72,212
1168,Snacks_Chips_1168,2021-09-01,1147.200050354004,2993.0569614410388,-1845.8569110870349,-61.67,60,178
1118,Dairy_Milk_1118,2021-09-01,2156.7000694274902,5625.6690595626815,-3468.9689901351912,-61.66,91,271
1052,Snacks_Crackers_1052,2022-09-01,1251.0000228881836,3260.541054344177,-2009.5410314559936,-61.63,75,220
1067,Grocery_Cereals_1067,2021-09-01,3370.759979248047,8776.963063049317,-5406.203083801271,-61.60,68,205
1015,Dairy_Cream_1015,2025-09-01,1682.0599479675293,4377.461949920655,-2695.4020019531254,-61.57,62,183
1017,Household_Paper Products_1017,2021-09-01,2637.029972076416,6859.592952346803,-4222.562980270387,-61.56,61,179
1039,Beverages_Soft Drinks_1039,2022-09-01,1865.5199890136719,4845.815950012207,-2980.2959609985355,-61.50,72,214
1164,Electronics_Cables_1164,2025-04-01,14213.673355102539,36907.05715942383,-22693.38380432129,-61.49,76,261
1012,Beverages_Juices_1012,2022-09-01,860.1000232696533,2232.593982124328,-1372.4939588546745,-61.48,61,180
1121,Grocery_Rice_1121,2022-09-01,2104.0799446105957,5456.336014175416,-3352.25606956482,-61.44,66,197
1019,Electronics_Cables_1019,2022-03-01,16101.360046386719,41710.589263916016,-25609.229217529297,-61.40,76,273
1013,Grocery_Cereals_1013,2022-03-01,2494.1000747680664,6459.930054187775,-3965.8299794197083,-61.39,70,236
1106,Snacks_Chocolates_1106,2024-09-01,767.039981842041,1982.9549402236937,-1215.9149583816527,-61.32,68,195
1017,Household_Paper Products_1017,2023-09-01,2766.719970703125,7149.970073699951,-4383.250102996826,-61.30,64,196
1071,Grocery_Canned Goods_1071,2023-03-01,417.40198402404786,1075.1674885749817,-657.7655045509339,-61.18,89,236
1003,Household_Cleaning Supplies_1003,2021-03-01,1020,2625.959969520569,-1605.9599695205688,-61.16,85,271
1154,Household_Cleaning Supplies_1154,2021-03-01,1271.2000274658203,3272.801061820984,-2001.6010343551638,-61.16,80,252
1105,Beverages_Water_1105,2023-09-01,971.2800521850586,2499.952085876464,-1528.6720336914054,-61.15,57,182
1185,Personal Care_Toothpaste_1185,2024-09-01,5417.299957275391,13934.730125427246,-8517.430168151855,-61.12,70,204
1093,Snacks_Chips_1093,2022-09-01,462.8400011062622,1189.271981430054,-726.4319803237918,-61.08,58,173
1128,Grocery_Spices_1128,2021-03-01,2152.9799938201904,5530.846512031556,-3377.8665182113655,-61.07,81,250
1081,Snacks_Nuts_1081,2021-03-01,814.8600339889526,2092.8300619125366,-1277.970027923584,-61.06,81,258
1047,Household_Detergent_1047,2021-09-01,2311.0400390625,5930.800048828125,-3619.760009765625,-61.03,64,184
1022,Household_Cleaning Supplies_1022,2022-09-01,4056.679977416992,10406.737997055054,-6350.0580196380615,-61.02,74,217
1154,Household_Cleaning Supplies_1154,2025-04-01,921.6200199127197,2363.5360202789307,-1441.916000366211,-61.01,58,212
1140,Personal Care_Shampoo_1140,2024-09-01,2437.7998962402344,6248.06969833374,-3810.269802093506,-60.98,68,199
1174,Electronics_Mobile Accessories_1174,2022-09-01,15173.550384521484,38872.559600830085,-23699.0092163086,-60.97,63,188
1142,Electronics_Mobile Accessories_1142,2023-09-01,922.7600202560425,2362.736048316956,-1439.9760280609134,-60.95,59,186
1109,Electronics_Batteries_1109,2022-09-01,2365.3499603271484,6054.479946899415,-3689.1299865722667,-60.93,65,185
1081,Snacks_Nuts_1081,2022-09-01,583.4800243377686,1493.320044136048,-909.8400197982794,-60.93,58,169
1093,Snacks_Chips_1093,2021-09-01,502.74000120162964,1286.1179862499234,-783.3779850482938,-60.91,63,180
1043,Electronics_Batteries_1043,2022-09-01,1547.700050354004,3955.9800979614247,-2408.280047607421,-60.88,66,190
1098,Electronics_Mobile Accessories_1098,2021-03-01,8696.519897460938,22223.4198852539,-13526.899987792964,-60.87,84,261
1091,Dairy_Butter_1091,2022-03-01,559.3599853515625,1429.0399762392044,-869.6799908876419,-60.86,64,233
1066,Household_Cleaning Supplies_1066,2024-09-01,3534.379913330078,9027.81982574463,-5493.439912414551,-60.85,71,211
1180,Grocery_Spices_1180,2025-09-01,436.7999801635742,1114.7639728069307,-677.9639926433565,-60.82,52,150
1184,Snacks_Chocolates_1184,2025-09-01,1434.239990234375,3660.3089929580674,-2226.0690027236924,-60.82,64,181
1103,Dairy_Milk_1103,2021-03-01,2917.6399536132812,7442.585571861267,-4524.945618247986,-60.80,76,233
1141,Beverages_Coffee_1141,2021-09-01,515.4499883651733,1313.3299763202667,-797.8799879550934,-60.75,61,172
1039,Beverages_Soft Drinks_1039,2021-03-01,2098.709987640381,5341.006047439576,-3242.296059799195,-60.71,81,250
1157,Household_Cleaning Supplies_1157,2021-03-01,994.8400077819824,2530.6739468574524,-1535.83393907547,-60.69,68,219
1176,Snacks_Chocolates_1176,2021-09-01,512.2499942779541,1302.6900043487549,-790.4400100708008,-60.68,75,215
1059,Electronics_Cables_1059,2023-09-01,1252.5699729919434,3184.099922180176,-1931.5299491882324,-60.66,59,195
1060,Household_Detergent_1060,2024-09-01,2798.679977416992,7108.85606689453,-4310.176089477538,-60.63,74,210
1040,Electronics_Mobile Accessories_1040,2025-09-01,5842.920021057129,14832.303907775879,-8989.38388671875,-60.61,69,201
1094,Grocery_Rice_1094,2021-03-01,1692,4294.179446887969,-2602.179446887969,-60.60,72,208
1151,Electronics_Cables_1151,2025-09-01,10419.289688110352,26401.138511657715,-15981.848823547363,-60.53,73,211
1160,Snacks_Nuts_1160,2024-11-01,351.30599036216734,889.9199752807617,-538.6139849185944,-60.52,58,144
1191,Dairy_Butter_1191,2023-09-01,554.3999786376953,1403.8199748992915,-849.4199962615962,-60.51,56,176
1032,Snacks_Chocolates_1032,2021-03-01,1015.7199897766113,2569.8890328407288,-1554.1690430641174,-60.48,67,210
1143,Dairy_Cheese_1143,2022-03-01,1170.2799377441406,2959.3274030685425,-1789.0474653244019,-60.45,68,238
1025,Household_Detergent_1025,2022-09-01,635.9999656677246,1604.7089924812317,-968.7090268135071,-60.37,75,221
1108,Dairy_Butter_1108,2022-09-01,2359.199981689453,5950.893919372557,-3591.693937683104,-60.36,60,173
1199,Electronics_Cables_1199,2022-09-01,16322.189956665039,41161.70936584473,-24839.519409179688,-60.35,71,199
1190,Dairy_Milk_1190,2025-09-01,1276.3800144195557,3210.542959213257,-1934.1629447937012,-60.24,63,183
1056,Snacks_Nuts_1056,2023-03-01,477.34400634765626,1200.5319932937625,-723.1879869461063,-60.24,91,238
1111,Snacks_Nuts_1111,2025-04-01,1053.7700328826904,2649.8230534553522,-1596.0530205726618,-60.23,89,288
1080,Snacks_Chips_1080,2022-09-01,1735.5,4360.131094551085,-2624.631094551085,-60.20,78,225
1032,Snacks_Chocolates_1032,2025-09-01,1243.119987487793,3122.012027835846,-1878.892040348053,-60.18,82,232
1143,Dairy_Cheese_1143,2022-09-01,1118.6499404907227,2809.262895011903,-1690.6129545211802,-60.18,65,179
1125,Personal Care_Toothpaste_1125,2024-09-01,1753.049955368042,4402.301988601685,-2649.2520332336426,-60.18,65,183
1020,Beverages_Juices_1020,2021-09-01,846.6000032424927,2124.000008583069,-1277.4000053405762,-60.14,85,238
1014,Dairy_Butter_1014,2021-03-01,720.359992980957,1806.5789712905882,-1086.2189783096312,-60.13,92,272
1082,Household_Detergent_1082,2022-03-01,3170.8599891662598,7951.697678565979,-4780.837689399719,-60.12,71,245
1050,Snacks_Chips_1050,2024-09-01,1320.160011291504,3303.4899587631226,-1983.3299474716187,-60.04,74,207
1129,Electronics_Chargers_1129,2021-03-01,12227.19970703125,30583.09174041748,-18355.89203338623,-60.02,80,247
1049,Electronics_Batteries_1049,2023-09-01,7325.920227050781,18315.00015258789,-10989.07992553711,-60.00,62,200
1175,Household_Trash Bags_1175,2021-03-01,4308.480010986328,10756.495086669927,-6448.015075683599,-59.95,72,220
1071,Grocery_Canned Goods_1071,2022-09-01,395.2799835205078,986.7959815979003,-591.5159980773925,-59.94,72,198
1099,Personal Care_Toothpaste_1099,2025-04-01,2890.7200088500977,7208.053952789307,-4317.333943939209,-59.90,58,215
1090,Dairy_Cheese_1090,2022-03-01,2338.56005859375,5829.990055561066,-3491.4299969673157,-59.89,64,209
1170,Dairy_Yogurt_1170,2021-03-01,1746.5999374389648,4354.879956054687,-2608.280018615722,-59.89,82,240
1010,Grocery_Rice_1010,2022-03-01,1215.8200225830078,3030.0099925994873,-1814.1899700164795,-59.87,74,254
1120,Grocery_Cereals_1120,2022-09-01,2693.519920349121,6709.499838638304,-4015.979918289183,-59.86,58,161
1061,Personal Care_Skincare_1061,2021-03-01,5112.899971008301,12713.06246032715,-7600.162489318849,-59.78,95,277
1185,Personal Care_Toothpaste_1185,2021-09-01,5494.689956665039,13662.31014251709,-8167.620185852051,-59.78,71,202
1156,Personal Care_Soap_1156,2021-03-01,3055.500068664551,7582.1411651611315,-4526.641096496581,-59.70,90,268
1009,Electronics_Batteries_1009,2022-03-01,6548.3997802734375,16200.194606781006,-9651.794826507568,-59.58,72,242
1087,Snacks_Crackers_1087,2025-04-01,531.7450046539307,1314.2950172424319,-782.5500125885012,-59.54,59,188
1079,Beverages_Juices_1079,2022-09-01,431.59998416900635,1066.5719608783722,-634.9719767093659,-59.53,83,230
1083,Dairy_Cheese_1083,2023-09-01,999.3600082397461,2468.0800449371336,-1468.7200366973875,-59.51,72,216
1048,Snacks_Biscuits_1048,2023-09-01,915.4199924468994,2259.0100309371946,-1343.5900384902952,-59.48,66,210
1121,Grocery_Rice_1121,2021-06-01,2741.6799278259277,6763.032382774352,-4021.3524549484246,-59.46,86,280
1183,Electronics_Batteries_1183,2025-09-01,9365.299530029297,23102.741958618164,-13737.442428588867,-59.46,70,197
1143,Dairy_Cheese_1143,2021-03-01,1273.5399322509766,3140.752943706512,-1867.2130114555353,-59.45,74,223
1039,Beverages_Soft Drinks_1039,2024-09-01,1813.6999893188477,4467.47596130371,-2653.7759719848627,-59.40,70,188
1184,Snacks_Chocolates_1184,2021-03-01,1927.2599868774414,4745.647399330137,-2818.3874124526956,-59.39,86,247
1090,Dairy_Cheese_1090,2021-03-01,3252.0600814819336,8006.149012088776,-4754.088930606842,-59.38,89,266
1122,Dairy_Yogurt_1122,2023-09-01,1990.8000240325928,4892.944091415405,-2902.144067382812,-59.31,63,193
1078,Electronics_Cables_1078,2024-09-01,12760.829696655273,31334.435086059577,-18573.605389404303,-59.28,71,196
1117,Snacks_Crackers_1117,2021-09-01,844.8999643325806,2074.2249331474304,-1229.3249688148499,-59.27,85,232
1170,Dairy_Yogurt_1170,2021-09-01,1490.9999465942383,3659.765952682496,-2168.7660060882577,-59.26,70,195
1076,Snacks_Chocolates_1076,2025-09-01,1502.1400051116943,3683.578035736084,-2181.4380306243897,-59.22,67,185
1014,Dairy_Butter_1014,2023-03-01,667.0200004577638,1635.7499713897705,-968.7299709320067,-59.22,96,256
1097,Snacks_Crackers_1097,2025-04-01,204.81299201250076,501.9239948272704,-297.1110028147697,-59.19,80,286
1167,Grocery_Rice_1167,2021-09-01,2869.750099182129,7032.608267211915,-4162.858168029786,-59.19,65,176
1126,Beverages_Soft Drinks_1126,2023-09-01,1464.9000434875488,3586.6920341491705,-2121.7919906616216,-59.16,57,168
1184,Snacks_Chocolates_1184,2022-09-01,1591.1099891662598,3892.283998107909,-2301.1740089416494,-59.12,71,198
1103,Dairy_Milk_1103,2024-09-01,2533.739959716797,6191.459884643555,-3657.719924926758,-59.08,66,178
1043,Electronics_Batteries_1043,2025-09-01,1266.3000411987305,3094.810079002379,-1828.5100378036486,-59.08,54,147
1109,Electronics_Batteries_1109,2021-06-01,3165.929946899414,7731.4485042572005,-4565.518557357786,-59.05,87,269
1127,Grocery_Rice_1127,2022-03-01,1368.8100204467773,3342.599994659424,-1973.7899742126465,-59.05,67,224
1085,Personal Care_Skincare_1085,2022-03-01,2077.139934539795,5067.817335605621,-2990.6774010658264,-59.01,78,238
1017,Household_Paper Products_1017,2022-09-01,2853.1799697875977,6959.102958297729,-4105.922988510131,-59.00,66,187
1090,Dairy_Cheese_1090,2024-09-01,2119.320053100586,5168.222996520997,-3048.9029434204112,-58.99,58,161
1055,Dairy_Butter_1055,2025-09-01,790.9400243759155,1927.7669966697697,-1136.8269722938542,-58.97,71,196
1195,Snacks_Chocolates_1195,2022-03-01,1213.3600044250488,2956.2574775218964,-1742.8974730968475,-58.96,58,182
1191,Dairy_Butter_1191,2021-09-01,653.399974822998,1590.9299507141113,-937.5299758911133,-58.93,66,174
1001,Electronics_Chargers_1001,2024-09-01,10531.83984375,25618.240576171876,-15086.400732421876,-58.89,64,180
1106,Snacks_Chocolates_1106,2021-09-01,688.0799837112427,1673.5499479293824,-985.4699642181397,-58.89,61,167
1002,Dairy_Cream_1002,2021-03-01,1290.6199569702148,3138.5489515304566,-1847.9289945602418,-58.88,94,268
1020,Beverages_Juices_1020,2022-03-01,707.1600027084351,1718.7224806547165,-1011.5624779462814,-58.86,71,236
1152,Personal Care_Toothpaste_1152,2021-03-01,4045.499897003174,9828.397204971314,-5782.89730796814,-58.84,75,223
1064,Snacks_Biscuits_1064,2024-03-01,1529.6175062656403,3709.7570040702817,-2180.1394978046415,-58.77,99,247
1161,Electronics_Batteries_1161,2025-04-01,6555.738264465332,15896.93647460938,-9341.198210144048,-58.76,89,278
1002,Dairy_Cream_1002,2025-09-01,878.719970703125,2128.1079375267022,-1249.3879668235772,-58.71,64,181
1009,Electronics_Batteries_1009,2024-09-01,6457.449783325195,15640.283825683591,-9182.834042358396,-58.71,71,194
1022,Household_Cleaning Supplies_1022,2022-03-01,3727.759979248047,9028.659867286682,-5300.899888038635,-58.71,68,222
1064,Snacks_Biscuits_1064,2021-03-01,1449.760025024414,3510.372500181197,-2060.612475156783,-58.70,82,236
1077,Household_Cleaning Supplies_1077,2022-03-01,2570.399917602539,6223.699932098389,-3653.3000144958496,-58.70,54,171
1143,Dairy_Cheese_1143,2021-09-01,1135.8599395751953,2748.881913757324,-1613.0219741821288,-58.68,66,181
1115,Household_Paper Products_1115,2025-09-01,3139.620086669922,7597.620040512086,-4457.999953842164,-58.68,71,191
1196,Grocery_Pasta_1196,2025-09-01,1826.3400325775146,4416.315111541747,-2589.975078964232,-58.65,61,172
1166,Grocery_Spices_1166,2025-04-01,3376.9319805145265,8166.008016204834,-4789.076035690308,-58.65,70,238
1107,Electronics_Mobile Accessories_1107,2023-09-01,9485.430252075195,22926.169845581055,-13440.73959350586,-58.63,59,184
1017,Household_Paper Products_1017,2021-03-01,4063.619956970215,9820.514948272705,-5756.89499130249,-58.62,94,271
1018,Personal Care_Deodorant_1018,2023-09-01,3530.239990234375,8532.28805923462,-5002.048069000244,-58.62,64,186
1015,Dairy_Cream_1015,2023-09-01,1437.8899555206299,3469.0100269317627,-2031.1200714111328,-58.55,53,170
1124,Dairy_Cheese_1124,2021-03-01,2220.2800788879395,5356.500092983245,-3136.2200140953055,-58.55,94,267
1097,Snacks_Crackers_1097,2021-03-01,227.0699908733368,547.1879904270172,-320.1179995536804,-58.50,87,244
1049,Electronics_Batteries_1049,2021-03-01,9925.440307617188,23913.140655517574,-13987.700347900387,-58.49,84,244
1116,Personal Care_Skincare_1116,2023-09-01,5077.800178527832,12230.88020324707,-7153.080024719238,-58.48,65,203
1166,Grocery_Spices_1166,2022-03-01,3501.7199783325195,8424.472638130188,-4922.7526597976685,-58.43,71,229
1162,Dairy_Yogurt_1162,2024-09-01,1742.399974822998,4183.871995162965,-2441.4720203399665,-58.35,66,179
1120,Grocery_Cereals_1120,2025-09-01,3157.919906616211,7578.89981803894,-4420.979911422729,-58.33,68,182
1160,Snacks_Nuts_1160,2025-09-01,457.3199872970581,1096.931979417801,-639.6119921207428,-58.31,74,199
1090,Dairy_Cheese_1090,2021-09-01,2411.6400604248047,5777.370002746583,-3365.7299423217783,-58.26,66,179
1071,Grocery_Canned Goods_1071,2022-03-01,439.1999816894531,1051.9799630641937,-612.7799813747406,-58.25,80,262
1053,Snacks_Crackers_1053,2021-03-01,978.599967956543,2341.194914913177,-1362.594946956634,-58.20,84,249
1173,Electronics_Batteries_1173,2022-09-01,12432.080139160156,29718.984283447266,-17286.90414428711,-58.17,76,206
1007,Personal Care_Shampoo_1007,2023-03-01,5663.340171813965,13529.22999572754,-7865.889823913576,-58.14,95,240
1051,Electronics_Cables_1051,2022-03-01,4923.1498947143555,11759.152201652527,-6836.002306938171,-58.13,69,216
1190,Dairy_Milk_1190,2025-04-01,1154.8200130462646,2758.076039886474,-1603.2560268402094,-58.13,57,180
1174,Electronics_Mobile Accessories_1174,2025-09-01,18063.750457763672,43070.56167755127,-25006.811219787596,-58.06,75,206
1035,Electronics_Batteries_1035,2022-09-01,22574.96044921875,53789.49604797363,-31214.535598754883,-58.03,92,246
1174,Electronics_Mobile Accessories_1174,2022-03-01,14210.150360107422,33824.58042526245,-19614.43006515503,-57.99,59,189
1197,Electronics_Mobile Accessories_1197,2023-09-01,1265.759994506836,3011.364039993285,-1745.6040454864492,-57.97,72,221
1178,Beverages_Soft Drinks_1178,2022-09-01,1987.0200443267822,4725.944972229004,-2738.9249279022215,-57.96,83,220
1083,Dairy_Cheese_1083,2025-09-01,1054.8800086975098,2508.8769857406614,-1453.9969770431517,-57.95,76,203
1136,Personal Care_Shampoo_1136,2021-03-01,4823.2000732421875,11468.047576904297,-6644.847503662109,-57.94,80,231
1036,Electronics_Mobile Accessories_1036,2025-04-01,6345.944221496582,15083.152267456055,-8737.208045959473,-57.93,75,242
1111,Snacks_Nuts_1111,2021-09-01,741.0400247573853,1760.4300421714784,-1019.3900174140931,-57.91,59,159
1195,Snacks_Chocolates_1195,2025-09-01,1527.160005569458,3626.477998352051,-2099.317992782593,-57.89,73,195
1177,Snacks_Chips_1177,2021-03-01,221.5199933052063,525.8625009655952,-304.34250766038895,-57.87,78,220
1184,Snacks_Chocolates_1184,2025-04-01,1377.992990398407,3266.741950607301,-1888.748960208894,-57.82,62,209
1043,Electronics_Batteries_1043,2024-09-01,1618.0500526428223,3835.420092391968,-2217.3700397491457,-57.81,69,186
1054,Snacks_Chips_1054,2025-09-01,650.7599773406982,1542.028964328766,-891.2689869880678,-57.80,66,176
1138,Household_Cleaning Supplies_1138,2021-03-01,3100.7599182128906,7345.101945877075,-4244.342027664185,-57.78,67,197
1047,Household_Detergent_1047,2021-03-01,2599.9200439453125,6155.779105949403,-3555.8590620040904,-57.76,72,211
1062,Personal Care_Deodorant_1062,2025-04-01,2012.2640213012696,4763.98505783081,-2751.72103652954,-57.76,71,227
1173,Electronics_Batteries_1173,2022-03-01,10796.28012084961,25558.94019317627,-14762.66007232666,-57.76,66,207
1066,Household_Cleaning Supplies_1066,2022-09-01,3285.4799194335938,7774.959839248657,-4489.479919815063,-57.74,66,175
1036,Electronics_Mobile Accessories_1036,2021-09-01,5637.240211486816,13332.340118408205,-7695.0999069213885,-57.72,63,168
1059,Electronics_Cables_1059,2022-03-01,1401.1799697875977,3311.6099739074707,-1910.430004119873,-57.69,66,219
1152,Personal Care_Toothpaste_1152,2025-09-01,3452.159912109375,8155.544834518432,-4703.384922409057,-57.67,64,170
1042,Grocery_Canned Goods_1042,2022-09-01,2559.3000869750977,6035.4580924987795,-3476.158005523682,-57.60,57,150
1161,Electronics_Batteries_1161,2024-09-01,6116.840270996094,14418.764202880862,-8301.923931884769,-57.58,74,198
1056,Snacks_Nuts_1056,2024-09-01,484.3800015449524,1141.710011959076,-657.3300104141235,-57.57,81,209
1169,Beverages_Soft Drinks_1169,2024-09-01,377.5800094604492,889.6080128192901,-512.0280033588409,-57.56,62,163
1050,Snacks_Chips_1050,2022-09-01,1266.6400108337402,2984.189949989319,-1717.5499391555786,-57.55,71,191
1052,Snacks_Crackers_1052,2021-03-01,1434.4800262451172,3379.5260673522944,-1945.0460411071772,-57.55,86,242
1133,Electronics_Mobile Accessories_1133,2021-09-01,2369.4998931884766,5581.420826911926,-3211.9209337234497,-57.55,70,189
1084,Household_Paper Products_1084,2021-09-01,4597.43994140625,10831.139723968507,-6233.699782562257,-57.55,96,256
1012,Beverages_Juices_1012,2022-03-01,1142.1000308990479,2689.980043411255,-1547.880012512207,-57.54,81,238
1192,Dairy_Milk_1192,2023-09-01,1274.2599601745605,2998.807946777345,-1724.5479866027845,-57.51,58,175
1013,Grocery_Cereals_1013,2025-09-01,2351.5800704956055,5531.482047271729,-3179.901976776124,-57.49,66,175
1003,Household_Cleaning Supplies_1003,2025-09-01,864,2032.6800204277033,-1168.6800204277033,-57.49,72,192
1086,Grocery_Rice_1086,2021-09-01,1204.800033569336,2833.93505525589,-1629.135021686554,-57.49,80,215
1149,Electronics_Chargers_1149,2023-09-01,7354.180130004883,17301.72824707031,-9947.548117065428,-57.49,71,198
1047,Household_Detergent_1047,2023-03-01,2786.278030395508,6550.933612537385,-3764.655582141877,-57.47,84,220
1048,Snacks_Biscuits_1048,2021-09-01,943.1599922180176,2216.9719478607176,-1273.8119556427,-57.46,68,180
1090,Dairy_Cheese_1090,2023-09-01,2228.940055847168,5239.660026550295,-3010.719970703127,-57.46,61,183
1122,Dairy_Yogurt_1122,2023-03-01,3146.0960468292237,7393.847122573851,-4247.751075744627,-57.45,110,272
1141,Beverages_Coffee_1141,2023-09-01,583.0499868392944,1369.2380105972293,-786.1880237579348,-57.42,69,211
1049,Electronics_Batteries_1049,2025-04-01,8563.051258087158,20104.73529434204,-11541.684036254883,-57.41,74,239
1148,Household_Cleaning Supplies_1148,2021-03-01,5253.780059814453,12333.21001434326,-7079.429954528807,-57.40,98,280
1154,Household_Cleaning Supplies_1154,2024-03-01,1263.5875248908997,2965.284057426453,-1701.6965325355532,-57.39,92,221
1196,Grocery_Pasta_1196,2023-03-01,2450.240052032471,5749.635135650635,-3299.395083618164,-57.38,93,227
1007,Personal Care_Shampoo_1007,2022-09-01,5313.540168762207,12449.430084228516,-7135.889915466309,-57.32,79,206
1076,Snacks_Chocolates_1076,2025-04-01,1243.1750025749207,2908.8719688415536,-1665.696966266633,-57.26,58,193
1105,Beverages_Water_1105,2023-03-01,1507.648065185547,3524.6520223617554,-2017.0039571762084,-57.23,100,251
1199,Electronics_Cables_1199,2021-09-01,18391.199951171875,42977.84941101073,-24586.649459838853,-57.21,80,205
1195,Snacks_Chocolates_1195,2022-09-01,1464.4000053405762,3422.5529943466186,-1958.1529890060424,-57.21,70,190
1074,Personal Care_Skincare_1074,2021-09-01,4198.889877319336,9808.289916229247,-5609.400038909911,-57.19,67,170
1054,Snacks_Chips_1054,2021-09-01,621.1799783706665,1450.484969615936,-829.3049912452695,-57.17,63,169
1095,Snacks_Chocolates_1095,2022-09-01,1401.6400051116943,3268.727998352051,-1867.0879932403568,-57.12,67,176
1169,Beverages_Soft Drinks_1169,2022-03-01,529.8300132751465,1234.2150361537933,-704.3850228786469,-57.07,87,256
1101,Snacks_Crackers_1101,2025-09-01,1769.3200054168701,4115.745037078857,-2346.4250316619873,-57.01,71,187
1164,Electronics_Cables_1164,2022-09-01,12951.840362548828,30117.266073608404,-17165.425711059575,-57.00,66,170
1042,Grocery_Canned Goods_1042,2023-02-01,4747.824027061462,11036.968143463135,-6289.144116401672,-56.98,136,298
1086,Grocery_Rice_1086,2025-09-01,888.5400247573853,2064.990041732788,-1176.4500169754028,-56.97,59,155
1084,Household_Paper Products_1084,2025-09-01,3783.3099517822266,8791.539784240724,-5008.229832458497,-56.97,79,206
1096,Electronics_Mobile Accessories_1096,2024-09-01,10082.810081481934,23419.20801391602,-13336.397932434087,-56.95,89,228
1163,Household_Paper Products_1163,2023-03-01,3290.239959716797,7624.754027175903,-4334.514067459106,-56.85,106,245
1124,Dairy_Cheese_1124,2021-09-01,2102.1800746917725,4872.124103927612,-2769.9440292358395,-56.85,89,234
1132,Dairy_Butter_1132,2021-09-01,2052.0199279785156,4754.919866943359,-2702.8999389648434,-56.84,59,158
1083,Dairy_Cheese_1083,2022-09-01,1096.5200090408325,2540.746977043151,-1444.2269680023187,-56.84,79,211
1072,Electronics_Chargers_1072,2021-03-01,18107.75958251953,41941.99199066162,-23834.23240814209,-56.83,76,211
1083,Dairy_Cheese_1083,2023-03-01,1142.480018234253,2645.600031661987,-1503.120013427734,-56.82,96,225
1138,Household_Cleaning Supplies_1138,2023-09-01,3285.879913330078,7606.103970336913,-4320.224057006835,-56.80,71,218
1122,Dairy_Yogurt_1122,2021-09-01,1990.8000240325928,4603.172073936464,-2612.372049903871,-56.75,63,166
1030,Dairy_Cream_1030,2024-09-01,1542.800064086914,3565.832077407837,-2023.032013320923,-56.73,70,184
1127,Grocery_Rice_1127,2021-03-01,1940.8500289916992,4483.606644344331,-2542.7566153526313,-56.71,95,263
1002,Dairy_Cream_1002,2022-03-01,1098.3999633789062,2536.8799715042114,-1438.4800081253052,-56.70,80,246
1188,Grocery_Spices_1188,2021-09-01,1446.9799404144287,3341.295957183837,-1894.3160167694082,-56.69,71,186
1197,Electronics_Mobile Accessories_1197,2024-09-01,1318.499994277954,3042.899963378906,-1724.3999691009517,-56.67,75,194
1183,Electronics_Batteries_1183,2021-09-01,8027.399597167969,18525.822830200195,-10498.423233032227,-56.67,60,155
1143,Dairy_Cheese_1143,2023-09-01,1032.5999450683594,2383.371951293945,-1350.7720062255858,-56.67,60,168
1103,Dairy_Milk_1103,2021-09-01,2725.689956665039,6288.574880599976,-3562.8849239349365,-56.66,71,183
1035,Electronics_Batteries_1035,2024-09-01,18403.500366210938,42467.651779174805,-24064.151412963867,-56.66,75,201
1157,Household_Cleaning Supplies_1157,2022-09-01,1214.2900094985962,2801.102018928528,-1586.812009429932,-56.65,83,215
1101,Snacks_Crackers_1101,2021-03-01,2541.8400077819824,5861.027044296265,-3319.187036514282,-56.63,102,271
1183,Electronics_Batteries_1183,2022-03-01,12308.679382324219,28379.89874267578,-16071.219360351562,-56.63,92,283
1030,Dairy_Cream_1030,2023-09-01,1102.0000457763672,2540.6079772949215,-1438.6079315185543,-56.62,50,152
1038,Electronics_Cables_1038,2022-03-01,7942.39990234375,18304.74977493286,-10362.349872589111,-56.61,80,236
1014,Dairy_Butter_1014,2022-09-01,571.589994430542,1317.330015182495,-745.7400207519529,-56.61,73,191
1086,Grocery_Rice_1086,2022-09-01,1159.6200323104858,2672.4600563049316,-1512.8400239944458,-56.61,77,198
1085,Personal Care_Skincare_1085,2023-03-01,2131.3499301910397,4912.037858963013,-2780.687928771973,-56.61,93,228
1193,Beverages_Tea_1193,2023-09-01,929.2899923324585,2141.370029258728,-1212.0800369262697,-56.60,67,199
1188,Grocery_Spices_1188,2023-09-01,1263.5599479675293,2909.0998722076415,-1645.5399242401122,-56.57,62,182
1104,Grocery_Pasta_1104,2022-03-01,1562.8800621032715,3598.3201007843018,-2035.4400386810303,-56.57,74,222
1005,Household_Paper Products_1005,2022-03-01,1185.9000511169434,2729.790107727051,-1543.8900566101074,-56.56,67,205
1092,Household_Detergent_1092,2024-09-01,2170.6300411224365,4991.20813522339,-2820.5780941009534,-56.51,77,201
1051,Electronics_Cables_1051,2025-04-01,4065.5159126281737,9332.15977478027,-5266.643862152096,-56.44,58,192
1046,Household_Paper Products_1046,2024-09-01,3956.919906616211,9080.45480155945,-5123.534894943239,-56.42,68,176
1096,Electronics_Mobile Accessories_1096,2022-09-01,9629.650077819824,22088.027964019777,-12458.377886199953,-56.40,85,221
1052,Snacks_Crackers_1052,2023-03-01,1473.056024169922,3377.3560653686536,-1904.3000411987316,-56.38,102,228
1027,Snacks_Chips_1027,2024-09-01,417.45001316070557,956.8500173091888,-539.4000041484833,-56.37,69,182
1036,Electronics_Mobile Accessories_1036,2021-03-01,7516.320281982422,17223.805989074706,-9707.485707092284,-56.36,84,233
1140,Personal Care_Shampoo_1140,2025-09-01,2832.1498794555664,6490.433689117432,-3658.2838096618652,-56.36,79,205
1117,Snacks_Crackers_1117,2023-09-01,606.3399744033813,1389.0799510955817,-782.7399766922003,-56.35,61,170
1161,Electronics_Batteries_1161,2025-09-01,7191.420318603516,16465.44030761719,-9274.019989013676,-56.32,87,222
1027,Snacks_Chips_1027,2025-09-01,417.45001316070557,955.7640214920044,-538.3140083312989,-56.32,69,174
1104,Grocery_Pasta_1104,2022-09-01,1626.2400646209717,3720.99307346344,-2094.7530088424683,-56.30,77,206
1006,Beverages_Coffee_1006,2023-03-01,1067.6999959945679,2442.569447517395,-1374.8694515228271,-56.29,90,221
1049,Electronics_Batteries_1049,2024-03-01,10833.724298095702,24772.394692993163,-13938.670394897461,-56.27,110,246
1084,Household_Paper Products_1084,2021-03-01,4214.3199462890625,9628.23382873535,-5413.913882446288,-56.23,88,241
1175,Household_Trash Bags_1175,2025-09-01,5206.0800132751465,11880.442078399661,-6674.362065124515,-56.18,87,220
1158,Snacks_Crackers_1158,2022-09-01,596.1399984359741,1360.253994655609,-764.1139962196348,-56.17,82,205
1141,Beverages_Coffee_1141,2024-09-01,583.0499868392944,1329.8099784851074,-746.759991645813,-56.16,69,181
1121,Grocery_Rice_1121,2021-03-01,2550.399932861328,5818.059999465942,-3267.6600666046143,-56.16,80,228
1139,Dairy_Cream_1139,2024-09-01,1816.7999267578125,4139.009985923767,-2322.2100591659546,-56.11,80,206
1058,Personal Care_Soap_1058,2024-09-01,3560.5299758911133,8101.918118667603,-4541.38814277649,-56.05,79,202
1144,Household_Detergent_1144,2025-04-01,1148.8400025367737,2613.323994445801,-1464.4839919090273,-56.04,82,245
1152,Personal Care_Toothpaste_1152,2021-09-01,4207.319892883301,9566.129804992677,-5358.8099121093765,-56.02,78,199
1151,Electronics_Cables_1151,2021-03-01,10276.559692382812,23332.739612579346,-13056.179920196533,-55.96,72,194
1070,Grocery_Canned Goods_1070,2023-09-01,2995.489902496338,6800.8598709106445,-3805.3699684143066,-55.95,71,199
1070,Grocery_Canned Goods_1070,2021-03-01,3543.9598846435547,8045.667946624755,-4501.7080619812,-55.95,84,229
1179,Household_Cleaning Supplies_1179,2021-09-01,2018.8000106811523,4582.267903900148,-2563.4678932189954,-55.94,70,183
1182,Beverages_Tea_1182,2022-09-01,1037.4800338745117,2354.6520418167115,-1317.1720079421998,-55.94,74,182
1078,Electronics_Cables_1078,2021-03-01,16355.429611206055,37111.48709869385,-20756.057487487793,-55.93,91,247
1109,Electronics_Batteries_1109,2025-09-01,2583.689956665039,5862.329956054688,-3278.6399993896493,-55.93,71,182
1063,Snacks_Chocolates_1063,2021-09-01,1102.9599533081055,2501.959987640381,-1399.0000343322754,-55.92,68,174
1085,Personal Care_Skincare_1085,2022-09-01,1943.989938735962,4409.390867042542,-2465.4009283065798,-55.91,73,184
1024,Grocery_Canned Goods_1024,2022-03-01,580.1399974822998,1315.5075120925903,-735.3675146102905,-55.90,66,207
1097,Snacks_Crackers_1097,2022-09-01,211.40999150276184,479.1599806308746,-267.74998912811276,-55.88,81,209
1109,Electronics_Batteries_1109,2023-03-01,3295.431970214844,7467.472490310672,-4172.040520095828,-55.87,101,251
1066,Household_Cleaning Supplies_1066,2021-03-01,4131.739898681641,9357.41955127716,-5225.67965259552,-55.85,83,226
1052,Snacks_Crackers_1052,2025-04-01,1033.1760192871093,2339.3920509338377,-1306.2160316467284,-55.84,65,205
1027,Snacks_Chips_1027,2024-03-01,591.8690058469772,1340.3560111045833,-748.4870052576061,-55.84,112,256
1189,Electronics_Batteries_1189,2025-04-01,4873.592867660523,11035.269870758057,-6161.677003097534,-55.84,63,218
1002,Dairy_Cream_1002,2021-09-01,947.3699684143066,2142.1499347686768,-1194.7799663543701,-55.77,69,175
1194,Dairy_Butter_1194,2021-09-01,789.6600093841553,1784.2950181961062,-994.6350088119509,-55.74,82,209
1058,Personal Care_Soap_1058,2025-03-01,3877.8899368286143,8760.54514884949,-4882.655212020874,-55.73,135,236
1088,Household_Cleaning Supplies_1088,2025-09-01,1481.1999893188477,3341.880065917968,-1860.6800765991202,-55.68,70,176
1089,Electronics_Mobile Accessories_1089,2021-03-01,6594.999694824219,14874.852827644347,-8279.853132820128,-55.66,100,268
1103,Dairy_Milk_1103,2025-04-01,2840.8599548339844,6400.884009933472,-3560.0240550994877,-55.62,74,231
1157,Household_Cleaning Supplies_1157,2025-09-01,1345.9600105285645,3032.608020210266,-1686.6480096817018,-55.62,92,235
1125,Personal Care_Toothpaste_1125,2023-03-01,2291.5759658813477,5160.677932548523,-2869.1019666671755,-55.60,108,223
1130,Snacks_Nuts_1130,2022-03-01,1213.9200439453125,2734.0800898075104,-1520.1600458621979,-55.60,72,209
1169,Beverages_Soft Drinks_1169,2021-03-01,657.7200164794922,1481.3679920196535,-823.6479755401613,-55.60,108,292
1094,Grocery_Rice_1094,2023-03-01,2038.859979248047,4590.633922958375,-2551.7739437103273,-55.59,99,232
1001,Electronics_Chargers_1001,2021-09-01,10860.959838867188,24456.54039916992,-13595.580560302733,-55.59,66,168
1151,Electronics_Cables_1151,2025-04-01,8278.339752197266,18636.19087524415,-10357.851123046883,-55.58,58,178
1149,Electronics_Chargers_1149,2022-03-01,7250.600128173828,16319.96021080017,-9069.360082626343,-55.57,70,200
1003,Household_Cleaning Supplies_1003,2022-03-01,828,1863.75,-1035.75,-55.57,69,196
1198,Dairy_Cheese_1198,2021-09-01,1891.429988861084,4257.129955291748,-2365.699966430664,-55.57,73,189
1168,Snacks_Chips_1168,2021-03-01,1720.8000755310059,3872.3525772094727,-2151.552501678467,-55.56,90,245
1112,Household_Paper Products_1112,2022-09-01,871.9200096130371,1962.2160272598267,-1090.2960176467896,-55.56,84,213
1011,Personal Care_Shampoo_1011,2021-09-01,1446.2700595855713,3250.4730298995964,-1804.2029703140252,-55.51,71,186
1103,Dairy_Milk_1103,2023-05-01,3071.199951171875,6901.213862609861,-3830.0139114379863,-55.50,80,215
1037,Electronics_Cables_1037,2022-03-01,12321.330505371094,27656.29476928711,-15334.964263916016,-55.45,69,217
1192,Dairy_Milk_1192,2025-04-01,1822.1959455490112,4089.809928417206,-2267.6139828681944,-55.45,86,255
1021,Grocery_Canned Goods_1021,2022-09-01,2248.7399940490723,5046.975065231323,-2798.235071182251,-55.44,78,195
1172,Electronics_Chargers_1172,2024-09-01,9189.449752807617,20612.059609222422,-11422.609856414805,-55.42,81,210
1190,Dairy_Milk_1190,2021-03-01,1722.100019454956,3861.3339372634896,-2139.2339178085335,-55.40,85,230
1013,Grocery_Cereals_1013,2022-09-01,2814.7700843811035,6308.575069427491,-3493.8049850463876,-55.38,79,197
1142,Electronics_Mobile Accessories_1142,2022-03-01,969.6800212860107,2172.9824838638306,-1203.3024625778198,-55.38,62,191
1123,Beverages_Water_1123,2022-09-01,775.7799758911133,1738.091998672485,-962.3120227813718,-55.37,79,203
1167,Grocery_Rice_1167,2023-09-01,2516.5500869750977,5638.838105773927,-3122.2880187988294,-55.37,57,154
1091,Dairy_Butter_1091,2024-09-01,576.8399848937988,1290.8579732894898,-714.017988395691,-55.31,66,164
1014,Dairy_Butter_1014,2021-09-01,626.3999938964844,1401.5700134277345,-775.1700195312501,-55.31,80,201
1067,Grocery_Cereals_1067,2022-09-01,3668.179977416992,8207.482043457032,-4539.30206604004,-55.31,74,188
1018,Personal Care_Deodorant_1018,2022-03-01,3750.8799896240234,8391.214906692505,-4640.334917068481,-55.30,68,195
1021,Grocery_Canned Goods_1021,2022-03-01,2018.0999946594238,4513.485064029694,-2495.38506937027,-55.29,70,206
1177,Snacks_Chips_1177,2025-04-01,190.27999424934387,425.3839933872223,-235.10399913787842,-55.27,67,215
1101,Snacks_Crackers_1101,2024-09-01,1819.160005569458,4066.1920413970947,-2247.0320358276367,-55.26,73,189
1140,Personal Care_Shampoo_1140,2021-09-01,2366.099899291992,5288.441743850708,-2922.341844558716,-55.26,66,169
1047,Household_Detergent_1047,2024-02-01,3888.4360668182376,8689.645649051667,-4801.209582233429,-55.25,131,287
1135,Household_Trash Bags_1135,2025-04-01,3377.7601051330566,7544.898139190674,-4167.138034057617,-55.23,72,229
1074,Personal Care_Skincare_1074,2021-03-01,5765.639831542969,12874.200361824038,-7108.560530281069,-55.22,92,244
1154,Household_Cleaning Supplies_1154,2021-09-01,1191.7500257492065,2660.3700465202337,-1468.6200207710272,-55.20,75,187
1123,Beverages_Water_1123,2023-03-01,989.9199752807617,2205.492524623871,-1215.5725493431091,-55.12,108,272
1075,Snacks_Crackers_1075,2022-03-01,935.8999919891357,2085.1674616336823,-1149.2674696445465,-55.12,70,222
1196,Grocery_Pasta_1196,2022-03-01,2245.5000400543213,5000.459962844849,-2754.9599227905273,-55.09,75,223
1064,Snacks_Biscuits_1064,2025-09-01,1343.6800231933594,2991.1010135650636,-1647.4209903717042,-55.08,76,188
1093,Snacks_Chips_1093,2025-09-01,526.6800012588501,1171.3619856357577,-644.6819843769076,-55.04,66,166
1042,Grocery_Canned Goods_1042,2021-03-01,3996.1001358032227,8886.576097488403,-4890.475961685181,-55.03,89,244
1172,Electronics_Chargers_1172,2021-03-01,10323.949722290039,22946.10771789551,-12622.15799560547,-55.01,91,240
1072,Electronics_Chargers_1072,2022-03-01,19537.319549560547,43363.97914123535,-23826.659591674805,-54.95,82,259
1150,Electronics_Batteries_1150,2024-09-01,9319.79995727539,20689.05316009521,-11369.253202819818,-54.95,70,178
1143,Dairy_Cheese_1143,2025-09-01,1583.3199157714844,3513.9068971633915,-1930.586981391907,-54.94,92,234
1109,Electronics_Batteries_1109,2021-03-01,3311.489944458008,7347.884967803956,-4036.395023345948,-54.93,91,238
1079,Beverages_Juices_1079,2024-09-01,332.79998779296875,738.3479729175566,-405.54798512458785,-54.93,64,157
1172,Electronics_Chargers_1172,2022-09-01,8281.84977722168,18353.31965789795,-10071.469880676272,-54.88,73,188
1096,Electronics_Mobile Accessories_1096,2021-09-01,8270.170066833496,18321.15797271729,-10050.987905883794,-54.86,73,183
1105,Beverages_Water_1105,2021-09-01,1363.2000732421875,3019.296080017091,-1656.0960067749033,-54.85,80,203
1167,Grocery_Rice_1167,2025-09-01,3178.8001098632812,7038.762265777587,-3859.962155914306,-54.84,72,175
1146,Snacks_Chocolates_1146,2023-09-01,1339.1400604248047,2960.51201171875,-1621.3719512939451,-54.77,66,192
1196,Grocery_Pasta_1196,2024-09-01,2904.180051803589,6418.50015411377,-3514.320102310181,-54.75,97,244
1180,Grocery_Spices_1180,2025-04-01,583.3799748420715,1288.6439705848695,-705.263995742798,-54.73,72,209
1104,Grocery_Pasta_1104,2021-06-01,1795.2000713348389,3962.5201276779176,-2167.3200563430787,-54.70,85,216
1130,Snacks_Nuts_1130,2021-03-01,1483.6800537109375,3273.319038581848,-1789.6389848709105,-54.67,88,238
1177,Snacks_Chips_1177,2022-03-01,156.19999527931213,343.9950006008148,-187.79500532150269,-54.59,55,157
1067,Grocery_Cereals_1067,2022-03-01,4163.879974365234,9167.63500404358,-5003.755029678345,-54.58,84,251
1120,Grocery_Cereals_1120,2023-03-01,3267.479953765869,7191.628536987305,-3924.1485832214357,-54.57,79,189
1176,Snacks_Chocolates_1176,2025-09-01,553.2299938201904,1217.6600017547607,-664.4300079345703,-54.57,81,198
1052,Snacks_Crackers_1052,2021-09-01,967.4400177001953,2129.214035415649,-1161.7740177154537,-54.56,58,144
1012,Beverages_Juices_1012,2021-06-01,1240.800033569336,2730.2550415992737,-1489.4550080299377,-54.55,88,238
1127,Grocery_Rice_1127,2025-04-01,1521.0100226402283,3346.760048103333,-1825.7500254631045,-54.55,77,224
1185,Personal Care_Toothpaste_1185,2022-03-01,6887.709945678711,15134.340013504028,-8246.630067825317,-54.49,89,252
1128,Grocery_Spices_1128,2025-04-01,1833.493995666504,4026.2380599975586,-2192.7440643310547,-54.46,70,230
1155,Electronics_Mobile Accessories_1155,2025-09-01,1853.2799320220947,4068.492967605591,-2215.213035583496,-54.45,81,205
1072,Electronics_Chargers_1072,2025-04-01,16430.40362854004,36036.64939880372,-19606.24577026368,-54.41,71,215
1044,Snacks_Biscuits_1044,2021-03-01,2135.4200897216797,4683.1361564636245,-2547.716066741945,-54.40,98,256
1180,Grocery_Spices_1180,2024-10-01,436.7999801635742,957.5999565124512,-520.799976348877,-54.39,52,114
1031,Snacks_Chips_1031,2021-03-01,1206.33003616333,2642.297988510132,-1435.9679523468021,-54.35,79,208
1108,Dairy_Butter_1108,2024-09-01,2870.359977722168,6280.8229110717775,-3410.4629333496096,-54.30,73,185
1114,Electronics_Batteries_1114,2021-09-01,10212.139877319336,22338.811343383797,-12126.671466064461,-54.29,67,161
1131,Snacks_Crackers_1131,2021-03-01,1948.0099430084229,4260.4924886703475,-2312.4825456619246,-54.28,83,209
1038,Electronics_Cables_1038,2022-09-01,6850.319915771484,14972.234777069096,-8121.914861297611,-54.25,69,170
1070,Grocery_Canned Goods_1070,2022-09-01,3417.3898887634277,7468.346070861817,-4050.956182098389,-54.24,81,204
1142,Electronics_Mobile Accessories_1142,2021-03-01,1313.7600288391113,2870.926028251648,-1557.1659994125366,-54.24,84,218
1153,Electronics_Batteries_1153,2025-04-01,10269.980072021484,22389.570098876953,-12119.590026855469,-54.13,69,200
1120,Grocery_Cereals_1120,2023-09-01,2647.079921722412,5767.719997406006,-3120.6400756835938,-54.11,57,153
1057,Beverages_Tea_1057,2025-04-01,2018.892041015625,4399.540115356446,-2380.648074340821,-54.11,78,250
1168,Snacks_Chips_1168,2022-03-01,1338.400058746338,2911.020086288452,-1572.6200275421143,-54.02,70,203
1022,Household_Cleaning Supplies_1022,2021-09-01,3782.579978942871,8221.015998840332,-4438.436019897461,-53.99,69,172
1048,Snacks_Biscuits_1048,2021-03-01,1192.819990158081,2592.0584866046897,-1399.2384964466087,-53.98,86,231
1060,Household_Detergent_1060,2022-03-01,2533.9399795532227,5502.420021057129,-2968.4800415039062,-53.95,67,191
1017,Household_Paper Products_1017,2022-03-01,3328.7099647521973,7227.224750518799,-3898.5147857666016,-53.94,77,235
1049,Electronics_Batteries_1049,2021-09-01,9216.480285644531,19987.45576782226,-10770.975482177728,-53.89,78,195
1065,Electronics_Chargers_1065,2021-03-01,15649.040161132812,33913.5985961914,-18264.558435058585,-53.86,88,229
1033,Household_Paper Products_1033,2023-09-01,2043.719913482666,4429.839967346192,-2386.1200538635258,-53.86,63,174
1196,Grocery_Pasta_1196,2021-09-01,2455.0800437927246,5321.340123367309,-2866.260079574585,-53.86,82,199
1057,Beverages_Tea_1057,2023-09-01,1481.700029373169,3209.9799503326412,-1728.2799209594723,-53.84,55,162
1008,Personal Care_Shampoo_1008,2025-09-01,2812.159912109375,6091.329853057861,-3279.1699409484863,-53.83,64,158
1127,Grocery_Rice_1127,2024-09-01,1675.260025024414,3627.5039474487307,-1952.2439224243167,-53.82,82,203
1038,Electronics_Cables_1038,2024-09-01,8240.23989868164,17839.354723358152,-9599.114824676511,-53.81,83,208
1019,Electronics_Cables_1019,2021-03-01,20762.280059814453,44912.584322357194,-24150.30426254274,-53.77,98,260
1146,Snacks_Chocolates_1146,2024-02-01,2126.630043029785,4600.565092468262,-2473.935049438477,-53.77,127,275
1196,Grocery_Pasta_1196,2021-03-01,2904.180051803589,6278.3551387786865,-3374.1750869750977,-53.74,97,238
1188,Grocery_Spices_1188,2022-09-01,1569.2599353790283,3391.6579444885247,-1822.3980091094963,-53.73,77,186
1141,Beverages_Coffee_1141,2021-03-01,870.3499803543091,1881.1009561777114,-1010.7509758234023,-53.73,103,269
1172,Electronics_Chargers_1172,2023-09-01,7941.499786376953,17158.177963256836,-9216.678176879883,-53.72,70,193
1158,Snacks_Crackers_1158,2021-09-01,516.1699986457825,1113.057995700836,-596.8879970550536,-53.63,71,167
1120,Grocery_Cereals_1120,2024-09-01,3947.3998832702637,8512.919803619383,-4565.519920349119,-53.63,85,208
1053,Snacks_Crackers_1053,2024-09-01,920.3499698638916,1982.1599464416502,-1061.8099765777586,-53.57,79,191
1180,Grocery_Spices_1180,2022-03-01,663.5999698638916,1428.5249783992767,-764.9250085353851,-53.55,79,223
1112,Household_Paper Products_1112,2025-09-01,944.5800104141235,2032.8360271453857,-1088.2560167312622,-53.53,91,216
1059,Electronics_Cables_1059,2021-03-01,1995.6199569702148,4293.427360725402,-2297.807403755187,-53.52,94,243
1135,Household_Trash Bags_1135,2025-09-01,3837.2401275634766,8254.007994079591,-4416.767866516115,-53.51,76,184
1033,Household_Paper Products_1033,2021-03-01,3146.6798667907715,6762.958847045898,-3616.278980255127,-53.47,97,259
1044,Snacks_Biscuits_1044,2021-09-01,1568.8800659179688,3370.1631210327164,-1801.2830551147476,-53.45,72,175
1030,Dairy_Cream_1030,2022-09-01,1653.0000686645508,3548.800086975097,-1895.8000183105464,-53.42,75,180
1137,Snacks_Nuts_1137,2022-09-01,604.7999811172485,1298.4149932861328,-693.6150121688843,-53.42,90,212
1061,Personal Care_Skincare_1061,2025-09-01,4628.519973754883,9934.30782699585,-5305.787853240967,-53.41,86,207
1156,Personal Care_Soap_1156,2022-03-01,3123.4000701904297,6702.704973220825,-3579.3049030303955,-53.40,92,267
1094,Grocery_Rice_1094,2025-04-01,1548.6500053405762,3321.2550624847404,-1772.6050571441642,-53.37,71,201
1016,Grocery_Rice_1016,2021-06-01,2080.080057144165,4459.865084362031,-2379.7850272178657,-53.36,107,277
1186,Dairy_Yogurt_1186,2022-09-01,491.40000343322754,1053.3779834747313,-561.9779800415038,-53.35,90,220
1107,Electronics_Mobile Accessories_1107,2025-09-01,10771.590286254883,23073.462496948236,-12301.872210693353,-53.32,67,161
1154,Household_Cleaning Supplies_1154,2022-09-01,921.6200199127197,1973.9400338172911,-1052.3200139045714,-53.31,58,140
1013,Grocery_Cereals_1013,2021-03-01,2992.9200897216797,6409.396693038941,-3416.476603317261,-53.30,84,219
1056,Snacks_Nuts_1056,2021-09-01,400.6600012779236,857.8160121917723,-457.1560109138487,-53.29,67,164
1195,Snacks_Chocolates_1195,2021-03-01,1987.4000072479248,4253.23310060501,-2265.833093357085,-53.27,95,248
1004,Beverages_Juices_1004,2023-09-01,1861.4999771118164,3981.4000091552734,-2119.900032043457,-53.25,75,191
1092,Household_Detergent_1092,2022-03-01,2057.870038986206,4395.685005187988,-2337.814966201782,-53.18,73,201
1087,Snacks_Crackers_1087,2025-09-01,744.1800060272217,1589.195952224731,-845.0159461975093,-53.17,79,193
1149,Electronics_Chargers_1149,2023-03-01,7196.636105346679,15355.008226776123,-8158.372121429444,-53.13,81,171
1131,Snacks_Crackers_1131,2025-09-01,1619.42995262146,3453.3000497818007,-1833.8700971603407,-53.10,69,169
1034,Household_Cleaning Supplies_1034,2022-03-01,3798.960090637207,8097.972412109375,-4299.012321472168,-53.09,66,198
1005,Household_Paper Products_1005,2023-09-01,1203.6000518798828,2564.376039123535,-1360.7759872436523,-53.06,68,187
1152,Personal Care_Toothpaste_1152,2022-09-01,4045.499897003174,8616.314837265014,-4570.81494026184,-53.05,75,185
1121,Grocery_Rice_1121,2025-09-01,2486.639934539795,5296.373969650268,-2809.734035110473,-53.05,78,184
1152,Personal Care_Toothpaste_1152,2023-09-01,4045.499897003174,8615.060091400146,-4569.560194396972,-53.04,75,213
1145,Household_Trash Bags_1145,2022-03-01,916.8000030517578,1952.2500395774841,-1035.4500365257263,-53.04,80,225
1037,Electronics_Cables_1037,2024-03-01,21212.986477661136,45175.38587188723,-23962.399394226093,-53.04,136,296
1028,Household_Paper Products_1028,2021-09-01,2966.379913330078,6312.759773254394,-3346.3798599243155,-53.01,71,172
1135,Household_Trash Bags_1135,2023-03-01,5038.830097198485,10723.56589126587,-5684.735794067384,-53.01,116,259
1077,Household_Cleaning Supplies_1077,2022-10-01,2237.1999282836914,4759.999847412109,-2522.799919128418,-53.00,47,100
1144,Household_Detergent_1144,2023-09-01,1041.120002746582,2212.579972267152,-1171.4599695205698,-52.95,72,198
1115,Household_Paper Products_1115,2022-09-01,3537.60009765625,7513.6200214386,-3976.01992378235,-52.92,80,191
1019,Electronics_Cables_1019,2022-09-01,15889.500045776367,33706.529861450195,-17817.029815673828,-52.86,75,180
1016,Grocery_Rice_1016,2022-09-01,1632.9600448608398,3463.380054473877,-1830.420009613037,-52.85,84,196
1126,Beverages_Soft Drinks_1126,2021-09-01,1978.900058746338,4193.9829885482795,-2215.0829298019416,-52.82,77,182
1185,Personal Care_Toothpaste_1185,2025-09-01,5572.0799560546875,11807.305088043213,-6235.225131988525,-52.81,72,171
1165,Personal Care_Skincare_1165,2024-09-01,1141.799949645996,2418.7129280090326,-1276.9129783630365,-52.79,66,159
1035,Electronics_Batteries_1035,2025-09-01,16440.460327148438,34819.2600402832,-18378.799713134766,-52.78,67,159
1049,Electronics_Batteries_1049,2025-09-01,7916.720245361328,16761.795855712895,-8845.075610351567,-52.77,67,162
1086,Grocery_Rice_1086,2023-03-01,1223.500032234192,2590.6800569534303,-1367.1800247192382,-52.77,87,202
1166,Grocery_Spices_1166,2022-09-01,2959.199981689453,6263.28893737793,-3304.0889556884767,-52.75,60,142
1179,Household_Cleaning Supplies_1179,2022-03-01,2509.0800132751465,5310.1649351119995,-2801.084921836853,-52.75,87,241
1077,Household_Cleaning Supplies_1077,2021-09-01,3236.7998962402344,6845.355919265748,-3608.5560230255132,-52.72,68,163
1056,Snacks_Nuts_1056,2022-03-01,388.7000012397766,821.5974798202515,-432.89747858047485,-52.69,65,192
1161,Electronics_Batteries_1161,2023-09-01,5951.520263671875,12581.059967041016,-6629.539703369141,-52.69,72,199
1087,Snacks_Crackers_1087,2023-02-01,1084.2315197944642,2289.9900436401376,-1205.7585238456734,-52.65,137,293
1156,Personal Care_Soap_1156,2025-09-01,2648.1000595092773,5589.741990470889,-2941.6419309616113,-52.63,78,188
1074,Personal Care_Skincare_1074,2022-03-01,5201.609848022461,10978.769805908203,-5777.159957885742,-52.62,83,229
1146,Snacks_Chocolates_1146,2023-03-01,1685.6580551147463,3556.1200942993164,-1870.4620391845701,-52.60,91,203
1160,Snacks_Nuts_1160,2023-09-01,401.6999888420105,847.1359893798827,-445.43600053787225,-52.58,65,167
1126,Beverages_Soft Drinks_1126,2025-04-01,1540.4580425262452,3247.7090360641478,-1707.2509935379026,-52.57,63,184
1129,Electronics_Chargers_1129,2022-09-01,12838.559692382812,27068.35943603516,-14229.799743652347,-52.57,84,198
1043,Electronics_Batteries_1043,2021-03-01,2157.4000701904297,4548.677602767944,-2391.2775325775146,-52.57,92,237
1072,Electronics_Chargers_1072,2021-09-01,23111.219467163086,48711.733566284165,-25600.51409912108,-52.56,97,232
1063,Snacks_Chocolates_1063,2023-09-01,1167.8399505615234,2459.2399024963374,-1291.399951934814,-52.51,72,184
1084,Household_Paper Products_1084,2023-03-01,4097.421990966797,8627.506848907471,-4530.084857940674,-52.51,96,214
1162,Dairy_Yogurt_1162,2021-09-01,1715.9999752044678,3611.7839998245236,-1895.7840246200558,-52.49,65,156
1163,Household_Paper Products_1163,2022-03-01,2991.199951171875,6295.290035247803,-3304.0900840759277,-52.49,80,227
1063,Snacks_Chocolates_1063,2022-03-01,1005.6399574279785,2116.1399517059326,-1110.499994277954,-52.48,62,197
1137,Snacks_Nuts_1137,2023-09-01,356.15998888015747,748.6559989929201,-392.49601011276263,-52.43,53,147
1131,Snacks_Crackers_1131,2025-04-01,1723.8749523162842,3622.206958389283,-1898.3320060729989,-52.41,76,214
1037,Electronics_Cables_1037,2021-03-01,15714.16064453125,33012.14346160888,-17297.98281707763,-52.40,88,224
1097,Snacks_Crackers_1097,2024-09-01,203.57999181747437,427.63498272895805,-224.05499091148369,-52.39,78,183
1097,Snacks_Crackers_1097,2023-03-01,272.2139890193939,571.5089947581291,-299.2950057387352,-52.37,114,268
1124,Dairy_Cheese_1124,2023-09-01,1582.5400562286377,3321.3400211334238,-1738.799964904786,-52.35,67,182
1031,Snacks_Chips_1031,2025-09-01,1191.0600357055664,2499.606022453307,-1308.5459867477407,-52.35,78,181
1075,Snacks_Crackers_1075,2022-09-01,1296.889988899231,2721.6229561805726,-1424.7329672813416,-52.35,97,230
1078,Electronics_Cables_1078,2021-10-01,7368.929824829102,15456.77963256836,-8087.849807739258,-52.33,41,86
1130,Snacks_Nuts_1130,2021-09-01,1197.060043334961,2510.1300525665283,-1313.0700092315674,-52.31,71,166
1089,Electronics_Mobile Accessories_1089,2025-04-01,4484.599792480469,9401.32776489258,-4916.727972412111,-52.30,68,216
1087,Snacks_Crackers_1087,2021-03-01,753.6000061035156,1579.4805285453797,-825.8805224418641,-52.29,80,199
1054,Snacks_Chips_1054,2021-03-01,936.6999673843384,1963.4659737586978,-1026.7660063743594,-52.29,95,233
1045,Electronics_Cables_1045,2025-09-01,10025.91047668457,21010.689483642578,-10984.779006958008,-52.28,71,160
1159,Electronics_Batteries_1159,2024-09-01,13534.080139160156,28321.692489624023,-14787.612350463867,-52.21,76,175
1189,Electronics_Batteries_1189,2022-03-01,6005.229835510254,12561.007493019104,-6555.77765750885,-52.19,77,221
1105,Beverages_Water_1105,2021-03-01,1431.3600769042969,2991.656011581421,-1560.295934677124,-52.15,84,215
1044,Snacks_Biscuits_1044,2025-04-01,1730.3250686645508,3614.290101623535,-1883.9650329589842,-52.13,84,223
1001,Electronics_Chargers_1001,2022-11-01,8272.011878585816,17278.799743652344,-9006.787865066528,-52.13,52,105
1189,Electronics_Batteries_1189,2024-09-01,6005.229835510254,12538.347116088862,-6533.117280578608,-52.11,77,183
1165,Personal Care_Skincare_1165,2023-09-01,1072.599952697754,2239.311975097656,-1166.7120223999023,-52.10,62,173
1120,Grocery_Cereals_1120,2022-03-01,3668.7598915100098,7650.990039825439,-3982.2301483154297,-52.05,79,219
1110,Grocery_Canned Goods_1110,2021-03-01,1583.2599868774414,3301.4174420356753,-1718.157455158234,-52.04,86,219
1134,Household_Paper Products_1134,2022-09-01,1134.0599937438965,2364.6899742126457,-1230.6299804687492,-52.04,82,193
1073,Electronics_Chargers_1073,2022-09-01,9510.01978302002,19822.78143310547,-10312.76165008545,-52.02,79,185
1031,Snacks_Chips_1031,2022-03-01,1191.0600357055664,2482.0875227451324,-1291.027487039566,-52.01,78,219
1154,Household_Cleaning Supplies_1154,2023-09-01,1175.8600254058838,2446.9000339508057,-1271.0400085449219,-51.94,74,190
1145,Household_Trash Bags_1145,2021-09-01,767.8200025558472,1596.9030320167542,-829.083029460907,-51.92,67,154
1070,Grocery_Canned Goods_1070,2024-09-01,3164.249897003174,6581.550006866456,-3417.300109863282,-51.92,75,175
1071,Grocery_Canned Goods_1071,2024-09-01,444.6899814605713,924.5879858493804,-479.8980043888091,-51.90,81,188
1113,Dairy_Cheese_1113,2022-09-01,2048.490074157715,4258.476090431213,-2209.9860162734985,-51.90,81,191
1095,Snacks_Chocolates_1095,2025-09-01,1631.7600059509277,3392.1380001068123,-1760.3779941558846,-51.90,78,180
1160,Snacks_Nuts_1160,2024-09-01,457.3199872970581,950.6399810314178,-493.31999373435974,-51.89,74,170
1103,Dairy_Milk_1103,2022-09-01,3531.8799438476562,7340.059860229492,-3808.179916381836,-51.88,92,214
1021,Grocery_Canned Goods_1021,2021-03-01,2623.529993057251,5452.045518779754,-2828.5155257225033,-51.88,91,226
1057,Beverages_Tea_1057,2021-03-01,2559.3000507354736,5317.409998893738,-2758.109948158264,-51.87,95,239
1110,Grocery_Canned Goods_1110,2023-09-01,1472.7999877929688,3059.989933013916,-1587.1899452209473,-51.87,80,222
1116,Personal Care_Skincare_1116,2025-04-01,6171.4802169799805,12805.772272491458,-6634.292055511478,-51.81,79,244
1052,Snacks_Crackers_1052,2025-09-01,1384.4400253295898,2872.209046745301,-1487.769021415711,-51.80,83,199
1187,Personal Care_Skincare_1187,2021-03-01,7277.699844360352,15097.605017852782,-7819.905173492431,-51.80,102,251
1117,Snacks_Crackers_1117,2022-09-01,735.5599689483643,1525.8049502372742,-790.2449812889099,-51.79,74,170
1003,Household_Cleaning Supplies_1003,2025-04-01,816,1691.3999586105342,-875.3999586105342,-51.76,68,220
1115,Household_Paper Products_1115,2024-02-01,5351.688093566896,11072.49916572571,-5720.811072158815,-51.67,141,302
1167,Grocery_Rice_1167,2021-03-01,5033.100173950195,10414.588481140137,-5381.488307189942,-51.67,114,285
1098,Electronics_Mobile Accessories_1098,2025-04-01,7555.61791381836,15623.601046752925,-8067.983132934565,-51.64,74,232
1198,Dairy_Cheese_1198,2024-09-01,2046.8899879455566,4231.219955444334,-2184.3299674987775,-51.62,79,188
1159,Electronics_Batteries_1159,2022-09-01,14424.48014831543,29810.34063720703,-15385.860488891602,-51.61,81,194
1122,Dairy_Yogurt_1122,2025-09-01,2401.600028991699,4961.200077056885,-2559.6000480651855,-51.59,76,176
1143,Dairy_Cheese_1143,2024-03-01,1443.1894755840299,2978.982428789138,-1535.792953205108,-51.55,103,205
1058,Personal Care_Soap_1058,2025-09-01,2974.6199798583984,6139.662081527713,-3165.0421016693144,-51.55,66,152
1068,Electronics_Chargers_1068,2022-03-01,6941.569732666016,14323.249759674072,-7381.680027008057,-51.54,73,225
1070,Grocery_Canned Goods_1070,2022-03-01,3375.1998901367188,6963.789806365967,-3588.589916229248,-51.53,80,211
1024,Grocery_Canned Goods_1024,2023-09-01,606.5099973678589,1251.1860136032099,-644.676016235351,-51.53,69,178
1055,Dairy_Butter_1055,2025-04-01,735.2400226593018,1516.2800436019895,-781.0400209426878,-51.51,66,182
1181,Personal Care_Soap_1181,2021-09-01,2857.1400451660156,5890.815045166016,-3033.675,-51.50,74,171
1104,Grocery_Pasta_1104,2025-09-01,1752.960069656372,3612.198076248169,-1859.2380065917969,-51.47,83,198
1164,Electronics_Cables_1164,2025-09-01,18642.800521850586,38381.04403076171,-19738.243508911124,-51.43,95,218
1115,Household_Paper Products_1115,2024-09-01,3449.1600952148438,7096.620014953615,-3647.4599197387715,-51.40,78,181
1182,Beverages_Tea_1182,2021-09-01,1233.7600402832031,2536.914010334014,-1303.153970050811,-51.37,88,210
1148,Household_Cleaning Supplies_1148,2024-03-01,5576.313025665285,11460.283516311647,-5883.970490646362,-51.34,119,259
1050,Snacks_Chips_1050,2025-04-01,1123.2120086669922,2307.7649927139287,-1184.5529840469364,-51.33,65,188
1053,Snacks_Crackers_1053,2025-04-01,867.0849710464478,1781.3249292373653,-914.2399581909175,-51.32,78,232
1002,Dairy_Cream_1002,2024-05-01,1043.479965209961,2143.008447551728,-1099.528482341767,-51.31,76,176
1020,Beverages_Juices_1020,2023-09-01,816.7200031280518,1677.47998046875,-860.7599773406982,-51.31,82,217
1089,Electronics_Mobile Accessories_1089,2025-09-01,5078.149765014648,10429.755801391602,-5351.606036376954,-51.31,77,176
1013,Grocery_Cereals_1013,2023-09-01,2529.7300758361816,5194.550090789795,-2664.8200149536133,-51.30,71,180
1062,Personal Care_Deodorant_1062,2022-03-01,2130.140022277832,4370.969926357269,-2240.8299040794373,-51.27,73,215
1004,Beverages_Juices_1004,2025-09-01,1935.959976196289,3972.343983459473,-2036.3840072631838,-51.26,78,176
1093,Snacks_Chips_1093,2024-09-01,694.2600016593933,1423.295986747742,-729.0359850883488,-51.22,87,197
1133,Electronics_Mobile Accessories_1133,2025-04-01,2264.599910736084,4639.649976730347,-2375.0500659942627,-51.19,72,211
1014,Dairy_Butter_1014,2023-09-01,563.7599945068359,1154.1480110168457,-590.3880165100097,-51.15,72,182
1036,Electronics_Mobile Accessories_1036,2024-09-01,5100.360191345215,10437.725143432617,-5337.364952087402,-51.14,57,129
1161,Electronics_Batteries_1161,2021-09-01,6860.780303955078,14037.633119201662,-7176.852815246584,-51.13,83,197
1168,Snacks_Chips_1168,2024-03-01,1683.7775478363037,3445.3175621032715,-1761.5400142669678,-51.13,100,221
1158,Snacks_Crackers_1158,2025-09-01,625.2199983596802,1278.549994945526,-653.3299965858457,-51.10,86,193
1024,Grocery_Canned Goods_1024,2024-09-01,738.3599967956543,1508.5169803619387,-770.1569835662845,-51.05,84,195
1064,Snacks_Biscuits_1064,2024-09-01,1502.8000259399414,3068.6820075988776,-1565.8819816589362,-51.03,85,196
1099,Personal Care_Toothpaste_1099,2025-09-01,3339.2800102233887,6818.974063873291,-3479.6940536499023,-51.03,67,156
1049,Electronics_Batteries_1049,2024-10-01,5671.68017578125,11579.680358886719,-5908.000183105469,-51.02,48,98
1195,Snacks_Chocolates_1195,2025-04-01,1379.024006652832,2815.016039085388,-1435.992032432556,-51.01,70,207
1181,Personal Care_Soap_1181,2024-09-01,3011.580047607422,6146.415048217771,-3134.835000610349,-51.00,78,178
1107,Electronics_Mobile Accessories_1107,2021-09-01,11575.440307617188,23624.895507812496,-12049.455200195309,-51.00,72,165
1129,Electronics_Chargers_1129,2025-09-01,13449.919677734375,27441.37544555663,-13991.455767822255,-50.99,88,205
1186,Dairy_Yogurt_1186,2023-03-01,503.263998413086,1026.871988415718,-523.607990002632,-50.99,108,225
1154,Household_Cleaning Supplies_1154,2023-03-01,1300.3880222320554,2650.6900529861446,-1350.3020307540892,-50.94,93,189
1071,Grocery_Canned Goods_1071,2021-03-01,603.899974822998,1230.569990158081,-626.670015335083,-50.93,110,274
1012,Beverages_Juices_1012,2025-04-01,1218.3810305595398,2482.869029521942,-1264.4879989624023,-50.93,91,248
1004,Beverages_Juices_1004,2024-09-01,1861.4999771118164,3791.67599029541,-1930.1760131835936,-50.91,75,171
1172,Electronics_Chargers_1172,2023-03-01,9747.623840332031,19852.00234794616,-10104.378507614128,-50.90,96,218
1041,Snacks_Nuts_1041,2021-03-01,1224.6400203704834,2493.914993333817,-1269.2749729633338,-50.89,89,222
1024,Grocery_Canned Goods_1024,2022-09-01,553.7699975967407,1127.4329879760742,-573.6629903793335,-50.88,63,141
1053,Snacks_Crackers_1053,2022-09-01,815.4999732971191,1660.3779567718502,-844.8779834747311,-50.88,70,163
1142,Electronics_Mobile Accessories_1142,2022-09-01,1204.280026435852,2451.2720222473145,-1246.9919958114624,-50.87,77,174
1177,Snacks_Chips_1177,2021-09-01,221.5199933052063,450.9039879322052,-229.3839946269989,-50.87,78,175
1058,Personal Care_Soap_1058,2021-03-01,3785.8799743652344,7703.645128250123,-3917.7651538848886,-50.86,84,207
1050,Snacks_Chips_1050,2021-03-01,1409.3600120544434,2865.477997398376,-1456.1179853439326,-50.82,79,192
1112,Household_Paper Products_1112,2022-03-01,716.2200078964233,1456.035026192665,-739.8150182962418,-50.81,69,188
1175,Household_Trash Bags_1175,2022-09-01,4428.160011291504,8999.092064666751,-4570.932053375247,-50.79,74,169
1137,Snacks_Nuts_1137,2025-09-01,490.5599846839905,996.7050061225891,-506.14502143859863,-50.78,73,169
1027,Snacks_Chips_1027,2023-03-01,387.9260122299194,788.1410024881363,-400.2149902582169,-50.78,76,155
1096,Electronics_Mobile Accessories_1096,2025-04-01,9898.120101928711,20095.040435791016,-10196.920333862305,-50.74,94,260
1183,Electronics_Batteries_1183,2021-06-01,13512.789321899414,27433.139772033694,-13920.35045013428,-50.74,101,243
1126,Beverages_Soft Drinks_1126,2021-03-01,2081.7000617980957,4223.64408493042,-2141.944023132324,-50.71,81,191
1002,Dairy_Cream_1002,2022-09-01,906.1799697875977,1838.183945274353,-932.0039754867553,-50.70,66,154
1149,Electronics_Chargers_1149,2024-09-01,8493.560150146484,17219.950256347656,-8726.390106201172,-50.68,82,190
1106,Snacks_Chocolates_1106,2021-03-01,1116.719973564148,2262.292490005493,-1145.5725164413452,-50.64,99,238
1180,Grocery_Spices_1180,2021-03-01,629.9999713897705,1276.1699631214142,-646.1699917316437,-50.63,75,188
1062,Personal Care_Deodorant_1062,2024-09-01,2071.7800216674805,4195.940040588379,-2124.1600189208984,-50.62,71,159
1178,Beverages_Soft Drinks_1178,2025-09-01,2010.9600448608398,4071.6899497985837,-2060.729904937744,-50.61,84,194
1174,Electronics_Mobile Accessories_1174,2023-09-01,20953.95053100586,42418.50202026367,-21464.551489257814,-50.60,87,215
1073,Electronics_Chargers_1073,2025-09-01,9510.01978302002,19250.93141937256,-9740.911636352539,-50.60,79,185
1134,Household_Paper Products_1134,2021-09-01,815.9699954986572,1651.7999818801877,-835.8299863815305,-50.60,59,135
1161,Electronics_Batteries_1161,2021-03-01,7770.040344238281,15726.776583862307,-7956.736239624026,-50.59,94,228
1174,Electronics_Mobile Accessories_1174,2025-04-01,15399.970397949219,31154.35093688965,-15754.38053894043,-50.57,67,188
1184,Snacks_Chocolates_1184,2021-06-01,2263.409984588623,4578.3354495048525,-2314.9254649162294,-50.56,101,237
1192,Dairy_Milk_1192,2021-09-01,1823.5099430084229,3688.5199718475337,-1865.0100288391109,-50.56,83,185
1160,Snacks_Nuts_1160,2024-03-01,610.0574898719785,1233.8249828338624,-623.7674929618838,-50.56,114,238
1113,Dairy_Cheese_1113,2022-11-01,1462.9020528793335,2958.930107116699,-1496.0280542373657,-50.56,59,117
1116,Personal Care_Skincare_1116,2022-09-01,6327.7202224731445,12797.0190032959,-6469.298780822755,-50.55,81,183
1121,Grocery_Rice_1121,2024-09-01,2869.199924468994,5802.542012023925,-2933.342087554931,-50.55,90,209
1085,Personal Care_Skincare_1085,2021-09-01,2183.6599311828613,4416.115868377686,-2232.4559371948244,-50.55,82,189
1136,Personal Care_Shampoo_1136,2022-09-01,4943.780075073242,9994.167888259888,-5050.387813186646,-50.53,82,188
1006,Beverages_Coffee_1006,2025-09-01,1060.079990386963,2142.2319518089294,-1082.1519614219665,-50.52,84,195
1186,Dairy_Yogurt_1186,2021-03-01,649.7400045394897,1312.9239885807037,-663.183984041214,-50.51,119,281
1031,Snacks_Chips_1031,2021-06-01,1404.8400421142578,2836.8055475711826,-1431.9655054569248,-50.48,92,233
1065,Electronics_Chargers_1065,2022-03-01,14759.890151977539,29808.464584350586,-15048.574432373047,-50.48,83,235
1042,Grocery_Canned Goods_1042,2022-03-01,3232.8001098632812,6526.834922790527,-3294.034812927246,-50.47,72,204
1178,Beverages_Soft Drinks_1178,2025-04-01,2068.66804523468,4175.8360771179205,-2107.1680318832405,-50.46,91,255
1168,Snacks_Chips_1168,2022-09-01,1663.4400730133057,3358.0379940032954,-1694.5979209899897,-50.46,87,195
1139,Dairy_Cream_1139,2021-09-01,2180.159912109375,4399.727985191345,-2219.5680730819704,-50.45,96,219
1015,Dairy_Cream_1015,2024-09-01,2495.9599227905273,5036.145920562746,-2540.185997772219,-50.44,92,205
1174,Electronics_Mobile Accessories_1174,2024-09-01,18545.450469970703,37420.51818695066,-18875.06771697996,-50.44,77,170
1041,Snacks_Nuts_1041,2021-09-01,1183.360019683838,2387.3040321350104,-1203.9440124511725,-50.43,86,191
1092,Household_Detergent_1092,2025-09-01,1973.3000373840332,3981.1991022109974,-2007.8990648269641,-50.43,70,157
1103,Dairy_Milk_1103,2023-03-01,3602.427923583985,7267.54755306244,-3665.119629478455,-50.43,114,224
1028,Household_Paper Products_1028,2021-03-01,3342.39990234375,6741.375750732419,-3398.975848388669,-50.42,80,188
1182,Beverages_Tea_1182,2022-03-01,1205.7200393676758,2432.0100889205933,-1226.2900495529175,-50.42,86,222
1103,Dairy_Milk_1103,2023-09-01,3301.5399475097656,6658.167852783202,-3356.627905273436,-50.41,86,217
1052,Snacks_Crackers_1052,2023-05-01,1317.7200241088867,2656.7620441436766,-1339.0420200347899,-50.40,79,190
1048,Snacks_Biscuits_1048,2025-04-01,991.5669919013977,1998.9029950141908,-1007.336003112793,-50.39,72,215
1112,Household_Paper Products_1112,2021-03-01,871.9200096130371,1757.1449766159058,-885.2249670028687,-50.38,84,204
1104,Grocery_Pasta_1104,2023-03-01,1747.120050048828,3520.4251441955566,-1773.3050941467286,-50.37,91,195
1056,Snacks_Nuts_1056,2021-03-01,508.30000162124634,1024.1299934387212,-515.8299918174748,-50.37,85,206
1197,Electronics_Mobile Accessories_1197,2021-03-01,1476.7199935913086,2975.2859406471252,-1498.5659470558167,-50.37,84,212
1137,Snacks_Nuts_1137,2021-03-01,571.1999821662903,1150.6329857826233,-579.433003616333,-50.36,85,204
1140,Personal Care_Shampoo_1140,2023-03-01,2900.9819107055664,5842.349303722382,-2941.367393016815,-50.35,91,191
1058,Personal Care_Soap_1058,2024-03-01,4036.942044830322,8131.22756290436,-4094.2855180740376,-50.35,104,204
1107,Electronics_Mobile Accessories_1107,2025-04-01,10519.186269378662,21176.714376831053,-10657.52810745239,-50.33,69,197
1088,Household_Cleaning Supplies_1088,2022-03-01,1608.1599884033203,3237.4799766540527,-1629.3199882507324,-50.33,76,202
1032,Snacks_Chocolates_1032,2022-03-01,1182.4799880981445,2378.2249760627747,-1195.7449879646301,-50.28,78,219
1033,Household_Paper Products_1033,2022-03-01,2757.3998832702637,5543.184866905212,-2785.7849836349487,-50.26,85,233
1030,Dairy_Cream_1030,2022-03-01,1961.5600814819336,3942.4051637649536,-1980.84508228302,-50.24,89,248
1102,Snacks_Biscuits_1102,2023-03-01,1780.8680404663085,3578.7440361022946,-1797.875995635986,-50.24,96,195
1200,Beverages_Juices_1200,2025-09-01,546.769983291626,1098.7759645462033,-552.0059812545774,-50.24,73,164
1122,Dairy_Yogurt_1122,2022-03-01,2559.600030899048,5142.900129318237,-2583.3000984191895,-50.23,81,245
1080,Snacks_Chips_1080,2023-03-01,1929.519985961914,3877.0689800262435,-1947.5489940643295,-50.23,95,217
1155,Electronics_Mobile Accessories_1155,2021-03-01,2242.239917755127,4503.209980392457,-2260.9700626373296,-50.21,98,229
1001,Electronics_Chargers_1001,2025-09-01,14316.719787597656,28749.950253295894,-14433.230465698238,-50.20,87,192
1198,Dairy_Cheese_1198,2023-03-01,2352.659980773926,4721.952040100096,-2369.2920593261706,-50.18,98,220
1036,Electronics_Mobile Accessories_1036,2023-03-01,9169.808322143555,18401.56110076904,-9231.752778625483,-50.17,114,242
1138,Household_Cleaning Supplies_1138,2025-09-01,4165.199890136719,8357.455107879641,-4192.2552177429225,-50.16,90,207
1014,Dairy_Butter_1014,2023-06-01,534.9039978027344,1072.7099895477295,-537.8059917449951,-50.14,73,137
1141,Beverages_Coffee_1141,2022-09-01,591.4999866485596,1186.1799788475037,-594.6799921989441,-50.13,70,156
1017,Household_Paper Products_1017,2024-09-01,2853.1799697875977,5718.7019599914565,-2865.521990203859,-50.11,66,149
1167,Grocery_Rice_1167,2022-09-01,4061.8001403808594,8132.970314025879,-4071.1701736450195,-50.06,92,207
1111,Snacks_Nuts_1111,2022-09-01,1017.3600339889526,2036.1900486946106,-1018.830014705658,-50.04,81,184
1022,Household_Cleaning Supplies_1022,2023-03-01,4510.675993347168,9026.30980873108,-4515.6338153839115,-50.03,92,201
1062,Personal Care_Deodorant_1062,2023-09-01,2392.760025024414,4786.252040100096,-2393.4920150756816,-50.01,82,213
1109,Electronics_Batteries_1109,2021-09-01,2911.199951171875,5824.124954223635,-2912.9250030517596,-50.01,80,180
1025,Household_Detergent_1025,2023-09-01,652.9599647521973,1305.823992156983,-652.8640274047857,-50.00,77,203
1010,Grocery_Rice_1010,2022-09-01,1182.9600219726562,2365.35501718521,-1182.3949952125536,-49.99,72,162
1111,Snacks_Nuts_1111,2021-03-01,1281.1200428009033,2561.1180793762205,-1279.9980365753172,-49.98,102,243
1183,Electronics_Batteries_1183,2023-03-01,14315.489364624022,28621.505435180676,-14306.016070556654,-49.98,116,255
1153,Electronics_Batteries_1153,2021-06-01,15589.840118408203,31132.338251495363,-15542.49813308716,-49.92,97,227
1066,Household_Cleaning Supplies_1066,2025-09-01,3783.2799072265625,7547.919852066043,-3764.6399448394804,-49.88,76,175
1060,Household_Detergent_1060,2025-08-01,3409.9160110473636,6800.59605331421,-3390.680042266846,-49.86,97,199
1172,Electronics_Chargers_1172,2021-09-01,7828.049789428711,15602.269704437263,-7774.219915008553,-49.83,69,159
1033,Household_Paper Products_1033,2024-09-01,2497.879894256592,4977.639974594116,-2479.7600803375244,-49.82,77,173
1048,Snacks_Biscuits_1048,2024-09-01,901.5499925613403,1796.27594909668,-894.7259565353397,-49.81,65,151
1046,Household_Paper Products_1046,2023-03-01,5646.699876403809,11248.962765121458,-5602.262888717649,-49.80,110,233
1116,Personal Care_Skincare_1116,2021-09-01,6171.4802169799805,12287.6909500122,-6116.21073303222,-49.78,79,178
1157,Household_Cleaning Supplies_1157,2025-04-01,1243.550009727478,2473.9819892883293,-1230.4319795608512,-49.73,85,240
1123,Beverages_Water_1123,2024-09-01,697.2199783325195,1386.6639949798582,-689.4440166473387,-49.72,71,160
1061,Personal Care_Skincare_1061,2025-04-01,4239.877951049804,8431.065800476073,-4191.187849426269,-49.71,90,225
1129,Electronics_Chargers_1129,2023-09-01,11157.319732666016,22173.83142700196,-11016.511694335943,-49.68,73,189
1149,Electronics_Chargers_1149,2021-09-01,7768.500137329102,15433.240234375,-7664.740097045898,-49.66,75,168
1091,Dairy_Butter_1091,2023-03-01,804.3719776153565,1597.4084606409076,-793.0364830255511,-49.65,105,218
1121,Grocery_Rice_1121,2023-09-01,2135.9599437713623,4241.039934539795,-2105.0799907684323,-49.64,67,164
1171,Personal Care_Toothpaste_1171,2021-03-01,3333.599853515625,6620.060680389404,-3286.4608268737793,-49.64,80,193
1041,Snacks_Nuts_1041,2025-04-01,1375.16602268219,2730.0380403518675,-1354.8720176696775,-49.63,103,279
1028,Household_Paper Products_1028,2022-03-01,2799.2599182128906,5557.099914550781,-2757.8399963378906,-49.63,67,175
1062,Personal Care_Deodorant_1062,2024-03-01,3103.139980316162,6159.439933204649,-3056.2999528884866,-49.62,123,253
1159,Electronics_Batteries_1159,2023-03-01,13754.768313598632,27301.181195068373,-13546.412881469741,-49.62,92,183
1136,Personal Care_Shampoo_1136,2021-09-01,5245.230079650879,10410.177917099,-5164.9478374481205,-49.61,87,193
1089,Electronics_Mobile Accessories_1089,2022-09-01,5407.899749755859,10732.641905212404,-5324.742155456544,-49.61,82,188
1063,Snacks_Chocolates_1063,2021-03-01,1492.2399368286133,2961.102437257767,-1468.862500429154,-49.61,92,220
1031,Snacks_Chips_1031,2022-09-01,1313.2200393676758,2606.033992195129,-1292.8139528274532,-49.61,86,199
1162,Dairy_Yogurt_1162,2021-03-01,2349.5999660491943,4662.108036231993,-2312.5080701827983,-49.60,89,216
1153,Electronics_Batteries_1153,2023-09-01,12696.880096435547,25188.43227539063,-12491.552178955084,-49.59,79,201
1073,Electronics_Chargers_1073,2021-09-01,9750.779777526855,19341.261444091797,-9590.481666564941,-49.59,81,181
1054,Snacks_Chips_1054,2024-04-01,813.6089832782745,1613.9799852371216,-800.371001958847,-49.59,94,197
1029,Grocery_Canned Goods_1029,2022-03-01,2427.299966812134,4814.009969234467,-2386.7100024223328,-49.58,87,229
1033,Household_Paper Products_1033,2023-03-01,3153.119911193847,6252.924367904663,-3099.804456710816,-49.57,108,243
1044,Snacks_Biscuits_1044,2023-09-01,1525.300064086914,3023.406089782715,-1498.1060256958008,-49.55,70,178
1085,Personal Care_Skincare_1085,2021-03-01,2822.7799110412598,5593.9158363342285,-2771.1359252929688,-49.54,106,250
1077,Household_Cleaning Supplies_1077,2022-09-01,4759.999847412109,9431.939855575558,-4671.9400081634485,-49.53,100,220
1088,Household_Cleaning Supplies_1088,2023-09-01,1311.9199905395508,2598.640022277831,-1286.7200317382803,-49.52,62,166
1044,Snacks_Biscuits_1044,2021-06-01,2331.530097961426,4615.1951513290405,-2283.6650533676147,-49.48,107,258
1097,Snacks_Crackers_1097,2025-09-01,195.7499921321869,387.35998435020457,-191.60999221801768,-49.47,75,167
1174,Electronics_Mobile Accessories_1174,2021-09-01,19027.150482177734,37651.66203460694,-18624.511552429205,-49.47,79,174
1077,Household_Cleaning Supplies_1077,2025-04-01,3663.2958847045898,7248.051833343504,-3584.755948638914,-49.46,79,215
1196,Grocery_Pasta_1196,2025-04-01,2618.2600421905518,5178.339952468871,-2560.0799102783194,-49.44,90,252
1056,Snacks_Nuts_1056,2023-09-01,496.34000158309937,981.0920199394226,-484.7520183563232,-49.41,83,203
1190,Dairy_Milk_1190,2023-05-01,1681.5800189971924,3323.4079413890845,-1641.8279223918921,-49.40,83,207
1194,Dairy_Butter_1194,2025-09-01,953.3700113296509,1883.907019042969,-930.5370077133182,-49.39,99,222
1022,Household_Cleaning Supplies_1022,2024-03-01,4779.169931411743,9437.299816131592,-4658.129884719849,-49.36,98,206
1001,Electronics_Chargers_1001,2021-03-01,16455.999755859375,32488.25823364258,-16032.258477783205,-49.35,100,231
1159,Electronics_Batteries_1159,2021-03-01,17986.080184936523,35474.200158691405,-17488.11997375488,-49.30,101,235
1198,Dairy_Cheese_1198,2023-09-01,1684.149990081787,3321.7899589538574,-1637.6399688720703,-49.30,65,157
1008,Personal Care_Shampoo_1008,2021-03-01,4877.339847564697,9617.377156448367,-4740.0373088836695,-49.29,111,258
1061,Personal Care_Skincare_1061,2023-03-01,5179.687991333008,10207.1624710083,-5027.474479675292,-49.25,102,226
1198,Dairy_Cheese_1198,2022-02-01,2663.652521133423,5248.122514724731,-2584.4699935913086,-49.25,154,266
1064,Snacks_Biscuits_1064,2023-09-01,1308.3200225830078,2577.280055999756,-1268.960033416748,-49.24,74,198
1081,Snacks_Nuts_1081,2025-09-01,804.8000335693359,1584.320050621033,-779.5200170516971,-49.20,80,175
1006,Beverages_Coffee_1006,2022-03-01,883.3999919891357,1738.8149936199188,-855.4150016307831,-49.20,70,182
1062,Personal Care_Deodorant_1062,2025-09-01,2451.1200256347656,4822.966045951845,-2371.84602031708,-49.18,84,186
1148,Household_Cleaning Supplies_1148,2025-09-01,3484.6500396728516,6856.245043945313,-3371.5950042724617,-49.18,65,141
1007,Personal Care_Shampoo_1007,2021-03-01,5986.140190124512,11776.608461761472,-5790.468271636961,-49.17,89,212
1179,Household_Cleaning Supplies_1179,2025-09-01,2537.9200134277344,4992.599922180177,-2454.6799087524423,-49.17,88,194
1111,Snacks_Nuts_1111,2024-03-01,1311.4620416641233,2579.3980791091917,-1267.9360374450685,-49.16,118,250
1088,Household_Cleaning Supplies_1088,2021-03-01,1650.4799880981445,3245.5909669876096,-1595.110978889465,-49.15,78,185
1138,Household_Cleaning Supplies_1138,2022-09-01,4257.7598876953125,8370.435079193114,-4112.675191497801,-49.13,92,205
1125,Personal Care_Toothpaste_1125,2021-09-01,2184.569944381714,4294.635011672974,-2110.0650672912598,-49.13,81,183
1151,Electronics_Cables_1151,2022-02-01,15468.555015563965,30401.789840698242,-14933.234825134277,-49.12,153,283
1103,Dairy_Milk_1103,2025-09-01,3531.8799438476562,6941.204870223999,-3409.324926376343,-49.12,92,200
1114,Electronics_Batteries_1114,2021-03-01,12803.279846191406,25154.147616577153,-12350.867770385747,-49.10,84,195
1154,Household_Cleaning Supplies_1154,2025-10-01,889.8400192260742,1747.900037765503,-858.0600185394287,-49.09,56,110
1062,Personal Care_Deodorant_1062,2021-09-01,2334.4000244140625,4585.430043220521,-2251.0300188064584,-49.09,80,179
1082,Household_Detergent_1082,2025-04-01,3391.4719898223875,6657.266010856626,-3265.7940210342385,-49.06,79,222
1053,Snacks_Crackers_1053,2023-03-01,1180.8439613342282,2317.8149191856382,-1136.97095785141,-49.05,110,227
1025,Household_Detergent_1025,2024-11-01,419.1014777183533,822.5599555969238,-403.45847787857053,-49.05,50,97
1031,Snacks_Chips_1031,2023-03-01,1251.5740364074709,2455.534003067017,-1203.959966659546,-49.03,87,188
1001,Electronics_Chargers_1001,2023-09-01,10038.159851074219,19694.719335937498,-9656.559484863279,-49.03,61,160
1011,Personal Care_Shampoo_1011,2024-09-01,1466.6400604248047,2876.631056404114,-1409.9909959793094,-49.02,72,157
1137,Snacks_Nuts_1137,2024-09-01,490.5599846839905,961.8300075531006,-471.2700228691101,-49.00,73,164
1138,Household_Cleaning Supplies_1138,2022-03-01,3470.9999084472656,6800.267320632935,-3329.267412185669,-48.96,75,213
1187,Personal Care_Skincare_1187,2024-09-01,6136.099868774414,12004.391986083987,-5868.292117309573,-48.88,86,188
1164,Electronics_Cables_1164,2021-09-01,15895.440444946289,31082.88181762696,-15187.44137268067,-48.86,81,181
1012,Beverages_Juices_1012,2024-03-01,1341.8309984207153,2621.7709798812866,-1279.9399814605713,-48.82,111,224
1060,Household_Detergent_1060,2025-04-01,2627.346977806091,5131.8099155426025,-2504.4629377365113,-48.80,71,202
1077,Household_Cleaning Supplies_1077,2025-09-01,2427.599922180176,4739.055952453613,-2311.456030273437,-48.77,51,114
1010,Grocery_Rice_1010,2025-04-01,1173.920021057129,2291.4200271606446,-1117.5000061035157,-48.77,74,192
1156,Personal Care_Soap_1156,2022-09-01,2410.450054168701,4704.887999153137,-2294.4379449844355,-48.77,71,157
1116,Personal Care_Skincare_1116,2022-03-01,6015.240211486816,11737.53024673462,-5722.290035247803,-48.75,77,201
1004,Beverages_Juices_1004,2022-09-01,2407.539970397949,4694.90998649597,-2287.3700160980206,-48.72,97,211
1054,Snacks_Chips_1054,2023-09-01,808.5199718475342,1576.6439611434937,-768.1239892959595,-48.72,82,211
1064,Snacks_Biscuits_1064,2022-09-01,1608.880027770996,3136.7770145416257,-1527.8969867706296,-48.71,91,197
1115,Household_Paper Products_1115,2023-03-01,4317.72412109375,8418.765119552614,-4101.040998458864,-48.71,107,232
1085,Personal Care_Skincare_1085,2024-09-01,2290.1799278259277,4464.64186820984,-2174.4619403839124,-48.70,86,195
1001,Electronics_Chargers_1001,2022-03-01,13658.479797363281,26617.57960510254,-12959.099807739258,-48.69,83,216
1019,Electronics_Cables_1019,2021-09-01,17584.38005065918,34261.59585876465,-16677.215808105473,-48.68,83,183
1046,Household_Paper Products_1046,2022-09-01,5760.809864044189,11217.180752944945,-5456.370888900756,-48.64,99,215
1116,Personal Care_Skincare_1116,2024-09-01,6483.960227966309,12622.841921997071,-6138.881694030762,-48.63,83,184
1088,Household_Cleaning Supplies_1088,2021-09-01,1692.7999877929688,3294.632082366943,-1601.8320945739742,-48.62,80,177
1185,Personal Care_Toothpaste_1185,2025-04-01,6808.7679443359375,13252.774772644043,-6444.0068283081055,-48.62,89,235
1011,Personal Care_Shampoo_1011,2025-09-01,1874.0400772094727,3646.107059669493,-1772.0669824600204,-48.60,92,202
1068,Electronics_Chargers_1068,2024-09-01,9508.999633789062,18489.187860107424,-8980.188226318362,-48.57,100,218
1117,Snacks_Crackers_1117,2021-03-01,874.7199630737305,1700.7724469661716,-826.0524838924412,-48.57,88,208
1089,Electronics_Mobile Accessories_1089,2023-09-01,5473.849746704102,10633.777593994138,-5159.927847290037,-48.52,83,212
1134,Household_Paper Products_1134,2023-03-01,1194.8000068664546,2320.572018909454,-1125.7720120429994,-48.51,99,203
1189,Electronics_Batteries_1189,2023-03-01,7455.779830932619,14478.481407546995,-7022.701576614376,-48.50,110,222
1028,Household_Paper Products_1028,2022-09-01,3634.859893798828,7057.23974304199,-3422.3798492431615,-48.49,87,194
1078,Electronics_Cables_1078,2022-09-01,17972.999572753906,34878.7429840088,-16905.743411254894,-48.47,100,218
1133,Electronics_Mobile Accessories_1133,2024-09-01,2674.1498794555664,5189.356833457947,-2515.2069540023804,-48.47,79,174
1025,Household_Detergent_1025,2023-03-01,820.3359828948976,1590.973959159851,-770.6379762649533,-48.44,118,222
1063,Snacks_Chocolates_1063,2022-09-01,1362.4799423217773,2641.779983520508,-1279.3000411987305,-48.43,84,183
1180,Grocery_Spices_1180,2021-06-01,965.9999561309814,1873.283939933777,-907.2839838027955,-48.43,115,256
1188,Grocery_Spices_1188,2024-09-01,1752.6799278259277,3397.551951599121,-1644.8720237731932,-48.41,86,188
1019,Electronics_Cables_1019,2023-03-01,17728.50419921875,34364.1122428894,-16635.60804367065,-48.41,97,198
1011,Personal Care_Shampoo_1011,2021-03-01,1853.6700763702393,3590.941553592682,-1737.2714772224426,-48.38,91,201
1044,Snacks_Biscuits_1044,2023-03-01,1929.6760711669922,3737.544125175476,-1807.8680540084838,-48.37,99,204
1071,Grocery_Canned Goods_1071,2021-09-01,581.9399757385254,1126.7099826335907,-544.7700068950653,-48.35,106,229
1045,Electronics_Cables_1045,2021-09-01,11296.800537109375,21869.306930541992,-10572.506393432617,-48.34,80,179
1181,Personal Care_Soap_1181,2023-04-01,3077.004006576538,5956.834048461916,-2879.830041885378,-48.34,97,173
1070,Grocery_Canned Goods_1070,2025-09-01,2700.159912109375,5225.155017852782,-2524.9951057434073,-48.32,64,140
1020,Beverages_Juices_1020,2025-04-01,585.2159982681275,1132.2389909267424,-547.022992658615,-48.31,71,155
1162,Dairy_Yogurt_1162,2022-03-01,2032.799970626831,3931.9498891830444,-1899.1499185562134,-48.30,77,215
1160,Snacks_Nuts_1160,2022-03-01,568.5599842071533,1099.4999688863754,-530.9399846792221,-48.29,92,250
1073,Electronics_Chargers_1073,2025-04-01,10284.082758331298,19885.938414764405,-9601.855656433107,-48.28,89,232
1087,Snacks_Crackers_1087,2024-09-01,857.220006942749,1656.7919631958005,-799.5719562530514,-48.26,91,196
1175,Household_Trash Bags_1175,2023-03-01,5675.175984954833,10966.05409088135,-5290.878105926516,-48.25,106,226
1061,Personal Care_Skincare_1061,2022-09-01,3928.859977722168,7590.923873901367,-3662.063896179199,-48.24,73,157
1040,Electronics_Mobile Accessories_1040,2022-03-01,7197.800025939941,13903.397305488586,-6705.597279548645,-48.23,85,239
1084,Household_Paper Products_1084,2022-09-01,4357.989944458008,8417.519789886474,-4059.5298454284657,-48.23,91,198
1196,Grocery_Pasta_1196,2023-09-01,2544.9000453948975,4915.94012260437,-2371.0400772094727,-48.23,85,211
1029,Grocery_Canned Goods_1029,2025-09-01,2343.599967956543,4525.101023101805,-2181.5010551452624,-48.21,84,181
1006,Beverages_Coffee_1006,2024-09-01,858.1599922180176,1655.6319681167606,-797.471975898743,-48.17,68,146
1067,Grocery_Cereals_1067,2025-09-01,3767.3199768066406,7267.23901977539,-3499.9190429687496,-48.16,76,162
1072,Electronics_Chargers_1072,2021-06-01,23111.219467163086,44576.32705078125,-21465.107583618163,-48.15,97,219
1033,Household_Paper Products_1033,2025-04-01,2076.159912109375,3999.696834564209,-1923.536922454834,-48.09,64,185
1054,Snacks_Chips_1054,2022-03-01,818.3799715042114,1576.2499803304672,-757.8700088262558,-48.08,83,218
1135,Household_Trash Bags_1135,2022-09-01,3837.2401275634766,7391.123936843873,-3553.8838092803962,-48.08,76,169
1106,Snacks_Chocolates_1106,2025-09-01,823.439980506897,1585.4549501419065,-762.0149696350095,-48.06,73,159
1155,Electronics_Mobile Accessories_1155,2023-09-01,1487.199945449829,2860.6398887634277,-1373.4399433135986,-48.01,65,156
1104,Grocery_Pasta_1104,2024-09-01,1816.3200721740723,3491.3700771331787,-1675.0500049591064,-47.98,86,190
1097,Snacks_Crackers_1097,2021-09-01,214.01999139785767,411.20998339653005,-197.18999199867238,-47.95,82,175
1162,Dairy_Yogurt_1162,2024-11-01,1236.7079822540284,2375.9999656677246,-1139.2919834136962,-47.95,48,90
1176,Snacks_Chocolates_1176,2022-03-01,566.8899936676025,1089.1599826812744,-522.2699890136719,-47.95,83,212
1179,Household_Cleaning Supplies_1179,2025-04-01,1888.159010887146,3624.222059249878,-1736.063048362732,-47.90,67,194
1135,Household_Trash Bags_1135,2023-09-01,4089.6901359558105,7849.974054718016,-3760.2839187622058,-47.90,81,203
1120,Grocery_Cereals_1120,2021-06-01,4783.319858551025,9180.934871673584,-4397.615013122559,-47.90,103,226
1098,Electronics_Mobile Accessories_1098,2021-06-01,10249.46987915039,19669.45238685608,-9419.982507705688,-47.89,99,223
1096,Electronics_Mobile Accessories_1096,2025-09-01,9289.780075073242,17824.945965576175,-8535.165890502933,-47.88,82,179
1035,Electronics_Batteries_1035,2023-09-01,20857.300415039062,40016.180712890615,-19158.880297851552,-47.88,85,207
1038,Electronics_Cables_1038,2021-03-01,10126.559875488281,19424.106308746334,-9297.546433258052,-47.87,102,232
1023,Personal Care_Toothpaste_1023,2024-09-01,5352.159973144531,10264.802154159546,-4912.642181015015,-47.86,88,191
1019,Electronics_Cables_1019,2023-09-01,13982.760040283203,26796.26460571289,-12813.504565429688,-47.82,66,174
1079,Beverages_Juices_1079,2021-03-01,551.1999797821045,1056.4059932708742,-505.2060134887697,-47.82,106,247
1166,Grocery_Spices_1166,2023-09-01,3551.0399780273438,6804.551896667478,-3253.5119186401344,-47.81,72,179
1194,Dairy_Butter_1194,2022-03-01,799.2900094985962,1531.5449913740158,-732.2549818754196,-47.81,83,212
1174,Electronics_Mobile Accessories_1174,2021-03-01,23121.6005859375,44298.0606842041,-21176.4600982666,-47.80,96,220
1070,Grocery_Canned Goods_1070,2023-06-01,3039.349910736084,5822.21981048584,-2782.869899749756,-47.80,76,138
1073,Electronics_Chargers_1073,2024-09-01,8306.21981048584,15901.999519348145,-7595.779708862305,-47.77,69,153
1193,Beverages_Tea_1193,2022-03-01,998.6399917602539,1910.359956741333,-911.7199649810791,-47.73,72,192
1199,Electronics_Cables_1199,2022-03-01,18850.979949951172,36049.81480026245,-17198.83485031128,-47.71,82,201
1030,Dairy_Cream_1030,2021-03-01,1785.2400741577148,3414.056024169923,-1628.8159500122083,-47.71,81,186
1090,Dairy_Cheese_1090,2021-06-01,3544.3800888061523,6774.496060562134,-3230.1159717559813,-47.68,97,238
1084,Household_Paper Products_1084,2024-09-01,3352.2999572753906,6405.679833984375,-3053.3798767089847,-47.67,70,152
1009,Electronics_Batteries_1009,2024-04-01,8176.4557434082035,15625.872488403318,-7449.416744995115,-47.67,98,199
1068,Electronics_Chargers_1068,2023-09-01,6846.479736328125,13084.23968505859,-6237.759948730465,-47.67,72,170
1111,Snacks_Nuts_1111,2025-09-01,1130.400037765503,2157.6200515747073,-1027.2200138092044,-47.61,90,195
1144,Household_Detergent_1144,2023-03-01,1403.8119977951048,2679.512499570847,-1275.7005017757422,-47.61,105,220
1018,Personal Care_Deodorant_1018,2021-03-01,5736.639984130859,10939.342418670654,-5202.702434539795,-47.56,104,233
1150,Electronics_Batteries_1150,2025-09-01,11716.319946289062,22330.64413757324,-10614.324191284177,-47.53,88,189
1065,Electronics_Chargers_1065,2021-06-01,16004.700164794922,30499.481982421876,-14494.781817626954,-47.52,90,201
1075,Snacks_Crackers_1075,2023-09-01,976.009991645813,1859.8899744033813,-883.8799827575683,-47.52,73,183
1037,Electronics_Cables_1037,2023-09-01,14464.170593261719,27557.204760742185,-13093.034167480466,-47.51,81,186
1129,Electronics_Chargers_1129,2025-04-01,10995.317738342284,20942.273527526853,-9946.955789184569,-47.50,75,187
1123,Beverages_Water_1123,2025-09-01,854.339973449707,1626.5719886779784,-772.2320152282714,-47.48,87,185
1162,Dairy_Yogurt_1162,2025-04-01,2307.6239654541014,4390.583920669556,-2082.959955215455,-47.44,92,227
1050,Snacks_Chips_1050,2023-11-01,1079.2200116157533,2051.6000175476074,-972.3800059318542,-47.40,68,115
1053,Snacks_Crackers_1053,2022-03-01,978.599967956543,1859.8899450302124,-881.2899770736694,-47.38,84,220
1123,Beverages_Water_1123,2021-09-01,697.2199783325195,1324.379991531372,-627.1600131988525,-47.35,71,151
1037,Electronics_Cables_1037,2024-09-01,17321.29071044922,32890.54235992432,-15569.251649475103,-47.34,97,203
1012,Beverages_Juices_1012,2025-09-01,1198.5000324249268,2275.598979854583,-1077.0989474296562,-47.33,85,184
1114,Electronics_Batteries_1114,2022-03-01,12346.01985168457,23434.979804992676,-11088.959953308105,-47.32,81,201
1187,Personal Care_Skincare_1187,2025-04-01,6093.971867752075,11560.325721359251,-5466.3538536071765,-47.29,90,237
1131,Snacks_Crackers_1131,2024-09-01,1854.1299457550049,3514.6080230712887,-1660.4780773162838,-47.25,79,168
1091,Dairy_Butter_1091,2023-09-01,681.7199821472168,1291.9119613647458,-610.191979217529,-47.23,78,195
1186,Dairy_Yogurt_1186,2024-02-01,723.8119926452637,1371.4799863100052,-647.6679936647415,-47.22,157,297
1031,Snacks_Chips_1031,2023-09-01,1084.1700325012207,2053.2060539245613,-969.0360214233406,-47.20,71,169
1076,Snacks_Chocolates_1076,2023-09-01,1614.240005493164,3057.508047866822,-1443.2680423736579,-47.20,72,172
1022,Household_Cleaning Supplies_1022,2023-09-01,3069.9199829101562,5813.388026428222,-2743.4680435180653,-47.19,56,137
1166,Grocery_Spices_1166,2021-06-01,4833.359970092773,9153.207522392273,-4319.8475522994995,-47.19,98,215
1072,Electronics_Chargers_1072,2023-09-01,16678.199615478516,31574.36364440917,-14896.164028930656,-47.18,70,166
1010,Grocery_Rice_1010,2025-09-01,1297.9700241088867,2456.64102563858,-1158.671001529693,-47.16,79,163
1006,Beverages_Coffee_1006,2023-09-01,883.3999919891357,1671.7000211715701,-788.3000291824344,-47.16,70,167
1021,Grocery_Canned Goods_1021,2023-03-01,2419.3239830017087,4577.677524089815,-2158.3535410881063,-47.15,94,199
1079,Beverages_Juices_1079,2023-03-01,510.6399812698364,966.2639953613283,-455.62401409149186,-47.15,109,228
1171,Personal Care_Toothpaste_1171,2021-09-01,3791.9698333740234,7174.889831542969,-3382.9199981689453,-47.15,91,191
1154,Household_Cleaning Supplies_1154,2022-03-01,1382.4300298690796,2614.130040168762,-1231.7000102996826,-47.12,87,217
1200,Beverages_Juices_1200,2025-04-01,676.5359785079957,1279.0119527816773,-602.4759742736817,-47.10,99,257
1003,Household_Cleaning Supplies_1003,2023-09-01,864,1632.9600372314453,-768.9600372314453,-47.09,72,180
1036,Electronics_Mobile Accessories_1036,2025-09-01,8053.200302124023,15215.885169982914,-7162.68486785889,-47.07,90,190
1145,Household_Trash Bags_1145,2021-03-01,962.6400032043457,1818.5999794006348,-855.9599761962891,-47.07,84,192
1077,Household_Cleaning Supplies_1077,2022-06-01,3617.599884033203,6833.574805259705,-3215.9749212265015,-47.06,76,151
1064,Snacks_Biscuits_1064,2022-03-01,1538.160026550293,2905.0450501441956,-1366.8850235939026,-47.05,87,226
1062,Personal Care_Deodorant_1062,2022-11-01,1700.2515160560608,3209.800033569336,-1509.548517513275,-47.03,60,110
1159,Electronics_Batteries_1159,2023-09-01,14602.560150146484,27566.40078735352,-12963.840637207035,-47.03,82,198
1115,Household_Paper Products_1115,2023-09-01,3404.9400939941406,6428.2161865234375,-3023.276092529297,-47.03,77,190
1090,Dairy_Cheese_1090,2022-09-01,3909.780097961426,7376.787020874024,-3467.0069229125984,-47.00,107,226
1178,Beverages_Soft Drinks_1178,2021-03-01,2585.5200576782227,4876.81510028839,-2291.295042610167,-46.98,108,242
1081,Snacks_Nuts_1081,2023-09-01,724.3200302124023,1365.920044326782,-641.6000141143797,-46.97,72,175
1078,Electronics_Cables_1078,2023-03-01,16642.949630737305,31378.11696624756,-14735.167335510254,-46.96,98,204
1089,Electronics_Mobile Accessories_1089,2023-03-01,6484.203707885741,12225.063818740848,-5740.8601108551065,-46.96,103,217
1169,Beverages_Soft Drinks_1169,2025-09-01,456.7500114440918,861.2160106182101,-404.46599917411834,-46.96,75,161
1163,Household_Paper Products_1163,2024-03-01,3585.978019332885,6760.1739900589,-3174.195970726015,-46.95,117,208
1021,Grocery_Canned Goods_1021,2025-04-01,2478.8019939422607,4672.956023025513,-2194.154029083252,-46.95,87,234
1130,Snacks_Nuts_1130,2023-03-01,1648.9400482177734,3107.4025492668156,-1458.4625010490422,-46.94,105,219
1173,Electronics_Batteries_1173,2025-04-01,13403.762153625488,25258.69334793091,-11854.93119430542,-46.93,85,210
1186,Dairy_Yogurt_1186,2025-04-01,365.70800242424014,689.0379965066908,-323.32999408245064,-46.92,68,191
1051,Electronics_Cables_1051,2022-09-01,6421.499862670898,12092.075944519043,-5670.576081848145,-46.89,90,186
1105,Beverages_Water_1105,2025-04-01,1003.670051574707,1889.2140747070318,-885.5440231323248,-46.87,64,169
1134,Household_Paper Products_1134,2025-09-01,1161.7199935913086,2185.409976959229,-1023.6899833679204,-46.84,84,177
1080,Snacks_Chips_1080,2024-09-01,1824.5,3431.173061180115,-1606.673061180115,-46.83,82,173
1014,Dairy_Butter_1014,2025-04-01,704.6999931335449,1325.4559932231898,-620.7560000896449,-46.83,90,231
1128,Grocery_Spices_1128,2022-03-01,2152.9799938201904,4043.055019378662,-1890.0750255584717,-46.75,81,202
1010,Grocery_Rice_1010,2021-03-01,1527.9900283813477,2868.3185542583465,-1340.3285258769988,-46.73,93,217
1129,Electronics_Chargers_1129,2022-03-01,10698.799743652344,20079.35451889038,-9380.554775238037,-46.72,70,183
1176,Snacks_Chocolates_1176,2022-09-01,491.75999450683594,922.9050028324127,-431.1450083255768,-46.72,72,152
1091,Dairy_Butter_1091,2025-09-01,699.1999816894531,1312.1069729804997,-612.9069912910466,-46.71,80,167
1016,Grocery_Rice_1016,2025-09-01,1944.0000534057617,3647.9700469970703,-1703.9699935913086,-46.71,100,211
1130,Snacks_Nuts_1130,2023-09-01,1079.0400390625,2023.3200302124023,-944.2799911499023,-46.67,64,147
1178,Beverages_Soft Drinks_1178,2024-03-01,2414.4675496101377,4526.9875927925095,-2112.520043182372,-46.67,120,226
1116,Personal Care_Skincare_1116,2021-03-01,8280.720291137695,15518.120455551147,-7237.400164413451,-46.64,106,235
1015,Dairy_Cream_1015,2022-09-01,2360.3099269866943,4423.115969467162,-2062.806042480468,-46.64,87,190
1004,Beverages_Juices_1004,2023-03-01,2714.4720001220703,5086.740018081666,-2372.2680179595955,-46.64,127,246
1133,Electronics_Mobile Accessories_1133,2025-02-01,4912.767933654784,9204.90888633728,-4292.1409526824955,-46.63,174,328
1025,Household_Detergent_1025,2022-06-01,644.4799652099609,1207.3399484157562,-562.8599832057953,-46.62,76,159
1023,Personal Care_Toothpaste_1023,2025-09-01,4196.579978942871,7859.918106460572,-3663.3381275177007,-46.61,69,145
1030,Dairy_Cream_1030,2024-02-01,2375.6889957427975,4448.79053668976,-2073.101540946963,-46.60,135,241
1032,Snacks_Chocolates_1032,2023-03-01,1197.6799926757812,2242.711015224457,-1045.0310225486755,-46.60,88,174
1178,Beverages_Soft Drinks_1178,2023-08-01,2105.660005569458,3942.260015487671,-1836.600009918213,-46.59,111,205
1058,Personal Care_Soap_1058,2022-03-01,3515.459976196289,6580.0399169921875,-3064.5799407958984,-46.57,78,188
1020,Beverages_Juices_1020,2025-09-01,796.8000030517578,1490.7840060234068,-693.984002971649,-46.55,80,167
1113,Dairy_Cheese_1113,2021-03-01,1972.6200714111328,3690.650059509277,-1718.0299880981443,-46.55,78,177
1016,Grocery_Rice_1016,2024-09-01,1691.2800464630127,3163.1400566101074,-1471.8600101470947,-46.53,87,176
1008,Personal Care_Shampoo_1008,2024-02-01,6038.447274398803,11282.502097702027,-5244.054823303224,-46.48,171,302
1031,Snacks_Chips_1031,2025-04-01,1342.2400350570679,2505.1449999809274,-1162.9049649238596,-46.42,93,238
1020,Beverages_Juices_1020,2025-03-01,1132.2389909267424,2112.4080368042,-980.1690458774576,-46.40,155,252
1188,Grocery_Spices_1188,2025-09-01,1732.2999286651611,3228.6179512023928,-1496.3180225372316,-46.35,85,178
1027,Snacks_Chips_1027,2021-03-01,635.2500200271606,1183.7139981269836,-548.463978099823,-46.33,105,239
1147,Snacks_Crackers_1147,2021-03-01,1887.339979171753,3516.203397083283,-1628.8634179115302,-46.32,91,202
1128,Grocery_Spices_1128,2022-09-01,2232.7199935913086,4155.312002944946,-1922.592009353637,-46.27,84,178
1182,Beverages_Tea_1182,2025-09-01,1247.7800407409668,2321.112012290954,-1073.3319715499874,-46.24,89,191
1194,Dairy_Butter_1194,2025-04-01,970.8840076446534,1805.3259885787963,-834.441980934143,-46.22,110,265
1176,Snacks_Chocolates_1176,2024-03-01,775.2489918231964,1440.7984848260885,-665.5494930028921,-46.19,134,250
1073,Electronics_Chargers_1073,2023-03-01,9861.439892578126,18321.251773452757,-8459.811880874631,-46.17,92,183
1063,Snacks_Chocolates_1063,2021-06-01,1849.079921722412,3434.215871047974,-1585.1359493255618,-46.16,114,244
1100,Electronics_Mobile Accessories_1100,2025-09-01,1657.1099166870117,3077.0668716430664,-1419.9569549560547,-46.15,91,195
1083,Dairy_Cheese_1083,2021-03-01,1360.24001121521,2525.3400311470023,-1165.1000199317923,-46.14,98,218
1132,Dairy_Butter_1132,2022-03-01,2886.7398986816406,5359.979893684387,-2473.2399950027466,-46.14,83,211
1160,Snacks_Nuts_1160,2021-03-01,574.739984035492,1066.6424843788143,-491.90250034332234,-46.12,93,204
1008,Personal Care_Shampoo_1008,2022-03-01,3954.5998764038086,7338.5197830200195,-3383.919906616211,-46.11,90,230
1124,Dairy_Cheese_1124,2022-03-01,1865.9800662994385,3462.2300114631653,-1596.2499451637268,-46.10,79,196
1180,Grocery_Spices_1180,2023-09-01,722.3999671936035,1340.3039470672607,-617.9039798736571,-46.10,86,197
1130,Snacks_Nuts_1130,2022-10-01,927.3000335693359,1719.7200622558594,-792.4200286865234,-46.08,55,102
1142,Electronics_Mobile Accessories_1142,2021-09-01,1313.7600288391113,2435.8640146255493,-1122.103985786438,-46.07,84,177
1123,Beverages_Water_1123,2021-03-01,991.8199691772461,1838.752522945404,-846.932553768158,-46.06,101,228
1155,Electronics_Mobile Accessories_1155,2021-09-01,1853.2799320220947,3435.033950805664,-1581.7540187835693,-46.05,81,168
1139,Dairy_Cream_1139,2022-03-01,1612.4099349975586,2987.5425124168396,-1375.132577419281,-46.03,71,188
1106,Snacks_Chocolates_1106,2022-09-01,1195.6799716949463,2215.214927101136,-1019.5349554061895,-46.02,106,227
1074,Personal Care_Skincare_1074,2022-09-01,5201.609848022461,9632.75997848511,-4431.150130462649,-46.00,83,171
1052,Snacks_Crackers_1052,2024-09-01,1417.8000259399414,2625.0510431289686,-1207.2510171890272,-45.99,85,180
1140,Personal Care_Shampoo_1140,2021-03-01,3907.649833679199,7234.923770904541,-3327.273937225342,-45.99,109,244
1043,Electronics_Batteries_1043,2022-03-01,1876.0000610351562,3472.232584953308,-1596.2325239181519,-45.97,80,187
1008,Personal Care_Shampoo_1008,2025-04-01,3647.0198860168457,6749.3799057006845,-3102.360019683839,-45.97,83,225
1139,Dairy_Cream_1139,2023-09-01,1385.309944152832,2563.6519561767577,-1178.3420120239257,-45.96,61,146
1142,Electronics_Mobile Accessories_1142,2025-04-01,1094.4900234222412,2025.0550133705142,-930.564989948273,-45.95,71,182
1117,Snacks_Crackers_1117,2023-03-01,1028.1199619293213,1902.199933242798,-874.0799713134766,-45.95,120,218
1026,Snacks_Biscuits_1026,2022-05-01,486.6599853038788,900.1500135660172,-413.49002826213837,-45.94,88,230
1011,Personal Care_Shampoo_1011,2021-06-01,1874.0400772094727,3465.0500839710235,-1591.0100067615508,-45.92,92,201
1187,Personal Care_Skincare_1187,2022-03-01,5208.54988861084,9631.949729919434,-4423.399841308594,-45.92,73,205
1034,Household_Cleaning Supplies_1034,2025-04-01,5347.310127258301,9886.839230346683,-4539.529103088382,-45.91,98,260
1004,Beverages_Juices_1004,2025-04-01,1711.5759819030761,3163.628073120117,-1452.0520912170407,-45.90,71,205
1188,Grocery_Spices_1188,2025-04-01,1577.2389430999756,2914.960988998413,-1337.7220458984375,-45.89,83,219
1137,Snacks_Nuts_1137,2024-03-01,687.6899895668029,1270.109993457794,-582.4200038909911,-45.86,119,239
1086,Grocery_Rice_1086,2024-09-01,1325.2800369262695,2446.635046482086,-1121.3550095558167,-45.83,88,187
1176,Snacks_Chocolates_1176,2023-09-01,587.3799934387207,1083.9819965362549,-496.6020030975342,-45.81,86,198
1025,Household_Detergent_1025,2022-03-01,771.6799583435059,1423.579968214035,-651.9000098705292,-45.79,91,223
1029,Grocery_Canned Goods_1029,2021-09-01,1925.0999736785889,3548.880054473877,-1623.780080795288,-45.75,69,150
1137,Snacks_Nuts_1137,2025-04-01,560.9099823951722,1033.6899627685543,-472.77998037338216,-45.74,85,236
1041,Snacks_Nuts_1041,2024-09-01,1293.4400215148926,2382.1300301551823,-1088.6900086402898,-45.70,94,195
1195,Snacks_Chocolates_1195,2021-06-01,2217.520008087158,4083.1644800662993,-1865.6444719791411,-45.69,106,239
1198,Dairy_Cheese_1198,2021-11-01,1268.0479904174806,2331.89998626709,-1063.8519958496092,-45.62,52,90
1081,Snacks_Nuts_1081,2022-03-01,855.1000356674194,1572.1550409793854,-717.0550053119659,-45.61,85,197
1047,Household_Detergent_1047,2022-03-01,2708.250045776367,4978.460040092468,-2270.209994316101,-45.60,75,186
1095,Snacks_Chocolates_1095,2023-03-01,2110.543997955322,3877.7160839080802,-1767.1720859527582,-45.57,116,222
1041,Snacks_Nuts_1041,2023-02-01,1345.1849984645846,2470.894996881486,-1125.7099984169013,-45.56,118,217
1187,Personal Care_Skincare_1187,2021-09-01,5493.949882507324,10091.494024658205,-4597.54414215088,-45.56,77,161
1119,Grocery_Pasta_1119,2021-03-01,4003.7699661254883,7353.552948951721,-3349.782982826233,-45.55,111,238
1180,Grocery_Spices_1180,2021-09-01,562.7999744415283,1033.1159734249115,-470.3159989833832,-45.52,67,138
1153,Electronics_Batteries_1153,2024-09-01,12054.000091552734,22120.114370727537,-10066.114279174803,-45.51,75,161
1154,Household_Cleaning Supplies_1154,2024-09-01,1064.6300230026245,1953.5900321006775,-888.960009098053,-45.50,67,141
1060,Household_Detergent_1060,2021-06-01,3819.819969177246,7007.525989532471,-3187.7060203552246,-45.49,101,218
1084,Household_Paper Products_1084,2024-04-01,4848.770458602906,8887.980850982665,-4039.2103923797595,-45.45,113,215
1005,Household_Paper Products_1005,2024-09-01,1593.0000686645508,2919.615093231201,-1326.6150245666504,-45.44,90,183
1018,Personal Care_Deodorant_1018,2025-09-01,5295.3599853515625,9702.795925903323,-4407.435940551761,-45.42,96,197
1160,Snacks_Nuts_1160,2021-09-01,488.2199864387512,894.1439831256866,-405.9239966869354,-45.40,79,162
1080,Snacks_Chips_1080,2021-03-01,2136,3909.142982101439,-1773.142982101439,-45.36,96,214
1137,Snacks_Nuts_1137,2021-09-01,571.1999821662903,1045.2599987983704,-474.0600166320801,-45.35,85,173
1051,Electronics_Cables_1051,2021-09-01,5565.299880981445,10181.959945678711,-4616.660064697266,-45.34,78,156
1123,Beverages_Water_1123,2023-09-01,805.2399749755859,1472.5439853668213,-667.3040103912354,-45.32,82,187
1120,Grocery_Cereals_1120,2024-04-01,4548.508488464356,8316.261450958254,-3767.752962493899,-45.31,116,206
1141,Beverages_Coffee_1141,2024-02-01,1144.9929734945295,2093.763951206207,-948.7709777116775,-45.31,158,300
1147,Snacks_Crackers_1147,2024-09-01,1762.899980545044,3222.9339893341053,-1460.0340087890613,-45.30,85,174
1081,Snacks_Nuts_1081,2025-04-01,940.5080389976501,1719.54003572464,-779.0319967269897,-45.30,94,250
1076,Snacks_Chocolates_1076,2024-09-01,2152.3200073242188,3934.4560363769533,-1782.1360290527346,-45.30,96,196
1023,Personal Care_Toothpaste_1023,2021-06-01,5838.719970703125,10672.017910385131,-4833.2979396820065,-45.29,96,203
1125,Personal Care_Toothpaste_1125,2025-02-01,3053.9699783325186,5580.335940933226,-2526.3659626007075,-45.27,141,248
1118,Dairy_Milk_1118,2022-08-01,2263.587024116516,4136.220053672792,-1872.6330295562761,-45.27,109,199
1114,Electronics_Batteries_1114,2025-04-01,12803.279846191406,23376.339013671874,-10573.059167480467,-45.23,84,211
1165,Personal Care_Skincare_1165,2022-03-01,1435.8999366760254,2620.344895362854,-1184.4449586868286,-45.20,83,207
1033,Household_Paper Products_1033,2021-09-01,2335.679901123047,4260.679986953735,-1925.0000858306885,-45.18,72,149
1045,Electronics_Cables_1045,2024-09-01,8755.020416259766,15969.518981933594,-7214.498565673828,-45.18,62,130
1094,Grocery_Rice_1094,2024-04-01,1883.0654686927796,3433.8069498062137,-1550.741481113434,-45.16,96,170
1039,Beverages_Soft Drinks_1039,2024-03-01,3191.5650186538696,5818.910045623779,-2627.3450269699097,-45.15,144,269
1017,Household_Paper Products_1017,2024-11-01,2703.3899740219117,4928.219947814941,-2224.8299737930297,-45.14,66,114
1148,Household_Cleaning Supplies_1148,2025-04-01,4609.392050170898,8397.755938720702,-3788.363888549804,-45.11,87,226
1114,Electronics_Batteries_1114,2022-02-01,23434.979804992676,42687.939661026,-19252.959856033325,-45.10,201,375
1196,Grocery_Pasta_1196,2022-09-01,2544.9000453948975,4635.375108337403,-2090.4750629425052,-45.10,85,174
1033,Household_Paper Products_1033,2022-09-01,2984.4798736572266,5434.679935455322,-2450.2000617980957,-45.08,92,185
1046,Household_Paper Products_1046,2021-09-01,5935.379859924316,10804.040761184695,-4868.6609012603785,-45.06,102,206
1049,Electronics_Batteries_1049,2022-02-01,13758.25542640686,25042.535776138306,-11284.280349731445,-45.06,179,292
1056,Snacks_Nuts_1056,2025-04-01,513.7100019454956,934.0410071849824,-420.3310052394868,-45.00,91,226
1185,Personal Care_Toothpaste_1185,2021-03-01,6345.979949951172,11538.098829650875,-5192.118879699703,-45.00,82,186
1152,Personal Care_Toothpaste_1152,2025-04-01,4365.911885833741,7935.307728195194,-3569.395842361453,-44.98,84,218
1153,Electronics_Batteries_1153,2021-10-01,9643.200073242188,17518.48013305664,-7875.280059814453,-44.95,60,109
1122,Dairy_Yogurt_1122,2025-03-01,3365.716080284117,6113.968104934693,-2748.2520246505755,-44.95,157,229
1082,Household_Detergent_1082,2022-09-01,3930.0799865722656,7138.965857696532,-3208.8858711242665,-44.95,88,180
1065,Electronics_Chargers_1065,2024-09-01,15826.870162963867,28750.06543121338,-12923.195268249514,-44.95,89,182
1093,Snacks_Chips_1093,2023-03-01,887.9280042648315,1612.8000268936162,-724.8720226287846,-44.94,121,241
1140,Personal Care_Shampoo_1140,2022-03-01,2688.749885559082,4882.582347869873,-2193.832462310791,-44.93,75,197
1144,Household_Detergent_1144,2022-09-01,1214.6400032043457,2205.1080219268797,-990.468018722534,-44.92,84,170
1172,Electronics_Chargers_1172,2022-03-01,9643.249740600586,17506.98690032959,-7863.737159729004,-44.92,85,209
1099,Personal Care_Toothpaste_1099,2024-03-01,5316.956043243408,9651.134090423584,-4334.178047180176,-44.91,125,235
1195,Snacks_Chocolates_1195,2024-09-01,1966.4800071716309,3566.8829961776732,-1600.4029890060424,-44.87,94,195
1072,Electronics_Chargers_1072,2023-03-01,26923.459579467773,48824.143725585935,-21900.68414611816,-44.86,131,236
1049,Electronics_Batteries_1049,2022-09-01,10988.880340576172,19917.882009887704,-8929.001669311532,-44.83,93,187
1029,Grocery_Canned Goods_1029,2023-03-01,2879.279960632324,5219.243878746031,-2339.963918113707,-44.83,114,232
1099,Personal Care_Toothpaste_1099,2022-03-01,3488.8000106811523,6323.450086593628,-2834.6500759124756,-44.83,70,168
1029,Grocery_Canned Goods_1029,2023-09-01,2204.0999698638916,3994.163945388794,-1790.0639755249026,-44.82,79,177
1166,Grocery_Spices_1166,2024-09-01,4290.839973449707,7776.476919555663,-3485.6369461059558,-44.82,87,178
1100,Electronics_Mobile Accessories_1100,2024-08-01,1725.2639236450195,3126.2068634033203,-1400.9429397583008,-44.81,105,192
1093,Snacks_Chips_1093,2022-03-01,598.5000014305115,1083.8700029850006,-485.37000155448914,-44.78,75,184
1165,Personal Care_Skincare_1165,2021-03-01,1747.2999229431152,3164.0399040222164,-1416.7399810791012,-44.78,101,214
1147,Snacks_Crackers_1147,2022-02-01,2149.52001619339,3891.8600182533264,-1742.3400020599365,-44.77,143,248
1014,Dairy_Butter_1014,2024-09-01,602.9099941253662,1091.2050110816954,-488.29501695632916,-44.75,77,157
1034,Household_Cleaning Supplies_1034,2025-09-01,5756.000137329102,10410.420019912719,-4654.419882583617,-44.71,100,205
1045,Electronics_Cables_1045,2023-03-01,12838.858517456061,23218.25589141846,-10379.397373962398,-44.70,101,198
1045,Electronics_Cables_1045,2021-03-01,12426.480590820312,22465.621784973147,-10039.141194152835,-44.69,88,196
1164,Electronics_Cables_1164,2023-02-01,25056.68061065674,45296.52103424072,-20239.840423583984,-44.68,146,278
1132,Dairy_Butter_1132,2024-09-01,3443.2198791503906,6222.599821472166,-2779.379942321775,-44.67,99,204
1012,Beverages_Juices_1012,2024-06-01,866.1630215644836,1565.1000423431396,-698.937020778656,-44.66,65,111
1057,Beverages_Tea_1057,2025-09-01,2101.320041656494,3794.805038452148,-1693.4849967956538,-44.63,78,157
1141,Beverages_Coffee_1141,2021-06-01,870.3499803543091,1571.7049837112427,-701.3550033569336,-44.62,103,219
1155,Electronics_Mobile Accessories_1155,2025-02-01,2873.4200050354,5187.390005493163,-2313.9700004577626,-44.61,150,270
1044,Snacks_Biscuits_1044,2022-09-01,1721.4100723266602,3107.598110961914,-1386.1880386352536,-44.61,79,162
1033,Household_Paper Products_1033,2024-11-01,2102.2164171218874,3795.479839324951,-1693.2634222030638,-44.61,70,117
1048,Snacks_Biscuits_1048,2022-09-01,1151.2099905014038,2077.5919506072996,-926.3819601058958,-44.59,83,169
1099,Personal Care_Toothpaste_1099,2022-09-01,5283.040016174316,9534.860084533691,-4251.820068359375,-44.59,106,216
1130,Snacks_Nuts_1130,2025-09-01,1331.9400482177734,2403.381045722961,-1071.4409975051876,-44.58,79,161
1045,Electronics_Cables_1045,2022-09-01,9884.700469970703,17832.078079223633,-7947.37760925293,-44.57,70,143
1043,Electronics_Batteries_1043,2023-11-01,1442.9860441207886,2602.9500846862793,-1159.9640405654907,-44.56,65,111
1093,Snacks_Chips_1093,2021-03-01,845.8800020217896,1525.4670248746872,-679.5870228528977,-44.55,106,227
1087,Snacks_Crackers_1087,2024-11-01,522.3000020980835,942.0000076293945,-419.70000553131104,-44.55,67,100
1177,Snacks_Chips_1177,2025-09-01,241.39999270439148,434.7759882926941,-193.3759955883026,-44.48,85,168
1125,Personal Care_Toothpaste_1125,2022-03-01,1860.92995262146,3351.20991897583,-1490.2799663543701,-44.47,69,168
1142,Electronics_Mobile Accessories_1142,2024-09-01,1219.9200267791748,2194.864023208618,-974.9439964294434,-44.42,78,154
1102,Snacks_Biscuits_1102,2024-08-01,2461.907991027832,4429.199981689451,-1967.2919906616194,-44.42,131,236
1082,Household_Detergent_1082,2024-09-01,3706.779987335205,6666.898855972289,-2960.1188686370842,-44.40,83,170
1100,Electronics_Mobile Accessories_1100,2021-03-01,2021.3098983764648,3634.805855941772,-1613.495957565307,-44.39,111,239
1145,Household_Trash Bags_1145,2024-04-01,944.3929993629456,1697.5539865493774,-753.1609871864318,-44.37,92,172
1059,Electronics_Cables_1059,2021-09-01,1783.3199615478516,3205.1940376281727,-1421.8740760803212,-44.36,84,173
1070,Grocery_Canned Goods_1070,2021-09-01,4303.379859924316,7735.012000274659,-3431.6321403503425,-44.36,102,205
1074,Personal Care_Skincare_1074,2023-09-01,3948.2098846435547,7094.499847412109,-3146.2899627685547,-44.35,63,142
1007,Personal Care_Shampoo_1007,2024-10-01,3632.0401153564453,6524.2202072143555,-2892.18009185791,-44.33,54,97
1175,Household_Trash Bags_1175,2021-09-01,4727.360012054443,8488.610057830814,-3761.250045776371,-44.31,79,158
1109,Electronics_Batteries_1109,2022-02-01,4432.537546157837,7953.127565383911,-3520.590019226074,-44.27,173,303
1193,Beverages_Tea_1193,2022-02-01,1910.359956741333,3425.529929161072,-1515.1699724197388,-44.23,192,331
1092,Household_Detergent_1092,2021-03-01,2649.860050201416,4750.7819538116455,-2100.9219036102295,-44.22,94,201
1063,Snacks_Chocolates_1063,2025-02-01,2202.3104656696314,3948.0519107818614,-1745.74144511223,-44.22,171,290
1139,Dairy_Cream_1139,2025-04-01,2020.289919281006,3620.879873466491,-1600.589954185485,-44.20,91,214
1200,Beverages_Juices_1200,2021-03-01,771.4699764251709,1382.6784681797026,-611.2084917545317,-44.20,103,227
1108,Dairy_Butter_1108,2021-09-01,3460.1599731445312,6195.826922607421,-2735.6669494628895,-44.15,88,176
1197,Electronics_Mobile Accessories_1197,2022-09-01,1617.359992980957,2894.7059646606444,-1277.3459716796874,-44.13,92,185
1046,Household_Paper Products_1046,2025-04-01,4681.374891281128,8377.29285621643,-3695.9179649353027,-44.12,83,222
1169,Beverages_Soft Drinks_1169,2021-09-01,529.8300132751465,947.9340123653413,-418.10399909019486,-44.11,87,176
1197,Electronics_Mobile Accessories_1197,2021-09-01,1582.199993133545,2830.199966430664,-1247.9999732971191,-44.10,90,180
1002,Dairy_Cream_1002,2024-09-01,1208.2399597167969,2161.285935306549,-953.0459755897523,-44.10,88,180
1035,Electronics_Batteries_1035,2022-03-01,20366.540405273438,36393.44962692261,-16026.90922164917,-44.04,83,210
1038,Electronics_Cables_1038,2023-03-01,7704.07989501953,13764.619371795652,-6060.539476776122,-44.03,83,170
1188,Grocery_Spices_1188,2022-03-01,1874.9599227905273,3345.6198999881744,-1470.659977197647,-43.96,92,225
1095,Snacks_Chocolates_1095,2021-03-01,2175.6800079345703,3881.289095020293,-1705.6090870857229,-43.94,104,228
1021,Grocery_Canned Goods_1021,2024-09-01,2508.2099933624268,4473.285074234008,-1965.0750808715811,-43.93,87,177
1148,Household_Cleaning Supplies_1148,2021-09-01,3967.1400451660156,7074.480023193361,-3107.3399780273458,-43.92,74,154
1187,Personal Care_Skincare_1187,2022-09-01,5779.349876403809,10304.735971069333,-4525.386094665524,-43.92,81,160
1142,Electronics_Mobile Accessories_1142,2021-06-01,1610.9200353622437,2871.480019569397,-1260.5599842071533,-43.90,103,224
1107,Electronics_Mobile Accessories_1107,2023-05-01,18006.240478515625,32098.511127471924,-14092.270648956299,-43.90,112,247
1074,Personal Care_Skincare_1074,2023-11-01,4080.6148900985713,7269.719787597656,-3189.104897499085,-43.87,68,116
1059,Electronics_Cables_1059,2025-04-01,2165.4599533081055,3857.3999147415166,-1691.939961433411,-43.86,102,248
1139,Dairy_Cream_1139,2021-03-01,2316.419906616211,4123.599835586548,-1807.1799289703367,-43.83,102,221
1193,Beverages_Tea_1193,2023-03-01,1263.9400020599362,2248.925986671447,-984.9859846115107,-43.80,103,191
1173,Electronics_Batteries_1173,2023-03-01,16070.048168945312,28567.731525421143,-12497.68335647583,-43.75,104,206
1185,Personal Care_Toothpaste_1185,2021-06-01,8203.339935302734,14578.565963745117,-6375.226028442383,-43.73,106,226
1199,Electronics_Cables_1199,2023-03-01,18519.89204711914,32906.76428222656,-14386.872235107421,-43.72,91,172
1177,Snacks_Chips_1177,2022-11-01,209.4174948632717,372.0399887561798,-162.6224938929081,-43.71,87,131
1154,Household_Cleaning Supplies_1154,2022-06-01,1350.650029182434,2399.450047492981,-1048.8000183105469,-43.71,85,165
1028,Household_Paper Products_1028,2025-04-01,3213.739910888672,5709.199914550783,-2495.4600036621114,-43.71,81,206
1121,Grocery_Rice_1121,2021-09-01,2550.399932861328,4530.23103275299,-1979.8310998916622,-43.70,80,167
1109,Electronics_Batteries_1109,2025-03-01,3473.9369230270386,6161.122484207154,-2687.1855611801157,-43.62,148,204
1182,Beverages_Tea_1182,2023-03-01,1493.5480453491211,2649.06005191803,-1155.5120065689086,-43.62,122,225
1095,Snacks_Chocolates_1095,2022-03-01,2071.0800075531006,3672.7674787044525,-1601.687471151352,-43.61,99,218
1189,Electronics_Batteries_1189,2021-03-01,8032.969779968262,14240.035897827145,-6207.066117858883,-43.59,103,217
1089,Electronics_Mobile Accessories_1089,2022-02-01,8499.159687042236,15060.959506988525,-6561.799819946289,-43.57,163,315
1100,Electronics_Mobile Accessories_1100,2022-09-01,1420.3799285888672,2516.52889251709,-1096.1489639282227,-43.56,78,157
1169,Beverages_Soft Drinks_1169,2023-09-01,566.3700141906738,1002.9480018615723,-436.57798767089844,-43.53,93,209
1200,Beverages_Juices_1200,2024-09-01,621.6699810028076,1100.6819635391234,-479.0119825363158,-43.52,83,173
1096,Electronics_Mobile Accessories_1096,2022-03-01,9629.650077819824,17050.430198669434,-7420.780120849609,-43.52,85,217
1042,Grocery_Canned Goods_1042,2021-09-01,3681.8001251220703,6519.031085586549,-2837.230960464479,-43.52,82,164
1006,Beverages_Coffee_1006,2022-09-01,883.3999919891357,1563.7799663543701,-680.3799743652344,-43.51,70,141
1005,Household_Paper Products_1005,2025-04-01,1318.119056415558,2332.860084533692,-1014.741028118134,-43.50,76,193
1039,Beverages_Soft Drinks_1039,2023-09-01,1684.149990081787,2980.823959350586,-1296.6739692687988,-43.50,65,146
1110,Grocery_Canned Goods_1110,2025-09-01,1399.1599884033203,2476.5959655761717,-1077.4359771728514,-43.50,76,152
1002,Dairy_Cream_1002,2023-09-01,1029.7499656677246,1821.931932067871,-792.1819664001464,-43.48,75,168
1051,Electronics_Cables_1051,2023-03-01,7075.065956115723,12516.652522659306,-5441.586566543583,-43.47,115,209
1090,Dairy_Cheese_1090,2025-09-01,3507.840087890625,6205.2210250854505,-2697.3809371948255,-43.47,96,189
1106,Snacks_Chocolates_1106,2025-04-01,991.9799777030945,1754.4599881172182,-762.4800104141237,-43.46,91,232
1126,Beverages_Soft Drinks_1126,2022-09-01,2647.1000785827637,4680.226959037781,-2033.1268804550173,-43.44,103,207
1119,Grocery_Pasta_1119,2023-09-01,2633.109977722168,4654.828036499021,-2021.7180587768535,-43.43,73,169
1025,Household_Detergent_1025,2021-09-01,610.5599670410156,1078.807991027832,-468.2480239868164,-43.40,72,147
1181,Personal Care_Soap_1181,2022-02-01,4799.9999141693115,8477.579984664917,-3677.5800704956055,-43.38,193,283
1143,Dairy_Cheese_1143,2021-06-01,1686.5799102783203,2978.2328708648683,-1291.652960586548,-43.37,98,203
1083,Dairy_Cheese_1083,2021-06-01,1332.4800109863281,2352.2650117874146,-1019.7850008010864,-43.35,96,202
1169,Beverages_Soft Drinks_1169,2021-06-01,621.1800155639648,1096.6000266075134,-475.4200110435486,-43.35,102,217
1173,Electronics_Batteries_1173,2024-03-01,18796.78367614746,33175.3635559082,-14378.579879760742,-43.34,136,235
1087,Snacks_Crackers_1087,2022-03-01,753.6000061035156,1329.5850015878677,-575.9849954843521,-43.32,80,188
1114,Electronics_Batteries_1114,2023-03-01,13474.039947509766,23757.637622070317,-10283.597674560551,-43.29,101,190
1013,Grocery_Cereals_1013,2024-09-01,2600.990077972412,4584.3880393981935,-1983.3979614257814,-43.26,73,145
1111,Snacks_Nuts_1111,2021-06-01,1281.1200428009033,2256.5350600242614,-975.4150172233581,-43.23,102,219
1035,Electronics_Batteries_1035,2025-04-01,20236.497404479982,35631.99178619385,-15395.49438171387,-43.21,84,211
1192,Dairy_Milk_1192,2022-02-01,2458.009925842285,4328.329870223999,-1870.3199443817139,-43.21,139,253
1128,Grocery_Spices_1128,2023-03-01,2545.112006378174,4480.806010055541,-1935.6940036773672,-43.20,117,203
1066,Household_Cleaning Supplies_1066,2022-03-01,4430.419891357422,7797.249906539917,-3366.830015182495,-43.18,89,210
1069,Grocery_Spices_1069,2023-09-01,2834.1999435424805,4988.191900634765,-2153.991957092285,-43.18,74,163
1072,Electronics_Chargers_1072,2024-09-01,19060.799560546875,33537.13102111816,-14476.331460571288,-43.17,80,159
1112,Household_Paper Products_1112,2023-09-01,799.2600088119507,1406.4000228881835,-607.1400140762328,-43.17,77,169
1165,Personal Care_Skincare_1165,2023-03-01,1389.5359619140625,2444.1449198245996,-1054.6089579105371,-43.15,94,161
1068,Electronics_Chargers_1068,2022-09-01,10554.98959350586,18558.574009704593,-8003.584416198733,-43.13,111,225
1011,Personal Care_Shampoo_1011,2023-09-01,1629.6000671386719,2865.1600021362315,-1235.5599349975596,-43.12,80,177
1039,Beverages_Soft Drinks_1039,2025-09-01,2046.8899879455566,3597.6799659729004,-1550.7899780273438,-43.11,79,155
1132,Dairy_Butter_1132,2022-09-01,2921.5198974609375,5135.76985206604,-2214.249954605102,-43.11,84,168
1143,Dairy_Cheese_1143,2023-03-01,1749.3059555053708,3073.6919305801384,-1324.3859750747677,-43.09,120,213
1178,Beverages_Soft Drinks_1178,2022-03-01,2034.9000453948975,3575.12992477417,-1540.2298793792725,-43.08,85,218
1116,Personal Care_Skincare_1116,2025-09-01,7421.400260925293,13035.29398956299,-5613.893728637697,-43.07,95,187
1065,Electronics_Chargers_1065,2023-08-01,16296.097744750974,28623.151660156247,-12327.053915405273,-43.07,119,202
1045,Electronics_Cables_1045,2024-02-01,19710.93331298828,34625.21038665771,-14914.27707366943,-43.07,169,281
1181,Personal Care_Soap_1181,2022-09-01,3861.0000610351562,6779.250048828123,-2918.2499877929667,-43.05,100,198
1092,Household_Detergent_1092,2025-04-01,1872.6470314025878,3287.617011642456,-1414.9699802398682,-43.04,70,161
1110,Grocery_Canned Goods_1110,2025-03-01,1846.957022190094,3242.0324446678164,-1395.0754224777224,-43.03,161,213
1110,Grocery_Canned Goods_1110,2022-03-01,1546.4399871826172,2714.502515554428,-1168.062528371811,-43.03,84,189
1017,Household_Paper Products_1017,2024-02-01,7134.944966125488,12521.159944152834,-5386.214978027347,-43.02,200,354
1175,Household_Trash Bags_1175,2023-09-01,4188.800010681152,7350.575917816163,-3161.775907135011,-43.01,70,161
1019,Electronics_Cables_1019,2023-05-01,19914.840057373047,34918.896313476565,-15004.056256103519,-42.97,94,191
1032,Snacks_Chocolates_1032,2025-04-01,1182.4799880981445,2072.801958274841,-890.3219701766966,-42.95,78,201
1109,Electronics_Batteries_1109,2023-09-01,2802.0299530029297,4911.05199584961,-2109.02204284668,-42.94,77,167
1167,Grocery_Rice_1167,2023-02-01,5692.05595703125,9974.865066528322,-4282.809109497072,-42.94,160,262
1193,Beverages_Tea_1193,2024-09-01,1137.3399906158447,1992.3319561004644,-854.9919654846196,-42.91,82,160
1100,Electronics_Mobile Accessories_1100,2024-03-01,1637.2439334869384,2867.7598857879634,-1230.515952301025,-42.91,106,188
1142,Electronics_Mobile Accessories_1142,2025-09-01,1423.2400312423706,2491.920009613037,-1068.6799783706665,-42.89,91,184
1189,Electronics_Batteries_1189,2025-09-01,7565.0297927856445,13247.286053466794,-5682.25626068115,-42.89,97,190
1170,Dairy_Yogurt_1170,2024-02-01,3230.669973564147,5656.629953193665,-2425.959979629518,-42.89,180,315
1127,Grocery_Rice_1127,2023-09-01,1675.260025024414,2932.5980361938473,-1257.3380111694332,-42.87,82,181
1014,Dairy_Butter_1014,2025-09-01,649.8899936676025,1137.5100131988522,-487.6200195312497,-42.87,83,165
1147,Snacks_Crackers_1147,2025-10-01,1244.3999862670898,2177.699975967407,-933.2999897003174,-42.86,60,105
1158,Snacks_Crackers_1158,2024-10-01,378.0399990081787,661.5699982643127,-283.52999925613403,-42.86,52,91
1126,Beverages_Soft Drinks_1126,2022-03-01,2004.6000595092773,3506.027594566345,-1501.4275350570679,-42.82,78,185
1102,Snacks_Biscuits_1102,2022-09-01,1895.5200805664062,3314.5260040283206,-1419.0059234619143,-42.81,88,174
1047,Household_Detergent_1047,2024-09-01,2672.1400451660156,4672.000030517578,-1999.8599853515625,-42.81,74,148
1192,Dairy_Milk_1192,2022-03-01,1406.0799560546875,2458.009925842285,-1051.9299697875977,-42.80,64,139
1145,Household_Trash Bags_1145,2025-09-01,997.0200033187866,1742.670043945313,-745.6500406265263,-42.79,87,173
1156,Personal Care_Soap_1156,2025-04-01,2953.6500663757324,5161.5900850296,-2207.940018653868,-42.78,87,226
1098,Electronics_Mobile Accessories_1098,2022-09-01,9628.28988647461,16828.12797088623,-7199.838084411622,-42.78,93,188
1131,Snacks_Crackers_1131,2023-09-01,1760.249948501587,3075.8640197753907,-1315.6140712738038,-42.77,75,171
1042,Grocery_Canned Goods_1042,2025-04-01,4242.60114364624,7413.439177703858,-3170.8380340576177,-42.77,95,236
1200,Beverages_Juices_1200,2021-09-01,689.0799789428711,1203.9499616622923,-514.8699827194212,-42.77,92,175
1065,Electronics_Chargers_1065,2025-09-01,15293.380157470703,26708.555400085446,-11415.175242614743,-42.74,86,169
1162,Dairy_Yogurt_1162,2022-09-01,2270.3999671936035,3965.015993690491,-1694.6160264968876,-42.74,86,169
1151,Electronics_Cables_1151,2024-09-01,13702.07958984375,23924.678253173828,-10222.598663330078,-42.73,96,187
1079,Beverages_Juices_1079,2025-04-01,459.6279849767685,801.9959917783738,-342.36800680160525,-42.69,94,219
1112,Household_Paper Products_1112,2023-02-01,1465.919981956482,2556.4169731140137,-1090.4969911575317,-42.66,169,291
1113,Dairy_Cheese_1113,2022-03-01,2174.9400787353516,3792.1724982261658,-1617.2324194908142,-42.65,86,209
1024,Grocery_Canned Goods_1024,2025-09-01,782.3099966049194,1363.5959840774535,-581.2859874725341,-42.63,89,173
1004,Beverages_Juices_1004,2025-03-01,3163.628073120117,5513.185034084318,-2349.5569609642016,-42.62,205,274
1030,Dairy_Cream_1030,2021-09-01,1873.4000778198242,3263.696059417724,-1390.2959815978998,-42.60,85,172
1023,Personal Care_Toothpaste_1023,2023-09-01,4439.859977722168,7731.783969116212,-3291.9239913940437,-42.58,73,166
1189,Electronics_Batteries_1189,2023-09-01,5771.259841918945,10051.16382751465,-4279.903985595705,-42.58,74,171
1010,Grocery_Rice_1010,2023-09-01,1527.9900283813477,2660.0160575866694,-1132.0260292053217,-42.56,93,199
1080,Snacks_Chips_1080,2025-09-01,1757.75,3060.234056854248,-1302.4840568542481,-42.56,79,155
1034,Household_Cleaning Supplies_1034,2021-03-01,5237.960124969482,9115.528147125244,-3877.5680221557614,-42.54,91,185
1117,Snacks_Crackers_1117,2022-03-01,894.5999622344971,1556.1199703216553,-661.5200080871582,-42.51,90,216
1147,Snacks_Crackers_1147,2024-04-01,2330.7144640922547,4053.046398830415,-1722.3319347381603,-42.49,122,224
1110,Grocery_Canned Goods_1110,2024-09-01,1564.8499870300293,2720.3479629516596,-1155.4979759216303,-42.48,85,166
1180,Grocery_Spices_1180,2023-02-01,1010.0159645080566,1755.9359436035156,-745.919979095459,-42.48,138,249
1034,Household_Cleaning Supplies_1034,2022-09-01,5525.7601318359375,9604.580000686645,-4078.8198688507073,-42.47,96,191
1147,Snacks_Crackers_1147,2021-09-01,1306.6199855804443,2270.720997047424,-964.1010114669798,-42.46,63,126
1176,Snacks_Chocolates_1176,2023-03-01,640.5099964141846,1112.0164882898325,-471.50649187564795,-42.40,110,193
1194,Dairy_Butter_1194,2023-09-01,731.8800086975098,1270.4899950027466,-538.6099863052368,-42.39,76,164
1003,Household_Cleaning Supplies_1003,2024-09-01,948,1645.5600125312808,-697.5600125312808,-42.39,79,151
1096,Electronics_Mobile Accessories_1096,2023-09-01,9403.07007598877,16318.073753356934,-6915.003677368164,-42.38,83,193
1133,Electronics_Mobile Accessories_1133,2023-09-01,3114.1998596191406,5403.813848876954,-2289.613989257813,-42.37,92,196
1029,Grocery_Canned Goods_1029,2021-03-01,2510.9999656677246,4356.96390285492,-1845.9639371871954,-42.37,90,190
1048,Snacks_Biscuits_1048,2023-03-01,1524.6799980163576,2645.0599842071533,-1120.3799861907958,-42.36,120,224
1040,Electronics_Mobile Accessories_1040,2023-11-01,5175.000020980835,8976.080032348633,-3801.080011367798,-42.35,64,106
1149,Electronics_Chargers_1149,2025-04-01,10045.194178771973,17423.553385162348,-7378.359206390374,-42.35,98,234
1152,Personal Care_Toothpaste_1152,2021-06-01,4800.6598777771,8324.094829177857,-3523.434951400757,-42.33,89,188
1036,Electronics_Mobile Accessories_1036,2022-10-01,6353.080238342285,11006.040412902832,-4652.960174560547,-42.28,71,123
1192,Dairy_Milk_1192,2025-09-01,1779.5699443817139,3082.962014007567,-1303.3920696258533,-42.28,81,162
1144,Household_Detergent_1144,2021-03-01,1605.060004234314,2777.658497190476,-1172.5984929561619,-42.22,111,239
1155,Electronics_Mobile Accessories_1155,2024-09-01,2127.839921951294,3681.420955657959,-1553.581033706665,-42.20,93,182
1186,Dairy_Yogurt_1186,2021-09-01,436.8000030517578,754.6919904708863,-317.89198741912844,-42.12,80,155
1136,Personal Care_Shampoo_1136,2022-03-01,5004.0700759887695,8640.545181274414,-3636.4751052856445,-42.09,83,198
1022,Household_Cleaning Supplies_1022,2024-09-01,5098.259971618652,8797.707992553711,-3699.4480209350586,-42.05,93,181
1056,Snacks_Nuts_1056,2022-09-01,430.560001373291,743.0360100746154,-312.4760087013244,-42.05,72,141
1137,Snacks_Nuts_1137,2021-06-01,725.7599773406982,1252.1159716129305,-526.3559942722322,-42.04,108,232
1124,Dairy_Cheese_1124,2024-09-01,2054.9400730133057,3543.4540685653683,-1488.5139955520626,-42.01,87,173
1009,Electronics_Batteries_1009,2022-09-01,8094.549728393555,13959.491857910152,-5864.942129516598,-42.01,89,174
1058,Personal Care_Soap_1058,2023-09-01,3064.759979248047,5284.298081970215,-2219.5381027221683,-42.00,68,150
1073,Electronics_Chargers_1073,2022-03-01,9389.639785766602,16183.04972076416,-6793.409934997559,-41.98,78,197
1155,Electronics_Mobile Accessories_1155,2025-10-01,1075.3599605560303,1853.2799320220947,-777.9199714660645,-41.98,47,81
1111,Snacks_Nuts_1111,2022-03-01,1029.9200344085693,1774.885042667389,-744.9650082588196,-41.97,82,182
1198,Dairy_Cheese_1198,2025-03-01,2371.7459518432615,4085.5740268707277,-1713.8280750274662,-41.95,141,186
1070,Grocery_Canned Goods_1070,2023-02-01,5565.75001525879,9585.696910095217,-4019.9468948364274,-41.94,168,268
1141,Beverages_Coffee_1141,2022-03-01,667.5499849319458,1149.3799953460693,-481.83001041412354,-41.92,79,178
1161,Electronics_Batteries_1161,2023-03-01,8438.008160400388,14523.65852890015,-6085.650368499762,-41.90,119,214
1184,Snacks_Chocolates_1184,2025-02-01,3190.5449169158937,5490.637359809874,-2300.0924428939807,-41.89,174,298
1164,Electronics_Cables_1164,2023-09-01,12755.600357055664,21947.352685546874,-9191.75232849121,-41.88,65,141
1060,Household_Detergent_1060,2021-09-01,2874.3199768066406,4939.400024414062,-2065.080047607421,-41.81,76,142
1055,Dairy_Butter_1055,2022-03-01,935.7600288391113,1608.1099932193756,-672.3499643802643,-41.81,84,199
1059,Electronics_Cables_1059,2025-09-01,1910.6999588012695,3282.8580230712887,-1372.1580642700192,-41.80,90,174
1113,Dairy_Cheese_1113,2025-09-01,2073.780075073242,3563.280080795288,-1489.500005722046,-41.80,82,158
1180,Grocery_Spices_1180,2022-09-01,705.599967956543,1211.9519676208495,-506.3519996643065,-41.78,84,161
1114,Electronics_Batteries_1114,2024-11-01,10117.62388305664,17375.879791259766,-7258.255908203126,-41.77,71,114
1127,Grocery_Rice_1127,2025-02-01,2691.949585056304,4621.981641483306,-1930.0320564270019,-41.76,157,267
1167,Grocery_Rice_1167,2021-06-01,4812.350166320801,8262.717245483398,-3450.3670791625973,-41.76,109,229
1195,Snacks_Chocolates_1195,2023-09-01,1652.6800060272217,2837.039989471435,-1184.3599834442134,-41.75,79,168
1147,Snacks_Crackers_1147,2022-09-01,1700.6799812316895,2919.7079921722407,-1219.0280109405512,-41.75,82,159
1051,Electronics_Cables_1051,2024-10-01,4280.999908447266,7349.049842834473,-3068.049934387207,-41.75,60,103
1034,Household_Cleaning Supplies_1034,2023-03-01,5389.960089874267,9250.300132751465,-3860.3400428771974,-41.73,103,194
1187,Personal Care_Skincare_1187,2023-09-01,5922.049873352051,10163.094078063965,-4241.044204711914,-41.73,83,186
1168,Snacks_Chips_1168,2025-09-01,1720.8000755310059,2951.9219821929937,-1231.1219066619879,-41.71,90,173
1124,Dairy_Cheese_1124,2022-09-01,2054.9400730133057,3524.9620859146125,-1470.0220129013069,-41.70,87,165
1198,Dairy_Cheese_1198,2022-09-01,2824.18998336792,4841.915952301027,-2017.7259689331067,-41.67,109,211
1131,Snacks_Crackers_1131,2023-03-01,2100.197970199585,3599.6500457763664,-1499.4520755767812,-41.66,101,190
1106,Snacks_Chocolates_1106,2022-03-01,1003.919976234436,1720.9049851894379,-716.9850089550018,-41.66,89,216
1158,Snacks_Crackers_1158,2023-09-01,661.5699982643127,1133.7880086898804,-472.2180104255676,-41.65,91,184
1123,Beverages_Water_1123,2022-03-01,893.6199722290039,1530.859984755516,-637.2400125265121,-41.63,91,208
1154,Household_Cleaning Supplies_1154,2025-09-01,1747.900037765503,2994.0600537300115,-1246.1600159645086,-41.62,110,208
1085,Personal Care_Skincare_1085,2025-09-01,2449.9599227905273,4192.3158729553215,-1742.3559501647942,-41.56,92,173
1055,Dairy_Butter_1055,2024-03-01,1393.3595416545868,2383.7395713329315,-990.3800296783447,-41.55,142,242
1063,Snacks_Chocolates_1063,2024-03-01,1589.9409577369693,2720.2729321479796,-1130.3319744110104,-41.55,113,196
1130,Snacks_Nuts_1130,2025-04-01,1422.800049686432,2433.9200694084175,-1011.1200197219855,-41.54,90,202
1167,Grocery_Rice_1167,2025-04-01,4184.460122299194,7157.56010837555,-2973.099986076356,-41.54,106,232
1015,Dairy_Cream_1015,2022-02-01,2948.877483844757,5043.054951667786,-2094.1774678230286,-41.53,152,248
1029,Grocery_Canned Goods_1029,2025-02-01,4161.663905525205,7113.6078460693325,-2951.943940544127,-41.50,183,306
1157,Household_Cleaning Supplies_1157,2021-09-01,1345.9600105285645,2300.7020154953007,-954.7420049667362,-41.50,92,177
1148,Household_Cleaning Supplies_1148,2022-03-01,4824.900054931641,8246.107473373413,-3421.2074184417725,-41.49,90,205
1045,Electronics_Cables_1045,2023-09-01,13132.530624389648,22430.006631469725,-9297.476007080077,-41.45,93,206
1192,Dairy_Milk_1192,2024-09-01,2153.0599327087402,3675.06699066162,-1522.0070579528797,-41.41,98,188
1191,Dairy_Butter_1191,2021-03-01,1108.7999572753906,1892.5069785118103,-783.7070212364197,-41.41,112,233
1088,Household_Cleaning Supplies_1088,2023-03-01,2330.191994476318,3975.6944609642023,-1645.5024664878842,-41.39,122,222
1114,Electronics_Batteries_1114,2024-09-01,13108.119842529297,22363.263159179693,-9255.143316650396,-41.39,86,168
1086,Grocery_Rice_1086,2024-04-01,1391.1400330543518,2373.020056247711,-981.8800231933594,-41.38,104,177
1109,Electronics_Batteries_1109,2024-09-01,3202.3199462890625,5462.039962768556,-2259.720016479493,-41.37,88,171
1053,Snacks_Crackers_1053,2024-03-01,1594.1649453163152,2718.479904556274,-1124.3149592399589,-41.36,151,270
1061,Personal Care_Skincare_1061,2024-09-01,4467.05997467041,7616.1958866119385,-3149.1359119415283,-41.35,83,155
1005,Household_Paper Products_1005,2021-03-01,1823.1000785827637,3108.416047048569,-1285.3159684658053,-41.35,103,217
1168,Snacks_Chips_1168,2022-11-01,1435.354061126709,2447.360107421875,-1012.006046295166,-41.35,82,128
1158,Snacks_Crackers_1158,2025-04-01,559.5019989967346,953.2670136451721,-393.7650146484375,-41.31,79,202
1069,Grocery_Spices_1069,2021-03-01,4787.499904632568,8155.848091888428,-3368.3481872558596,-41.30,125,254
1061,Personal Care_Skincare_1061,2021-09-01,4628.519973754883,7883.171869277954,-3254.6518955230713,-41.29,86,163
1170,Dairy_Yogurt_1170,2022-09-01,1384.4999504089355,2357.057974624634,-972.5580242156984,-41.26,65,127
1098,Electronics_Mobile Accessories_1098,2023-03-01,11851.93189086914,20175.08988647461,-8323.157995605468,-41.25,135,234
1150,Electronics_Batteries_1150,2021-03-01,15444.239929199219,26285.61522445679,-10841.37529525757,-41.24,116,236
1200,Beverages_Juices_1200,2023-05-01,719.0399780273438,1223.13995885849,-504.09998083114624,-41.21,96,202
1057,Beverages_Tea_1057,2021-09-01,2209.0800437927246,3756.615029907226,-1547.5349861145014,-41.19,82,159
1176,Snacks_Chocolates_1176,2023-05-01,519.0799942016602,882.4759964942932,-363.39600229263306,-41.18,76,172
1171,Personal Care_Toothpaste_1171,2025-04-01,3058.1688760757447,5198.003891372681,-2139.8350152969365,-41.17,79,189
1077,Household_Cleaning Supplies_1077,2024-03-01,5816.3628437042225,9886.51972198486,-4070.156878280637,-41.17,148,241
1066,Household_Cleaning Supplies_1066,2021-09-01,4032.179901123047,6852.559857940675,-2820.379956817628,-41.16,81,154
1015,Dairy_Cream_1015,2025-04-01,2630.521919631958,4470.9398918151865,-1840.4179721832284,-41.16,99,226
1091,Dairy_Butter_1091,2021-09-01,655.4999828338623,1114.1089793205263,-458.60899648666395,-41.16,75,147
1113,Dairy_Cheese_1113,2024-11-01,1726.4880623817444,2933.640106201172,-1207.1520438194275,-41.15,70,116
1013,Grocery_Cereals_1013,2021-06-01,3848.0401153564453,6537.35012140274,-2689.310006046295,-41.14,108,213
1169,Beverages_Soft Drinks_1169,2023-03-01,661.3500137329102,1123.6609879255295,-462.31097419261937,-41.14,114,228
1058,Personal Care_Soap_1058,2021-09-01,4146.439971923828,7043.696113967893,-2897.256142044065,-41.13,92,177
1045,Electronics_Cables_1045,2022-03-01,13697.370651245117,23264.550994873047,-9567.18034362793,-41.12,97,212
1176,Snacks_Chocolates_1176,2025-04-01,538.8799958229065,915.1840172290804,-376.3040214061739,-41.12,84,210
1121,Grocery_Rice_1121,2024-03-01,2995.4449648857117,5086.094974994659,-2090.6500101089478,-41.11,107,192
1107,Electronics_Mobile Accessories_1107,2024-03-01,19626.09736785889,33329.15235137941,-13703.05498352052,-41.11,144,242
1012,Beverages_Juices_1012,2021-09-01,1240.800033569336,2106.2579896926877,-865.4579561233518,-41.09,88,168
1100,Electronics_Mobile Accessories_1100,2022-03-01,1566.0599212646484,2657.774920463562,-1091.7149991989136,-41.08,86,205
1110,Grocery_Canned Goods_1110,2023-02-01,2538.0674603462226,4306.954928779603,-1768.88746843338,-41.07,162,280
1043,Electronics_Batteries_1043,2022-05-01,1867.2250576019287,3164.447575569153,-1297.2225179672241,-40.99,84,173
1114,Electronics_Batteries_1114,2023-09-01,13412.959838867188,22723.084030151367,-9310.12419128418,-40.97,88,184
1186,Dairy_Yogurt_1186,2023-09-01,464.1000032424927,786.2039922714234,-322.10398902893076,-40.97,85,185
1043,Electronics_Batteries_1043,2021-09-01,1829.1000595092773,3098.260074996948,-1269.1600154876705,-40.96,78,150
1012,Beverages_Juices_1012,2023-09-01,1142.1000308990479,1933.3920028686523,-791.2919719696044,-40.93,81,176
1114,Electronics_Batteries_1114,2025-06-01,12965.259851455688,21948.479736328125,-8983.219884872437,-40.93,89,144
1109,Electronics_Batteries_1109,2022-03-01,2620.0799560546875,4432.537546157837,-1812.4575901031494,-40.89,72,173
1014,Dairy_Butter_1014,2024-04-01,683.1349916458131,1155.4109827041627,-472.27599105834963,-40.88,96,170
1094,Grocery_Rice_1094,2024-09-01,2162,3656.1299594879156,-1494.1299594879156,-40.87,92,178
1196,Grocery_Pasta_1196,2021-06-01,3473.0400619506836,5873.615008926392,-2400.5749469757084,-40.87,116,242
1020,Beverages_Juices_1020,2021-06-01,1245.0000047683716,2103.3719928741457,-858.3719881057741,-40.81,125,247
1144,Household_Detergent_1144,2022-03-01,1315.8600034713745,2222.7000188827515,-906.840015411377,-40.80,91,215
1158,Snacks_Crackers_1158,2023-03-01,687.6240062713623,1161.1139787197112,-473.4899724483489,-40.78,114,198
1135,Household_Trash Bags_1135,2022-03-01,3938.22013092041,6649.1774644851685,-2710.9573335647583,-40.77,78,196
1092,Household_Detergent_1092,2023-03-01,2398.3700244903566,4049.0199661254883,-1650.6499416351317,-40.77,93,170
1185,Personal Care_Toothpaste_1185,2024-04-01,6873.926933288574,11605.51486968994,-4731.587936401365,-40.77,99,168
1017,Household_Paper Products_1017,2025-09-01,3631.3199615478516,6130.229953765869,-2498.9099922180176,-40.76,84,157
1060,Household_Detergent_1060,2025-02-01,5193.24262046814,8765.862676620483,-3572.6200561523438,-40.76,167,277
1036,Electronics_Mobile Accessories_1036,2022-11-01,3764.4081230163574,6353.080238342285,-2588.6721153259277,-40.75,49,71
1095,Snacks_Chocolates_1095,2025-04-01,1902.4480081558227,3211.1520318031303,-1308.7040236473076,-40.75,94,204
1048,Snacks_Biscuits_1048,2022-03-01,1317.6499891281128,2223.2399468421936,-905.5899577140808,-40.73,95,229
1072,Electronics_Chargers_1072,2025-09-01,22158.179489135742,37373.080911254874,-15214.901422119132,-40.71,93,177
1150,Electronics_Batteries_1150,2023-09-01,11450.039947509766,19305.14012145996,-7855.100173950195,-40.69,86,181
1065,Electronics_Chargers_1065,2023-11-01,11393.572079467775,19205.640197753906,-7812.068118286132,-40.68,71,108
1053,Snacks_Crackers_1053,2025-10-01,664.0499782562256,1118.3999633789062,-454.34998512268066,-40.63,57,96
1042,Grocery_Canned Goods_1042,2023-03-01,2819.7200469970703,4747.824027061462,-1928.103980064392,-40.61,70,136
1126,Beverages_Soft Drinks_1126,2021-06-01,2570.0000762939453,4326.55159740448,-1756.5515211105348,-40.60,100,206
1191,Dairy_Butter_1191,2025-03-01,1378.5749552249908,2320.6029715538025,-942.0280163288116,-40.59,203,284
1060,Household_Detergent_1060,2021-03-01,4727.499961853027,7952.380142211914,-3224.8801803588867,-40.55,125,248
1048,Snacks_Biscuits_1048,2024-08-01,1796.27594909668,3020.235931015014,-1223.959981918334,-40.53,151,244
1115,Household_Paper Products_1115,2025-03-01,6229.4001647949235,10473.10214767456,-4243.701982879636,-40.52,198,289
1195,Snacks_Chocolates_1195,2024-02-01,2880.406064414977,4842.418094825744,-1962.0120304107672,-40.52,166,272
1179,Household_Cleaning Supplies_1179,2024-09-01,2970.5200157165527,4994.423897552491,-2023.9038818359386,-40.52,103,199
1046,Household_Paper Products_1046,2024-03-01,5987.9678710937515,10065.40878791809,-4077.4409168243383,-40.51,119,206
1008,Personal Care_Shampoo_1008,2023-03-01,4174.219974517821,7015.022240829467,-2840.8022663116453,-40.50,113,196
1152,Personal Care_Toothpaste_1152,2022-03-01,5124.2998695373535,8607.344793319702,-3483.0449237823486,-40.47,95,223
1127,Grocery_Rice_1127,2023-03-01,2054.3480285644528,3450.433612155914,-1396.0855835914613,-40.46,111,203
1187,Personal Care_Skincare_1187,2023-03-01,6775.395889282227,11378.379977416991,-4602.9840881347645,-40.45,100,185
1108,Dairy_Butter_1108,2023-02-01,5402.91484451294,9071.417697143555,-3668.502852630615,-40.44,161,279
1166,Grocery_Spices_1166,2024-11-01,3380.153985214233,5671.799964904785,-2291.645979690552,-40.40,72,115
1020,Beverages_Juices_1020,2024-09-01,846.6000032424927,1419.6720058441163,-573.0720026016236,-40.37,85,165
1064,Snacks_Biscuits_1064,2025-04-01,1343.6800231933594,2251.8700308799744,-908.190007686615,-40.33,76,186
1076,Snacks_Chocolates_1076,2021-03-01,2443.78000831604,4094.974965572357,-1651.1949572563171,-40.32,109,209
1078,Electronics_Cables_1078,2023-09-01,15097.319641113281,25298.52554626465,-10201.205905151368,-40.32,84,171
1093,Snacks_Chips_1093,2025-04-01,673.3090028762817,1127.8330144882202,-454.5240116119385,-40.30,91,203
1024,Grocery_Canned Goods_1024,2025-04-01,750.73499751091,1255.8600039482117,-505.12500643730164,-40.22,90,199
1189,Electronics_Batteries_1189,2021-06-01,7643.019790649414,12783.79631099701,-5140.776520347596,-40.21,98,194
1143,Dairy_Cheese_1143,2022-06-01,1617.7399139404297,2705.2473669052124,-1087.5074529647827,-40.20,94,169
1081,Snacks_Nuts_1081,2021-06-01,1056.3000440597534,1765.9850539684298,-709.6850099086764,-40.19,105,211
1016,Grocery_Rice_1016,2021-09-01,1924.560052871704,3215.340045928955,-1290.779993057251,-40.14,99,184
1007,Personal Care_Shampoo_1007,2021-09-01,5717.10018157959,9550.560020446781,-3833.459838867191,-40.14,85,161
1083,Dairy_Cheese_1083,2021-09-01,1152.0400094985962,1924.546983909607,-772.5069744110108,-40.14,83,159
1069,Grocery_Spices_1069,2021-06-01,3715.099925994873,6203.5958687782295,-2488.4959427833564,-40.11,97,202
1041,Snacks_Nuts_1041,2022-03-01,1486.0800247192383,2481.0999794006348,-995.0199546813965,-40.10,108,256
1158,Snacks_Crackers_1158,2022-05-01,724.6924955844879,1209.762480020523,-485.06998443603516,-40.10,108,222
1167,Grocery_Rice_1167,2024-09-01,3973.5001373291016,6633.564257812502,-2660.0641204834,-40.10,90,170
1017,Household_Paper Products_1017,2025-04-01,3890.6999588012695,6494.353980064392,-2603.6540212631226,-40.09,90,215
1112,Household_Paper Products_1112,2024-04-01,843.7710023880005,1408.247986793518,-564.4769844055176,-40.08,92,159
1021,Grocery_Canned Goods_1021,2025-09-01,2508.2099933624268,4184.985074996948,-1676.7750816345215,-40.07,87,167
1002,Dairy_Cream_1002,2023-03-01,1419.56995010376,2367.370476055145,-947.800525951385,-40.04,116,211
1038,Electronics_Cables_1038,2021-06-01,9530.8798828125,15894.940797042847,-6364.060914230347,-40.04,96,189
1006,Beverages_Coffee_1006,2025-04-01,1154.3429895401,1924.645982933044,-770.302993392944,-40.02,93,227
1111,Snacks_Nuts_1111,2025-10-01,678.2400226593018,1130.400037765503,-452.1600151062012,-40.00,54,90
1086,Grocery_Rice_1086,2021-10-01,722.8800201416016,1204.800033569336,-481.9200134277344,-40.00,48,80
1077,Household_Cleaning Supplies_1077,2025-06-01,5227.07483959198,8710.79972076416,-3483.72488117218,-39.99,112,183
1101,Snacks_Crackers_1101,2023-09-01,1968.6800060272217,3279.8400535583496,-1311.160047531128,-39.98,79,173
1158,Snacks_Crackers_1158,2022-03-01,726.9999980926514,1211.1049785614014,-484.10498046875,-39.97,100,227
1180,Grocery_Spices_1180,2023-11-01,549.7799787521362,915.5999584197998,-365.8199796676636,-39.95,77,109
1105,Beverages_Water_1105,2022-09-01,1363.2000732421875,2269.0440650939936,-905.8439918518061,-39.92,80,151
1074,Personal Care_Skincare_1074,2024-09-01,4950.92985534668,8235.869993591308,-3284.9401382446285,-39.89,79,147
1132,Dairy_Butter_1132,2023-02-01,4978.015862083435,8278.66377105713,-3300.647908973695,-39.87,167,278
1042,Grocery_Canned Goods_1042,2023-09-01,3636.9001235961914,6045.3359588623025,-2408.435835266111,-39.84,81,171
1051,Electronics_Cables_1051,2021-06-01,7563.099838256836,12569.218725204468,-5006.118886947632,-39.83,106,216
1147,Snacks_Crackers_1147,2025-04-01,2032.51997756958,3377.328034973144,-1344.808057403564,-39.82,98,248
1111,Snacks_Nuts_1111,2023-09-01,1142.9600381851196,1899.2800483703616,-756.3200101852419,-39.82,91,198
1171,Personal Care_Toothpaste_1171,2021-06-01,3833.6398315429688,6370.503320312499,-2536.8634887695307,-39.82,92,193
1103,Dairy_Milk_1103,2022-03-01,3032.8099517822266,5033.675037384033,-2000.8650856018066,-39.75,79,181
1040,Electronics_Mobile Accessories_1040,2021-03-01,9907.560035705566,16440.406380462642,-6532.846344757076,-39.74,117,228
1037,Electronics_Cables_1037,2025-04-01,14901.670593261719,24708.810607910156,-9807.140014648438,-39.69,86,196
1160,Snacks_Nuts_1160,2023-03-01,682.3719882011413,1131.5099859237666,-449.1379977226253,-39.69,127,222
1051,Electronics_Cables_1051,2025-09-01,5779.349876403809,9580.465951538086,-3801.1160751342777,-39.68,81,147
1032,Snacks_Chocolates_1032,2023-05-01,1394.719985961914,2311.6334945201866,-916.9135085582725,-39.67,92,192
1102,Snacks_Biscuits_1102,2021-06-01,1873.980079650879,3103.9400701522827,-1229.9599905014038,-39.63,87,184
1119,Grocery_Pasta_1119,2023-03-01,3565.257991027832,5904.52195930481,-2339.2639682769777,-39.62,110,192
1182,Beverages_Tea_1182,2025-04-01,1261.8000411987305,2089.847078037262,-828.0470368385313,-39.62,90,221
1099,Personal Care_Toothpaste_1099,2021-03-01,5881.120018005371,9736.98009109497,-3855.8600730895996,-39.60,118,237
1027,Snacks_Chips_1027,2023-10-01,508.2000160217285,840.950026512146,-332.7500104904175,-39.57,84,139
1027,Snacks_Chips_1027,2022-03-01,562.6500177383423,930.8150112628937,-368.1649935245514,-39.55,93,212
1042,Grocery_Canned Goods_1042,2025-09-01,3726.700126647949,6161.627095413205,-2434.926968765256,-39.52,83,153
1083,Dairy_Cheese_1083,2021-11-01,999.0880084991454,1651.7200136184692,-652.6320051193238,-39.51,73,119
1145,Household_Trash Bags_1145,2024-09-01,1077.2400035858154,1780.8570416450495,-703.6170380592341,-39.51,94,175
1170,Dairy_Yogurt_1170,2023-09-01,1938.2999305725098,3203.520050048828,-1265.2201194763184,-39.49,91,199
1089,Electronics_Mobile Accessories_1089,2022-03-01,5144.099761962891,8499.159687042236,-3355.0599250793457,-39.48,78,163
1098,Electronics_Mobile Accessories_1098,2024-09-01,9007.109893798828,14878.541939544675,-5871.432045745847,-39.46,87,161
1119,Grocery_Pasta_1119,2024-06-01,3493.74997253418,5771.199951171875,-2277.449978637695,-39.46,104,160
1125,Personal Care_Toothpaste_1125,2023-09-01,1753.049955368042,2895.815963745117,-1142.7660083770752,-39.46,65,143
1173,Electronics_Batteries_1173,2024-08-01,16169.73014831543,26710.782257080078,-10541.052108764648,-39.46,115,184
1021,Grocery_Canned Goods_1021,2021-06-01,3603.749990463257,5951.926012229919,-2348.1760217666624,-39.45,125,238
1030,Dairy_Cream_1030,2024-04-01,2068.9435445785525,3416.44504737854,-1347.5015027999875,-39.44,105,180
1108,Dairy_Butter_1108,2025-04-01,4321.239971160889,7131.943996810913,-2810.704025650024,-39.41,115,238
1120,Grocery_Cereals_1120,2025-04-01,3342.7539001464843,5516.313775634767,-2173.5598754882826,-39.40,73,181
1163,Household_Paper Products_1163,2025-02-01,5667.628016090393,9353.258027648928,-3685.6300115585345,-39.40,181,299
1024,Grocery_Canned Goods_1024,2022-08-01,1127.4329879760742,1860.5084796905517,-733.0754917144775,-39.40,141,241
1074,Personal Care_Skincare_1074,2022-06-01,5076.26985168457,8374.229782104492,-3297.959930419922,-39.38,81,145
1040,Electronics_Mobile Accessories_1040,2022-09-01,7790.560028076172,12846.63894882202,-5056.078920745847,-39.36,92,169
1125,Personal Care_Toothpaste_1125,2022-08-01,3097.0619831085205,5103.526494026184,-2006.4645109176636,-39.32,127,214
1170,Dairy_Yogurt_1170,2024-09-01,2215.199920654297,3650.3939365386964,-1435.1940158843995,-39.32,104,190
1186,Dairy_Yogurt_1186,2025-09-01,556.9200038909912,917.6639835357664,-360.7439796447752,-39.31,102,194
1099,Personal Care_Toothpaste_1099,2024-09-01,3987.2000122070312,6567.264060974121,-2580.06404876709,-39.29,80,150
1020,Beverages_Juices_1020,2023-03-01,784.0879985809327,1291.5125238895416,-507.42452530860896,-39.29,87,156
1098,Electronics_Mobile Accessories_1098,2024-12-01,6673.276927947998,10985.812376022339,-4312.535448074341,-39.26,67,109
1008,Personal Care_Shampoo_1008,2021-09-01,3998.5398750305176,6582.499828338623,-2583.9599533081055,-39.25,91,165
1168,Snacks_Chips_1168,2024-11-01,1138.3170490264893,1873.760082244873,-735.4430332183838,-39.25,63,98
1076,Snacks_Chocolates_1076,2022-03-01,1905.7000064849854,3136.409980773926,-1230.7099742889404,-39.24,85,188
1111,Snacks_Nuts_1111,2024-09-01,1155.5200386047363,1901.5900462150573,-746.070007610321,-39.23,92,171
1046,Household_Paper Products_1046,2021-10-01,3607.779914855957,5935.379859924316,-2327.5999450683594,-39.22,62,102
1037,Electronics_Cables_1037,2024-10-01,10535.630432128906,17321.29071044922,-6785.6602783203125,-39.18,59,97
1168,Snacks_Chips_1168,2023-05-01,1586.960069656372,2609.2150835037237,-1022.2550138473516,-39.18,83,166
1075,Snacks_Crackers_1075,2025-04-01,935.3679912567138,1537.6199684143062,-602.2519771575924,-39.17,72,166
1076,Snacks_Chocolates_1076,2023-03-01,2194.604023361206,3605.6559532165525,-1411.0519298553463,-39.13,113,193
1156,Personal Care_Soap_1156,2023-09-01,2749.9500617980957,4518.0660423278805,-1768.1159805297848,-39.13,81,168
1102,Snacks_Biscuits_1102,2022-11-01,1180.4400466918946,1938.600082397461,-758.1600357055663,-39.11,60,90
1002,Dairy_Cream_1002,2022-05-01,1388.4799609184265,2280.3849980831146,-891.9050371646881,-39.11,109,247
1142,Electronics_Mobile Accessories_1142,2024-06-01,1295.3300230026246,2127.0400466918945,-831.71002368927,-39.10,92,136
1083,Dairy_Cheese_1083,2025-04-01,1511.5600137710571,2481.2640369415294,-969.7040231704723,-39.08,114,243
1010,Grocery_Rice_1010,2021-06-01,1626.5700302124023,2669.6000099182124,-1043.02997970581,-39.07,99,217
1105,Beverages_Water_1105,2024-10-01,1090.56005859375,1789.200096130371,-698.6400375366211,-39.05,64,105
1066,Household_Cleaning Supplies_1066,2024-03-01,5366.080032348633,8801.509058761596,-3435.429026412963,-39.03,130,214
1184,Snacks_Chocolates_1184,2023-03-01,2832.6799926757817,4645.89741077423,-1813.217418098448,-39.03,139,237
1191,Dairy_Butter_1191,2021-06-01,1079.0999584197998,1769.9579403877258,-690.857981967926,-39.03,109,201
1115,Household_Paper Products_1115,2025-04-01,3799.3601043701174,6229.4001647949235,-2430.040060424806,-39.01,90,198
1098,Electronics_Mobile Accessories_1098,2022-05-01,10734.802408218384,17593.882539749146,-6859.080131530762,-38.99,112,229
1001,Electronics_Chargers_1001,2024-03-01,22878.260192871086,37500.06238403319,-14621.802191162104,-38.99,164,272
1022,Household_Cleaning Supplies_1022,2021-02-01,9437.299816131592,15469.419666290283,-6032.119850158691,-38.99,206,346
1005,Household_Paper Products_1005,2025-09-01,1805.4000778198242,2958.555088043213,-1153.1550102233887,-38.98,102,189
1009,Electronics_Batteries_1009,2021-09-01,7548.849746704102,12368.645823669434,-4819.796076965333,-38.97,83,151
1042,Grocery_Canned Goods_1042,2021-06-01,5118.600173950195,8387.574159240723,-3268.9739852905277,-38.97,114,211
1043,Electronics_Batteries_1043,2023-02-01,3382.450080871582,5541.499628067017,-2159.0495471954346,-38.96,172,286
1074,Personal Care_Skincare_1074,2023-02-01,9367.644914627075,15339.9693616867,-5972.3244470596255,-38.93,180,295
1079,Beverages_Juices_1079,2024-02-01,793.7149901390076,1298.8169890403742,-505.10199890136664,-38.89,179,300
1093,Snacks_Chips_1093,2023-09-01,805.9800019264221,1318.5280132293701,-512.548011302948,-38.87,101,211
1007,Personal Care_Shampoo_1007,2025-04-01,7257.340232849121,11868.484413146973,-4611.144180297852,-38.85,113,255
1168,Snacks_Chips_1168,2025-04-01,1548.3320672988891,2532.1500763893123,-983.8180090904232,-38.85,82,186
1039,Beverages_Soft Drinks_1039,2022-02-01,3275.787515640259,5353.335021972656,-2077.5475063323975,-38.81,175,281
1019,Electronics_Cables_1019,2025-03-01,20874.430238342284,34103.54821090697,-13229.117972564687,-38.79,148,189
1137,Snacks_Nuts_1137,2022-02-01,834.1199841499329,1362.479971408844,-528.3599872589111,-38.78,174,271
1190,Dairy_Milk_1190,2022-03-01,2188.0800247192383,3572.6799976825714,-1384.5999729633331,-38.76,108,245
1191,Dairy_Butter_1191,2022-03-01,1019.6999607086182,1664.9249470233917,-645.2249863147736,-38.75,103,225
1147,Snacks_Crackers_1147,2025-09-01,2177.699975967407,3555.0569910049435,-1377.3570150375363,-38.74,105,194
1130,Snacks_Nuts_1130,2024-03-01,1759.290033340454,2870.399044227601,-1111.1090108871467,-38.71,121,203
1035,Electronics_Batteries_1035,2021-09-01,21102.680419921875,34424.16389465332,-13321.483474731445,-38.70,86,161
1106,Snacks_Chocolates_1106,2024-03-01,1476.7939895629886,2408.3589900970464,-931.5650005340578,-38.68,152,254
1183,Electronics_Batteries_1183,2024-09-01,12442.469375610352,20291.832916259766,-7849.363540649414,-38.68,93,172
1114,Electronics_Batteries_1114,2021-06-01,17528.29978942871,28580.959733963013,-11052.659944534302,-38.67,115,223
1154,Household_Cleaning Supplies_1154,2021-06-01,1859.1300401687622,3030.280052185059,-1171.1500120162968,-38.65,117,226
1019,Electronics_Cables_1019,2025-09-01,19914.840057373047,32454.4768814087,-12539.636824035653,-38.64,94,172
1156,Personal Care_Soap_1156,2023-02-01,5320.012116241453,8661.297188568113,-3341.2850723266592,-38.58,185,307
1189,Electronics_Batteries_1189,2024-02-01,10426.375909423825,16974.895422744747,-6548.519513320922,-38.58,157,264
1153,Electronics_Batteries_1153,2023-03-01,16470.7681640625,26791.04716644287,-10320.279002380368,-38.52,123,195
1135,Household_Trash Bags_1135,2021-09-01,4746.060157775879,7718.291926956177,-2972.231769180298,-38.51,94,177
1121,Grocery_Rice_1121,2025-04-01,2720.999931335449,4425.279907226563,-1704.2799758911142,-38.51,93,200
1038,Electronics_Cables_1038,2023-07-01,9169.18381958008,14911.839813232422,-5742.655993652343,-38.51,128,152
1007,Personal Care_Shampoo_1007,2024-02-01,10457.796879577638,17004.544068908694,-6546.747189331056,-38.50,196,295
1077,Household_Cleaning Supplies_1077,2023-03-01,4954.207894897462,8054.276789474486,-3100.0688945770235,-38.49,112,210
1023,Personal Care_Toothpaste_1023,2021-10-01,3892.47998046875,6325.279968261719,-2432.7999877929688,-38.46,64,104
1133,Electronics_Mobile Accessories_1133,2022-09-01,3215.749855041504,5225.770812034607,-2010.020956993103,-38.46,95,169
1189,Electronics_Batteries_1189,2022-06-01,7487.039794921875,12166.409706115723,-4679.369911193848,-38.46,96,163
1169,Beverages_Soft Drinks_1169,2024-11-01,460.95601139068606,749.0700187683105,-288.1140073776245,-38.46,78,123
1003,Household_Cleaning Supplies_1003,2023-03-01,1299.360008239746,2111.159976005554,-811.7999677658081,-38.45,118,217
1148,Household_Cleaning Supplies_1148,2025-08-01,6856.245043945313,11135.970071411133,-4279.72502746582,-38.43,141,229
1104,Grocery_Pasta_1104,2023-09-01,1858.560073852539,3018.0000213623043,-1159.4399475097653,-38.42,88,185
1092,Household_Detergent_1092,2022-09-01,3410.9900646209717,5539.200153350829,-2128.2100887298575,-38.42,121,225
1023,Personal Care_Toothpaste_1023,2022-03-01,5230.519973754883,8492.389890670776,-3261.8699169158936,-38.41,86,186
1005,Household_Paper Products_1005,2023-03-01,1461.3120452880858,2371.8480602264403,-910.5360149383546,-38.39,93,154
1064,Snacks_Biscuits_1064,2021-09-01,1555.8400268554688,2524.6990047454833,-968.8589778900146,-38.38,88,162
1193,Beverages_Tea_1193,2021-04-01,914.4799838066101,1484.0899877548218,-569.6100039482117,-38.38,83,107
1191,Dairy_Butter_1191,2023-03-01,946.4399757385254,1534.9089875221252,-588.4690117835999,-38.34,110,193
1051,Electronics_Cables_1051,2021-03-01,7277.699844360352,11802.75749473572,-4525.057650375369,-38.34,102,194
1080,Snacks_Chips_1080,2024-02-01,3545.628985214233,5747.333479118346,-2201.704493904113,-38.31,191,303
1036,Electronics_Mobile Accessories_1036,2024-02-01,12505.716897583006,20271.760990905757,-7766.044093322751,-38.31,175,274
1167,Grocery_Rice_1167,2022-03-01,4150.100143432617,6727.195198059082,-2577.095054626465,-38.31,94,190
1165,Personal Care_Skincare_1165,2022-09-01,1729.9999237060547,2804.502921295166,-1074.5029975891111,-38.31,100,187
1182,Beverages_Tea_1182,2024-03-01,1350.156029987335,2188.6400408744807,-838.4840108871458,-38.31,111,188
1073,Electronics_Chargers_1073,2022-11-01,8467.25732421875,13723.319686889648,-5256.062362670898,-38.30,79,114
1155,Electronics_Mobile Accessories_1155,2021-06-01,2196.4799194335938,3559.669888496399,-1363.1899690628052,-38.30,96,187
1109,Electronics_Batteries_1109,2022-06-01,3529.8299407958984,5720.002431869507,-2190.1724910736084,-38.29,97,169
1101,Snacks_Crackers_1101,2022-09-01,1968.6800060272217,3188.3980255126953,-1219.7180194854736,-38.25,79,142
1131,Snacks_Crackers_1131,2021-09-01,2088.82993888855,3382.890051841736,-1294.060112953186,-38.25,89,166
1072,Electronics_Chargers_1072,2024-03-01,28872.893767547605,46759.61581878661,-17886.722051239005,-38.25,137,229
1026,Snacks_Biscuits_1026,2023-09-01,455.99998474121094,738.4919832229616,-282.49199848175067,-38.25,80,167
1030,Dairy_Cream_1030,2023-03-01,2337.968069458008,3786.298035430908,-1448.3299659729,-38.25,114,204
1184,Snacks_Chocolates_1184,2024-09-01,2285.819984436035,3701.3580009460447,-1415.5380165100096,-38.24,102,191
1125,Personal Care_Toothpaste_1125,2024-03-01,3605.2319452285765,5836.583939456938,-2231.351994228362,-38.23,152,260
1152,Personal Care_Toothpaste_1152,2023-02-01,7106.252296829223,11503.644660186763,-4397.39236335754,-38.23,152,256
1099,Personal Care_Toothpaste_1099,2023-09-01,4136.720012664795,6696.303902435304,-2559.583889770509,-38.22,83,179
1168,Snacks_Chips_1168,2025-02-01,3039.447561264038,4916.600109100342,-1877.1525478363037,-38.18,192,306
1177,Snacks_Chips_1177,2023-03-01,305.19199204444885,493.36550167798987,-188.17350963354102,-38.14,119,208
1004,Beverages_Juices_1004,2022-03-01,2184.1599731445312,3529.4350295066833,-1345.275056362152,-38.12,88,182
1131,Snacks_Crackers_1131,2022-06-01,2135.769937515259,3450.0599098205566,-1314.2899723052979,-38.09,91,154
1134,Household_Paper Products_1134,2024-09-01,1120.2299938201904,1809.3749789237975,-689.144985103607,-38.09,81,150
1141,Beverages_Coffee_1141,2023-02-01,1144.0669730424881,1847.7639571666712,-703.696984124183,-38.08,174,257
1098,Electronics_Mobile Accessories_1098,2021-09-01,9110.639892578125,14710.817938995362,-5600.178046417237,-38.07,88,159
1041,Snacks_Nuts_1041,2025-09-01,1376.0000228881836,2221.5760280609134,-845.5760051727298,-38.06,100,182
1003,Household_Cleaning Supplies_1003,2022-06-01,1296,2091.75,-795.75,-38.04,108,187
1063,Snacks_Chocolates_1063,2025-09-01,1362.4799423217773,2198.9199752807617,-836.4400329589844,-38.04,84,150
1153,Electronics_Batteries_1153,2021-09-01,17518.48013305664,28274.099359130865,-10755.619226074225,-38.04,109,201
1145,Household_Trash Bags_1145,2023-09-01,962.6400032043457,1553.6840089797965,-591.0440057754508,-38.04,84,173
1157,Household_Cleaning Supplies_1157,2023-03-01,1448.2900056838992,2337.0119576454163,-888.7219519615171,-38.03,108,198
1155,Electronics_Mobile Accessories_1155,2022-09-01,2082.0799236297607,3358.8309593200684,-1276.7510356903076,-38.01,91,166
1076,Snacks_Chocolates_1076,2024-04-01,1833.2089905738833,2957.457980537414,-1124.248989963531,-38.01,92,148
1179,Household_Cleaning Supplies_1179,2022-09-01,2220.6800117492676,3581.631945037842,-1360.9519332885743,-38.00,77,139
1200,Beverages_Juices_1200,2023-03-01,711.5099773406982,1146.967472791672,-435.45749545097374,-37.97,104,185
1084,Household_Paper Products_1084,2023-09-01,4741.109939575195,7643.100036621094,-2901.9900970458984,-37.97,99,192
1051,Electronics_Cables_1051,2023-09-01,4423.699905395508,7129.292098999023,-2705.5921936035156,-37.95,62,137
1083,Dairy_Cheese_1083,2023-06-01,1240.840012550354,1998.7200164794922,-757.8800039291382,-37.92,93,144
1138,Household_Cleaning Supplies_1138,2021-09-01,4026.359893798828,6483.630088806154,-2457.270195007326,-37.90,87,161
1096,Electronics_Mobile Accessories_1096,2021-11-01,7176.890083312988,11555.580093383789,-4378.690010070801,-37.89,71,102
1162,Dairy_Yogurt_1162,2025-09-01,2270.3999671936035,3654.5520002365106,-1384.152033042907,-37.87,86,158
1134,Household_Paper Products_1134,2021-03-01,1797.899990081787,2893.4880072593696,-1095.5880171775825,-37.86,130,235
1198,Dairy_Cheese_1198,2025-02-01,4085.5740268707277,6574.707051658627,-2489.1330247878996,-37.86,186,304
1185,Personal Care_Toothpaste_1185,2021-11-01,3703.85595703125,5959.02995300293,-2255.1739959716797,-37.84,55,77
1177,Snacks_Chips_1177,2022-09-01,224.3599932193756,360.9359905242921,-136.57599730491648,-37.84,79,142
1170,Dairy_Yogurt_1170,2022-08-01,2357.057974624634,3791.62793045044,-1434.5699558258061,-37.84,127,198
1161,Electronics_Batteries_1161,2023-11-01,5652.296235656738,9092.600402832031,-3440.3041671752935,-37.84,73,110
1028,Household_Paper Products_1028,2023-09-01,3425.9598999023438,5511.127734375,-2085.167834472656,-37.84,82,187
1086,Grocery_Rice_1086,2023-09-01,1159.6200323104858,1865.2000396728515,-705.5800073623657,-37.83,77,162
1016,Grocery_Rice_1016,2025-02-01,2769.2680763244634,4452.048122787474,-1682.7800464630109,-37.80,163,269
1105,Beverages_Water_1105,2025-09-01,1346.1600723266602,2163.8160461425787,-817.6559738159185,-37.79,79,149
1128,Grocery_Spices_1128,2024-03-01,2547.583505439758,4093.9290115356434,-1546.3455060958854,-37.77,115,189
1010,Grocery_Rice_1010,2023-03-01,1682.3200340270996,2703.565550851821,-1021.2455168247216,-37.77,115,192
1062,Personal Care_Deodorant_1062,2023-03-01,2808.0720245361317,4512.279933357238,-1704.2079088211067,-37.77,120,191
1050,Snacks_Chips_1050,2024-03-01,1767.246000480652,2838.7599906921387,-1071.5139902114868,-37.75,116,198
1095,Snacks_Chocolates_1095,2021-09-01,1757.2800064086914,2822.0230012893685,-1064.742994880677,-37.73,84,148
1026,Snacks_Biscuits_1026,2024-08-01,630.1919984817505,1011.9209952354431,-381.7289967536926,-37.72,125,199
1001,Electronics_Chargers_1001,2025-04-01,15035.828814697266,24134.182031250002,-9098.353216552736,-37.70,98,215
1182,Beverages_Tea_1182,2023-08-01,1602.5320442199704,2570.58807296753,-968.0560287475596,-37.66,151,233
1003,Household_Cleaning Supplies_1003,2022-09-01,1248,2001.1200164794925,-753.1200164794925,-37.63,104,185
1019,Electronics_Cables_1019,2021-06-01,22245.300064086914,35643.164894104004,-13397.86483001709,-37.59,105,219
1134,Household_Paper Products_1134,2022-02-01,1603.2524874210358,2568.689980506897,-965.4374930858612,-37.58,154,240
1055,Dairy_Butter_1055,2023-09-01,924.6200284957886,1481.0320152282711,-556.4119867324825,-37.57,83,165
1168,Snacks_Chips_1168,2022-06-01,1892.8800830841064,3030.5201301574707,-1137.6400470733643,-37.54,99,162
1112,Household_Paper Products_1112,2024-09-01,944.5800104141235,1511.9280223846436,-567.34801197052,-37.52,91,170
1190,Dairy_Milk_1190,2022-09-01,2005.7400226593018,3209.4209747314453,-1203.6809520721436,-37.50,99,178
1089,Electronics_Mobile Accessories_1089,2024-09-01,6199.299713134766,9916.189949035645,-3716.890235900879,-37.48,94,176
1193,Beverages_Tea_1193,2024-03-01,1753.3004889011384,2803.8029829978946,-1050.5024940967562,-37.47,145,236
1107,Electronics_Mobile Accessories_1107,2022-06-01,15273.150405883789,24406.96561050415,-9133.815204620361,-37.42,95,168
1133,Electronics_Mobile Accessories_1133,2022-03-01,3114.1998596191406,4976.159820556641,-1861.9599609375,-37.42,92,196
1024,Grocery_Canned Goods_1024,2022-06-01,922.9499959945679,1474.4699974060059,-551.520001411438,-37.40,105,180
1094,Grocery_Rice_1094,2021-09-01,2162,3453.3249673843384,-1291.3249673843384,-37.39,92,165
1007,Personal Care_Shampoo_1007,2023-09-01,5111.760162353516,8162.832232666016,-3051.0720703125007,-37.38,76,157
1114,Electronics_Batteries_1114,2025-09-01,12955.699844360352,20677.45131225586,-7721.7514678955085,-37.34,85,152
1046,Household_Paper Products_1046,2024-02-01,10065.40878791809,16060.31866569518,-5994.9098777770905,-37.33,206,334
1035,Electronics_Batteries_1035,2023-06-01,23075.500451660155,36807.000732421875,-13731.50028076172,-37.31,98,150
1054,Snacks_Chips_1054,2024-11-01,661.7324771881104,1055.0199632644653,-393.287486076355,-37.28,70,107
1075,Snacks_Crackers_1075,2025-09-01,1230.0399894714355,1961.2669697761532,-731.2269803047177,-37.28,92,164
1163,Household_Paper Products_1163,2021-06-01,3776.389938354492,6021.049970626831,-2244.660032272339,-37.28,101,194
1066,Household_Cleaning Supplies_1066,2021-06-01,4977.9998779296875,7935.482871437072,-2957.482993507385,-37.27,100,197
1045,Electronics_Cables_1045,2024-06-01,13464.405574798586,21463.921020507812,-7999.515445709227,-37.27,103,152
1184,Snacks_Chocolates_1184,2021-09-01,1904.8499870300293,3035.960996055603,-1131.1110090255738,-37.26,85,152
1025,Household_Detergent_1025,2024-03-01,976.3449654579163,1555.70146651268,-579.3565010547638,-37.24,129,222
1159,Electronics_Batteries_1159,2022-03-01,17273.760177612305,27524.489868164062,-10250.729690551758,-37.24,97,218
1069,Grocery_Spices_1069,2025-10-01,2910.7999420166016,4634.299907684326,-1723.4999656677246,-37.19,76,121
1127,Grocery_Rice_1127,2025-09-01,1573.1100234985352,2503.331964111328,-930.2219406127929,-37.16,77,140
1044,Snacks_Biscuits_1044,2025-09-01,1873.9400787353516,2980.9991058349606,-1107.059027099609,-37.14,86,156
1016,Grocery_Rice_1016,2023-03-01,1538.8400386810301,2447.4680675506597,-908.6280288696296,-37.13,86,152
1170,Dairy_Yogurt_1170,2025-04-01,2000.495930480957,3182.0069156646728,-1181.5109851837158,-37.13,98,206
1075,Snacks_Crackers_1075,2021-03-01,1577.6599864959717,2508.3439473628996,-930.6839608669279,-37.10,118,229
1071,Grocery_Canned Goods_1071,2023-10-01,307.4399871826172,488.6099796295166,-181.1699924468994,-37.08,56,89
1021,Grocery_Canned Goods_1021,2024-02-01,4628.812521457672,7357.149028968812,-2728.3365075111396,-37.08,198,309
1034,Household_Cleaning Supplies_1034,2021-10-01,3223.360076904297,5122.8401222229,-1899.4800453186035,-37.08,56,89
1156,Personal Care_Soap_1156,2024-09-01,3021.5500679016113,4801.578017807007,-1780.0279499053959,-37.07,89,157
1138,Household_Cleaning Supplies_1138,2023-11-01,3437.0959107398985,5461.039855957031,-2023.9439452171328,-37.06,76,118
1169,Beverages_Soft Drinks_1169,2022-09-01,511.5600128173828,812.4960093975066,-300.93599658012374,-37.04,84,153
1193,Beverages_Tea_1193,2021-03-01,1484.0899877548218,2356.9919879913327,-872.902000236511,-37.03,107,211
1048,Snacks_Biscuits_1048,2024-03-01,1621.4969895362856,2574.9864853382105,-953.4894958019249,-37.03,133,222
1074,Personal Care_Skincare_1074,2022-11-01,4342.781914138794,6893.699798583984,-2550.917884445191,-37.00,82,110
1002,Dairy_Cream_1002,2023-05-01,1318.0799560546875,2091.450927782059,-773.3709717273714,-36.98,96,191
1197,Electronics_Mobile Accessories_1197,2025-04-01,1660.4449944496155,2633.474028968811,-973.0290345191956,-36.95,97,212
1076,Snacks_Chocolates_1076,2021-08-01,2464.988024139405,3909.1400356292716,-1444.1520114898667,-36.94,124,197
1112,Household_Paper Products_1112,2023-03-01,924.5000139236448,1465.919981956482,-541.4199680328371,-36.93,106,169
1172,Electronics_Chargers_1172,2025-03-01,13698.824935913084,21717.154258346556,-8018.329322433472,-36.92,159,230
1134,Household_Paper Products_1134,2021-11-01,898.6719955444337,1424.4899921417236,-525.81799659729,-36.91,66,103
1128,Grocery_Spices_1128,2024-02-01,4093.9290115356434,6489.4110172271685,-2395.482005691525,-36.91,189,298
1150,Electronics_Batteries_1150,2023-03-01,15199.192022705078,24087.783764648433,-8888.591741943355,-36.90,130,212
1119,Grocery_Pasta_1119,2021-06-01,3931.62996673584,6230.632445335388,-2299.0024785995483,-36.90,109,197
1069,Grocery_Spices_1069,2025-04-01,3944.8999214172363,6250.942875480655,-2306.0429540634186,-36.89,103,229
1040,Electronics_Mobile Accessories_1040,2024-03-01,8267.651232528684,13099.746315765378,-4832.095083236694,-36.89,119,183
1005,Household_Paper Products_1005,2024-03-01,2128.9760398387907,3372.904083538056,-1243.9280436992653,-36.88,145,220
1049,Electronics_Batteries_1049,2021-06-01,14061.040435791016,22272.62258071899,-8211.582144927976,-36.87,119,231
1076,Snacks_Chocolates_1076,2022-09-01,2107.480007171631,3337.3700294494624,-1229.8900222778316,-36.85,94,165
1179,Household_Cleaning Supplies_1179,2023-03-01,2751.280002593994,4356.806529712678,-1605.5265271186836,-36.85,108,173
1087,Snacks_Crackers_1087,2022-09-01,819.5400066375732,1297.3919673919677,-477.85196075439444,-36.83,87,155
1168,Snacks_Chips_1168,2023-03-01,2178.240084838867,3447.362575531006,-1269.1224906921389,-36.81,124,215
1157,Household_Cleaning Supplies_1157,2024-03-01,1966.053973197937,3109.9399650096893,-1143.8859918117523,-36.78,161,250
1153,Electronics_Batteries_1153,2022-09-01,14143.360107421875,22369.149664306646,-8225.78955688477,-36.77,88,154
1082,Household_Detergent_1082,2025-09-01,5135.899982452393,8121.856830978395,-2985.9568485260024,-36.76,115,206
1133,Electronics_Mobile Accessories_1133,2022-06-01,3114.1998596191406,4923.087284088135,-1808.8874244689941,-36.74,92,152
1171,Personal Care_Toothpaste_1171,2024-11-01,2873.4793798446653,4542.029800415039,-1668.5504205703737,-36.74,73,109
1125,Personal Care_Toothpaste_1125,2022-02-01,3351.20991897583,5296.544872283936,-1945.3349533081055,-36.73,168,269
1126,Beverages_Soft Drinks_1126,2025-09-01,2544.300075531006,4020.507949066162,-1476.207873535156,-36.72,99,180
1119,Grocery_Pasta_1119,2024-09-01,3246.2999725341797,5130.315896606445,-1884.015924072265,-36.72,90,162
1041,Snacks_Nuts_1041,2022-09-01,1431.040023803711,2261.5160295486453,-830.4760057449344,-36.72,104,183
1091,Dairy_Butter_1091,2025-03-01,949.7199778556824,1500.7009626865392,-550.9809848308569,-36.71,152,200
1090,Dairy_Cheese_1090,2023-11-01,2220.1600494384766,3507.840087890625,-1287.6800384521484,-36.71,70,96
1140,Personal Care_Shampoo_1140,2025-04-01,3617.299856185913,5712.389875602722,-2095.090019416809,-36.68,106,219
1022,Household_Cleaning Supplies_1022,2021-03-01,5975.37996673584,9437.299816131592,-3461.919849395752,-36.68,109,206
1039,Beverages_Soft Drinks_1039,2023-03-01,2695.733974456787,4256.965037345888,-1561.231062889101,-36.67,117,199
1036,Electronics_Mobile Accessories_1036,2025-10-01,5100.360191345215,8053.200302124023,-2952.8401107788086,-36.67,57,90
1135,Household_Trash Bags_1135,2024-09-01,5250.960174560547,8288.315922546388,-3037.355747985841,-36.65,104,190
1094,Grocery_Rice_1094,2025-09-01,2044.5,3227.019975280762,-1182.519975280762,-36.64,87,151
1085,Personal Care_Skincare_1085,2021-06-01,3355.379894256592,5293.782328701019,-1938.402434444427,-36.62,126,235
1155,Electronics_Mobile Accessories_1155,2023-03-01,2444.399908065796,3855.0400192260745,-1410.6401111602786,-36.59,118,204
1061,Personal Care_Skincare_1061,2025-02-01,7479.757479858398,11795.009963989254,-4315.252484130856,-36.59,167,258
1075,Snacks_Crackers_1075,2021-06-01,1564.2899866104126,2466.3199672698975,-902.0299806594849,-36.57,117,225
1083,Dairy_Cheese_1083,2022-03-01,1374.1200113296509,2166.1474933624268,-792.0274820327759,-36.56,99,216
1152,Personal Care_Toothpaste_1152,2023-03-01,4509.319969177245,7106.252296829223,-2596.932327651978,-36.54,98,152
1020,Beverages_Juices_1020,2022-09-01,1035.8400039672852,1631.6400065422058,-595.8000025749207,-36.52,104,180
1108,Dairy_Butter_1108,2023-09-01,3892.6799697875977,6131.183883666992,-2238.5039138793945,-36.51,99,202
1032,Snacks_Chocolates_1032,2024-09-01,1258.279987335205,1980.4960172653198,-722.2160299301147,-36.47,83,147
1074,Personal Care_Skincare_1074,2025-06-01,5256.419860839844,8272.439758300781,-3016.0198974609375,-36.46,90,132
1155,Electronics_Mobile Accessories_1155,2022-03-01,1876.1599311828613,2952.94992351532,-1076.7899923324585,-36.46,82,168
1118,Dairy_Milk_1118,2023-03-01,2455.3200302124023,3863.35200881958,-1408.0319786071777,-36.45,118,193
1085,Personal Care_Skincare_1085,2025-02-01,3514.6118965148926,5530.759841918945,-2016.1479454040527,-36.45,155,259
1078,Electronics_Cables_1078,2022-03-01,15816.239624023438,24881.519779205322,-9065.280155181885,-36.43,88,173
1057,Beverages_Tea_1057,2023-03-01,2298.460009384155,3614.92503118515,-1316.4650218009951,-36.42,99,150
1104,Grocery_Pasta_1104,2021-09-01,1943.0400772094727,3056.1900882720947,-1113.150011062622,-36.42,92,158
1034,Household_Cleaning Supplies_1034,2021-09-01,5122.8401222229,8055.180021286012,-2932.3398990631113,-36.40,89,158
1192,Dairy_Milk_1192,2022-06-01,1801.5399436950684,2830.0199117660522,-1028.479968070984,-36.34,82,131
1073,Electronics_Chargers_1073,2021-06-01,12278.759719848633,19277.609698486325,-6998.849978637692,-36.31,102,200
1012,Beverages_Juices_1012,2024-09-01,1071.6000289916992,1681.2839740753175,-609.6839450836183,-36.26,76,139
1034,Household_Cleaning Supplies_1034,2023-09-01,5813.560138702393,9120.00003738403,-3306.4398986816377,-36.25,101,202
1041,Snacks_Nuts_1041,2024-11-01,850.9820134162903,1334.720022201538,-483.73800878524776,-36.24,63,97
1069,Grocery_Spices_1069,2021-09-01,3600.1999282836914,5646.569064331056,-2046.369136047365,-36.24,94,167
1053,Snacks_Crackers_1053,2025-09-01,1118.3999633789062,1753.9719520568847,-635.5719886779784,-36.24,96,168
1054,Snacks_Chips_1054,2022-08-01,1252.357978439331,1963.7739549160003,-711.4159764766694,-36.23,151,226
1132,Dairy_Butter_1132,2025-09-01,2991.0798950195312,4689.929861068725,-1698.8499660491934,-36.22,86,151
1033,Household_Paper Products_1033,2021-08-01,4260.679986953735,6679.434987068176,-2418.755000114441,-36.21,149,238
1007,Personal Care_Shampoo_1007,2022-03-01,5784.36018371582,9067.92771434784,-3283.567530632019,-36.21,86,186
1036,Electronics_Mobile Accessories_1036,2023-11-01,6910.080244064331,10827.080406188965,-3917.000162124634,-36.18,83,121
1067,Grocery_Cereals_1067,2023-03-01,4566.493974304199,7152.913576698305,-2586.4196023941067,-36.16,104,174
1039,Beverages_Soft Drinks_1039,2021-09-01,1865.5199890136719,2921.697968292236,-1056.1779792785642,-36.15,72,131
1191,Dairy_Butter_1191,2023-02-01,1534.9089875221252,2403.1449704170227,-868.2359828948975,-36.13,193,294
1066,Household_Cleaning Supplies_1066,2025-04-01,4602.174884796143,7204.519763183592,-2602.344878387449,-36.12,95,210
1173,Electronics_Batteries_1173,2023-09-01,14885.780166625977,23293.44018554687,-8407.660018920895,-36.09,91,182
1081,Snacks_Nuts_1081,2023-05-01,945.6400394439697,1478.2550507068636,-532.6150112628939,-36.03,94,179
1047,Household_Detergent_1047,2025-04-01,3626.5420625686647,5668.04411468506,-2041.5020521163951,-36.02,104,210
1102,Snacks_Biscuits_1102,2025-03-01,2869.524057197571,4485.037506580354,-1615.5134493827827,-36.02,199,254
1061,Personal Care_Skincare_1061,2024-04-01,5838.292997741699,9124.222470092773,-3285.929472351074,-36.01,127,197
1032,Snacks_Chocolates_1032,2025-02-01,2158.6410241127014,3371.7150263786316,-1213.0740022659302,-35.98,174,264
1090,Dairy_Cheese_1090,2023-02-01,5764.369022846222,9002.86803817749,-3238.4990153312683,-35.97,188,293
1182,Beverages_Tea_1182,2021-03-01,1556.2200508117676,2430.160046100616,-873.9399952888484,-35.96,111,208
1101,Snacks_Crackers_1101,2022-03-01,2068.3600063323975,3228.6975560188293,-1160.3375496864319,-35.94,83,186
1105,Beverages_Water_1105,2022-03-01,1550.6400833129883,2420.7450664043427,-870.1049830913544,-35.94,91,181
1005,Household_Paper Products_1005,2022-06-01,1663.8000717163086,2597.4301109313965,-933.6300392150879,-35.94,94,152
1056,Snacks_Nuts_1056,2022-02-01,821.5974798202515,1282.46497964859,-460.8674998283386,-35.94,192,273
1128,Grocery_Spices_1128,2023-09-01,2312.4599933624268,3609.1800174713144,-1296.7200241088876,-35.93,87,179
1147,Snacks_Crackers_1147,2025-02-01,2894.0034039497377,4516.636360836029,-1622.6329568862911,-35.93,172,263
1098,Electronics_Mobile Accessories_1098,2022-11-01,6370.700931549072,9938.8798828125,-3568.1789512634277,-35.90,65,96
1009,Electronics_Batteries_1009,2024-11-01,5246.911826324463,8185.499725341797,-2938.587899017334,-35.90,60,90
1199,Electronics_Cables_1199,2025-10-01,17241.749954223633,26897.129928588867,-9655.379974365234,-35.90,75,117
1171,Personal Care_Toothpaste_1171,2024-09-01,3833.6398315429688,5980.229873657227,-2146.590042114258,-35.89,92,161
1089,Electronics_Mobile Accessories_1089,2023-11-01,3593.801341438293,5605.749740600586,-2011.9483991622928,-35.89,62,85
1026,Snacks_Biscuits_1026,2024-03-01,630.2779994964599,982.9859935760496,-352.70799407958975,-35.88,132,200
1046,Household_Paper Products_1046,2021-06-01,6691.849842071533,10436.179786682129,-3744.3299446105957,-35.88,115,225
1140,Personal Care_Shampoo_1140,2021-06-01,3549.1498489379883,5533.772804260254,-1984.6229553222656,-35.86,99,191
1143,Dairy_Cheese_1143,2024-09-01,1600.529914855957,2495.3489095687864,-894.8189947128294,-35.86,93,160
1140,Personal Care_Shampoo_1140,2022-02-01,4882.582347869873,7611.637226104736,-2729.0548782348633,-35.85,197,267
1026,Snacks_Biscuits_1026,2021-09-01,455.99998474121094,710.8469996452332,-254.84701490402222,-35.85,80,142
1060,Household_Detergent_1060,2023-02-01,4819.192617416382,7510.990127563477,-2691.7975101470947,-35.84,156,233
1094,Grocery_Rice_1094,2022-09-01,1997.5,3113.2799629211427,-1115.7799629211427,-35.84,85,153
1113,Dairy_Cheese_1113,2024-09-01,2529.0000915527344,3941.604085922241,-1412.6039943695068,-35.84,100,176
1080,Snacks_Chips_1080,2023-09-01,1624.25,2530.269955444336,-906.0199554443361,-35.81,73,140
1043,Electronics_Batteries_1043,2024-05-01,2016.700065612793,3139.960593032837,-1123.2605274200441,-35.77,86,143
1016,Grocery_Rice_1016,2023-09-01,1963.4400539398193,3055.76005935669,-1092.3200054168706,-35.75,101,204
1056,Snacks_Nuts_1056,2022-06-01,472.4200015068054,734.9049968719482,-262.4849953651428,-35.72,79,136
1009,Electronics_Batteries_1009,2024-02-01,13205.455068969726,20523.41083068847,-7317.955761718744,-35.66,171,267
1112,Household_Paper Products_1112,2021-09-01,851.1600093841553,1322.9820184707642,-471.8220090866089,-35.66,82,144
1080,Snacks_Chips_1080,2022-06-01,2136,3319.4425044059753,-1183.4425044059753,-35.65,96,154
1138,Household_Cleaning Supplies_1138,2023-03-01,4233.591925048828,6578.41593170166,-2344.8240066528324,-35.64,103,171
1100,Electronics_Mobile Accessories_1100,2024-09-01,1110.809944152832,1725.2639236450195,-614.4539794921875,-35.62,61,105
1045,Electronics_Cables_1045,2025-04-01,11778.34552078247,18293.955455780026,-6515.609934997556,-35.62,88,178
1175,Household_Trash Bags_1175,2022-05-01,6002.700024604797,9323.820107460022,-3321.1200828552246,-35.62,106,207
1066,Household_Cleaning Supplies_1066,2022-05-01,5394.9898853302,8378.944869041443,-2983.9549837112427,-35.61,118,209
1024,Grocery_Canned Goods_1024,2021-03-01,914.1599960327148,1418.7704728841782,-504.6104768514633,-35.57,104,200
1031,Snacks_Chips_1031,2024-04-01,1542.4380203247067,2393.6569932937623,-851.2189729690556,-35.56,111,187
1197,Electronics_Mobile Accessories_1197,2024-06-01,1790.0459981918334,2777.6399879455566,-987.5939897537232,-35.56,111,158
1136,Personal Care_Shampoo_1136,2023-02-01,6348.242561340332,9850.325050354004,-3502.082489013672,-35.55,120,205
1104,Grocery_Pasta_1104,2025-04-01,1972.794073009491,3060.054026508331,-1087.2599534988399,-35.53,98,226
1127,Grocery_Rice_1127,2022-09-01,1961.280029296875,3041.495960998536,-1080.2159317016608,-35.52,96,169
1030,Dairy_Cream_1030,2025-04-01,1914.8520767211912,2969.846093750001,-1054.9940170288096,-35.52,93,199
1163,Household_Paper Products_1163,2024-06-01,3810.019941329956,5907.619903564453,-2097.599962234497,-35.51,107,158
1029,Grocery_Canned Goods_1029,2023-06-01,2303.423968505859,3571.199951171875,-1267.7759826660158,-35.50,84,128
1113,Dairy_Cheese_1113,2021-09-01,2301.3900833129883,3567.0600728988647,-1265.6699895858765,-35.48,91,161
1078,Electronics_Cables_1078,2025-04-01,14187.881665039062,21982.692523193364,-7794.810858154302,-35.46,82,183
1047,Household_Detergent_1047,2021-06-01,4260.980072021484,6600.964039802551,-2339.983967781067,-35.45,118,239
1110,Grocery_Canned Goods_1110,2021-09-01,1638.4899864196777,2536.9699668884273,-898.4799804687495,-35.42,89,153
1094,Grocery_Rice_1094,2022-08-01,3113.2799629211427,4820.484959316255,-1707.2049963951126,-35.42,153,230
1045,Electronics_Cables_1045,2023-02-01,23218.25589141846,35946.328990173315,-12728.073098754856,-35.41,198,312
1026,Snacks_Biscuits_1026,2022-03-01,507.29998302459717,785.430016875267,-278.13003385066986,-35.41,89,209
1137,Snacks_Nuts_1137,2023-03-01,670.4959867477415,1037.8849878311155,-367.38900108337396,-35.40,112,185
1141,Beverages_Coffee_1141,2024-04-01,742.0849869966505,1148.74897339344,-406.6639863967896,-35.40,100,159
1115,Household_Paper Products_1115,2021-06-01,5262.180145263672,8142.940166473389,-2880.760021209717,-35.38,119,230
1055,Dairy_Butter_1055,2022-09-01,1180.840036392212,1826.745007038116,-645.9049706459041,-35.36,106,182
1045,Electronics_Cables_1045,2022-06-01,15250.680725097656,23590.97357940674,-8340.292854309082,-35.35,108,185
1178,Beverages_Soft Drinks_1178,2023-02-01,2989.2975602149963,4620.117594623566,-1630.8200344085699,-35.30,154,231
1005,Household_Paper Products_1005,2021-10-01,973.5000419616699,1504.5000648498535,-531.0000228881836,-35.29,55,85
1157,Household_Cleaning Supplies_1157,2023-09-01,1155.7700090408325,1784.6199970245364,-628.8499879837038,-35.24,79,149
1108,Dairy_Butter_1108,2021-06-01,4521.799964904785,6979.12894153595,-2457.3289766311646,-35.21,115,211
1166,Grocery_Spices_1166,2025-06-01,4602.172513008118,7102.0799560546875,-2499.90744304657,-35.20,106,144
1011,Personal Care_Shampoo_1011,2022-03-01,1975.8900814056396,3048.120032787323,-1072.2299513816833,-35.18,97,210
1111,Snacks_Nuts_1111,2022-02-01,1774.885042667389,2737.2950673103333,-962.4100246429443,-35.16,182,277
1083,Dairy_Cheese_1083,2023-11-01,756.339009475708,1165.920009613037,-409.58100013732906,-35.13,62,84
1118,Dairy_Milk_1118,2024-09-01,2109.3000679016113,3251.166051101685,-1141.8659832000735,-35.12,89,152
1129,Electronics_Chargers_1129,2021-09-01,13144.239685058594,20254.687585449217,-7110.4479003906235,-35.11,86,150
1019,Electronics_Cables_1019,2025-10-01,12923.460037231445,19914.840057373047,-6991.380020141602,-35.11,61,94
1005,Household_Paper Products_1005,2023-06-01,1677.2520668029786,2584.20011138916,-906.9480445861816,-35.10,98,146
1011,Personal Care_Shampoo_1011,2024-04-01,2159.5740497589113,3327.2430543899536,-1167.6690046310423,-35.09,117,185
1138,Household_Cleaning Supplies_1138,2025-03-01,5673.400086975098,8738.585905075073,-3065.185818099975,-35.08,195,226
1085,Personal Care_Skincare_1085,2023-09-01,2130.399932861328,3280.479888916016,-1150.079956054688,-35.06,80,161
1008,Personal Care_Shampoo_1008,2024-10-01,2768.219913482666,4262.1798667907715,-1493.9599533081055,-35.05,63,97
1096,Electronics_Mobile Accessories_1096,2023-02-01,16109.885344696047,24795.865438079836,-8685.980093383789,-35.03,173,253
1135,Household_Trash Bags_1135,2021-03-01,5705.370189666748,8781.8599319458,-3076.4897422790527,-35.03,113,210
1011,Personal Care_Shampoo_1011,2023-03-01,2250.580055999756,3463.1310091018677,-1212.5509531021116,-35.01,122,205
1058,Personal Care_Soap_1058,2022-05-01,5678.78995513916,8737.619871139526,-3058.829916000366,-35.01,133,270
1126,Beverages_Soft Drinks_1126,2023-03-01,2712.892031097412,4173.7440729141235,-1460.8520418167113,-35.00,125,196
1118,Dairy_Milk_1118,2025-04-01,2106.9300651550293,3240.9750843048096,-1134.0450191497803,-34.99,94,175
1099,Personal Care_Toothpaste_1099,2023-02-01,7011.892063140869,10783.43208694458,-3771.540023803711,-34.98,169,253
1066,Household_Cleaning Supplies_1066,2023-05-01,5077.559875488281,7809.7358787536605,-2732.176003265379,-34.98,102,202
1046,Household_Paper Products_1046,2025-09-01,4422.439895629883,6799.424852371217,-2376.984956741334,-34.96,76,133
1064,Snacks_Biscuits_1064,2024-06-01,1449.064024734497,2227.6800384521484,-778.6160137176514,-34.95,84,126
1087,Snacks_Crackers_1087,2022-02-01,1329.5850015878677,2043.9749993085861,-714.3899977207184,-34.95,188,305
1096,Electronics_Mobile Accessories_1096,2024-03-01,16272.355280303953,25002.84039916992,-8730.485118865967,-34.92,165,249
1061,Personal Care_Skincare_1061,2022-03-01,5328.179969787598,8186.880035400391,-2858.700065612793,-34.92,99,209
1061,Personal Care_Skincare_1061,2024-02-01,7667.969976806638,11780.077464294436,-4112.107487487798,-34.91,168,258
1055,Dairy_Butter_1055,2021-10-01,768.66002368927,1180.840036392212,-412.1800127029419,-34.91,69,106
1015,Dairy_Cream_1015,2024-02-01,3612.04390411377,5549.172851657867,-1937.1289475440967,-34.91,162,247
1090,Dairy_Cheese_1090,2023-03-01,3751.8680587768563,5764.369022846222,-2012.5009640693656,-34.91,116,188
1197,Electronics_Mobile Accessories_1197,2025-09-01,1775.5799922943115,2728.0619670867914,-952.4819747924798,-34.91,101,174
1008,Personal Care_Shampoo_1008,2022-09-01,4350.059864044189,6681.454835891724,-2331.394971847534,-34.89,99,172
1148,Household_Cleaning Supplies_1148,2024-05-01,5736.270065307617,8808.051565933227,-3071.7815006256096,-34.87,107,178
1098,Electronics_Mobile Accessories_1098,2023-11-01,6946.513452529907,10663.589874267578,-3717.076421737671,-34.86,85,103
1039,Beverages_Soft Drinks_1039,2021-08-01,2921.697968292236,4484.375951385498,-1562.6779830932624,-34.85,131,201
1165,Personal Care_Skincare_1165,2023-06-01,1566.6879333496095,2404.699893951416,-838.0119606018065,-34.85,92,139
1066,Household_Cleaning Supplies_1066,2023-03-01,4963.907904052736,7617.354997634886,-2653.44709358215,-34.83,117,178
1059,Electronics_Cables_1059,2023-11-01,1093.1899805545809,1677.16996383667,-583.979983282089,-34.82,59,79
1084,Household_Paper Products_1084,2021-06-01,4980.5599365234375,7641.087847137451,-2660.5279106140133,-34.82,104,199
1107,Electronics_Mobile Accessories_1107,2024-09-01,13022.370346069336,19972.23342590332,-6949.863079833984,-34.80,81,140
1057,Beverages_Tea_1057,2022-09-01,2855.6400566101074,4378.620046997069,-1522.9799903869616,-34.78,106,180
1048,Snacks_Biscuits_1048,2022-02-01,2223.2399468421936,3409.049928188324,-1185.8099813461304,-34.78,229,332
1181,Personal Care_Soap_1181,2021-06-01,4285.710067749023,6569.117990875244,-2283.4079231262203,-34.76,111,218
1171,Personal Care_Toothpaste_1171,2023-05-01,3791.9698333740234,5811.5678680419915,-2019.598034667968,-34.75,91,175
1004,Beverages_Juices_1004,2021-09-01,2481.999969482422,3803.603993225097,-1321.604023742675,-34.75,100,173
1122,Dairy_Yogurt_1122,2022-09-01,3476.00004196167,5325.548083686827,-1849.5480417251574,-34.73,110,190
1168,Snacks_Chips_1168,2025-06-01,1884.515076637268,2887.120126724243,-1002.6050500869751,-34.73,106,151
1046,Household_Paper Products_1046,2025-08-01,6799.424852371217,10415.356766128541,-3615.9319137573248,-34.72,133,194
1057,Beverages_Tea_1057,2021-06-01,3044.2200603485107,4662.752486419678,-1618.5324260711668,-34.71,113,219
1143,Dairy_Cheese_1143,2025-04-01,1538.0849257469176,2355.939939880371,-817.8550141334536,-34.71,96,194
1177,Snacks_Chips_1177,2022-06-01,241.39999270439148,369.7324903011322,-128.33249759674072,-34.71,85,135
1038,Electronics_Cables_1038,2023-09-01,7048.879913330078,10793.487817382813,-3744.6079040527347,-34.69,71,135
1052,Snacks_Crackers_1052,2024-03-01,1896.3780372619624,2903.118058013916,-1006.7400207519538,-34.68,132,209
1119,Grocery_Pasta_1119,2025-03-01,4900.549975585938,7502.17495059967,-2601.624975013732,-34.68,194,251
1123,Beverages_Water_1123,2022-06-01,1109.6599655151367,1698.0399621725082,-588.3799966573715,-34.65,113,197
1070,Grocery_Canned Goods_1070,2025-04-01,4003.809881210327,6126.138949394226,-2122.329068183899,-34.64,100,211
1035,Electronics_Batteries_1035,2024-02-01,38080.899508667,58261.96913146974,-20181.069622802745,-34.64,181,286
1126,Beverages_Soft Drinks_1126,2021-02-01,4223.64408493042,6461.1481256484985,-2237.5040407180786,-34.63,191,295
1177,Snacks_Chips_1177,2022-02-01,343.9950006008148,526.1100082397461,-182.11500763893127,-34.62,157,264
1183,Electronics_Batteries_1183,2025-04-01,11899.269429016113,18191.104753875734,-6291.835324859621,-34.59,92,214
1001,Electronics_Chargers_1001,2022-06-01,15468.639770507812,23645.21464920044,-8176.574878692627,-34.58,94,159
1064,Snacks_Biscuits_1064,2022-11-01,1052.5710165023804,1608.880027770996,-556.3090112686157,-34.58,63,91
1043,Electronics_Batteries_1043,2023-03-01,2212.742064666748,3382.450080871582,-1169.7080162048342,-34.58,103,172
1018,Personal Care_Deodorant_1018,2021-09-01,5736.639984130859,8767.815926361085,-3031.1759422302257,-34.57,104,181
1156,Personal Care_Soap_1156,2025-02-01,5908.548129272461,9031.021196746822,-3122.4730674743614,-34.57,204,319
1011,Personal Care_Shampoo_1011,2025-04-01,2015.8180820465088,3079.4260934829717,-1063.608011436463,-34.54,101,219
1188,Grocery_Spices_1188,2025-03-01,2914.960988998413,4452.519886016847,-1537.5588970184335,-34.53,219,274
1171,Personal Care_Toothpaste_1171,2022-03-01,3666.9598388671875,5599.274826049805,-1932.3149871826172,-34.51,88,165
1120,Grocery_Cereals_1120,2021-09-01,4690.439861297607,7160.939830398559,-2470.4999691009516,-34.50,101,173
1089,Electronics_Mobile Accessories_1089,2025-03-01,9401.32776489258,14347.620912742615,-4946.293147850036,-34.47,216,265
1177,Snacks_Chips_1177,2025-06-01,260.56999588012695,397.5999879837036,-137.02999210357666,-34.46,104,140
1061,Personal Care_Skincare_1061,2022-05-01,4971.5999755859375,7584.870021820068,-2613.270046234131,-34.45,95,186
1128,Grocery_Spices_1128,2021-09-01,2179.5599937438965,3324.2759965896607,-1144.7160028457643,-34.44,82,134
1135,Household_Trash Bags_1135,2025-03-01,7544.898139190674,11508.931922912598,-3964.033783721924,-34.44,229,274
1152,Personal Care_Toothpaste_1152,2023-06-01,5447.939861297607,8306.759788513184,-2858.819927215576,-34.42,101,154
1019,Electronics_Cables_1019,2024-09-01,22880.88006591797,34886.60087127685,-12005.720805358884,-34.41,108,185
1013,Grocery_Cereals_1013,2025-02-01,4985.531150054934,7597.392728805544,-2611.8615787506096,-34.38,166,259
1006,Beverages_Coffee_1006,2021-09-01,1123.1799898147583,1711.7079624176029,-588.5279726028446,-34.38,89,155
1025,Household_Detergent_1025,2025-02-01,1163.1239749908443,1772.123971176147,-608.9999961853027,-34.37,166,260
1062,Personal Care_Deodorant_1062,2024-04-01,2036.4800092697144,3103.139980316162,-1066.6599710464477,-34.37,77,123
1146,Snacks_Chocolates_1146,2025-04-01,1824.0500764846802,2779.1100660324105,-955.0599895477303,-34.37,95,189
1052,Snacks_Crackers_1052,2021-06-01,1818.1200332641602,2768.8545491218565,-950.7345158576964,-34.34,109,202
1153,Electronics_Batteries_1153,2022-03-01,15911.28012084961,24218.495183944702,-8307.215063095093,-34.30,99,201
1126,Beverages_Soft Drinks_1126,2024-11-01,1620.938037109375,2467.2000732421875,-846.2620361328125,-34.30,70,96
1120,Grocery_Cereals_1120,2021-03-01,4876.199855804443,7421.18201599121,-2544.982160186767,-34.29,105,192
1119,Grocery_Pasta_1119,2022-03-01,2993.80997467041,4555.887417793274,-1562.0774431228638,-34.29,83,174
1110,Grocery_Canned Goods_1110,2025-04-01,1213.6039924621582,1846.957022190094,-633.3530297279358,-34.29,70,161
1094,Grocery_Rice_1094,2023-05-01,2303,3504.1499532699586,-1201.1499532699586,-34.28,98,188
1034,Household_Cleaning Supplies_1034,2022-05-01,5558.137596130371,8457.722412109375,-2899.584815979004,-34.28,104,206
1151,Electronics_Cables_1151,2025-03-01,18636.19087524415,28352.195470809937,-9716.004595565788,-34.27,178,230
1151,Electronics_Cables_1151,2021-09-01,13131.159606933594,19955.354362487793,-6824.194755554199,-34.20,92,159
1188,Grocery_Spices_1188,2023-03-01,2109.5999099731443,3205.5978988647457,-1095.9979888916014,-34.19,119,182
1090,Dairy_Cheese_1090,2022-05-01,4533.210106372833,6887.340076446533,-2354.1299700737,-34.18,128,241
1009,Electronics_Batteries_1009,2023-11-01,5746.4758172988895,8731.19970703125,-2984.7238897323605,-34.18,73,96
1043,Electronics_Batteries_1043,2025-08-01,3094.810079002379,4698.750114440918,-1603.9400354385389,-34.14,147,227
1185,Personal Care_Toothpaste_1185,2023-09-01,7352.049942016602,11162.587936401367,-3810.5379943847656,-34.14,95,177
1019,Electronics_Cables_1019,2025-04-01,13749.700057983398,20874.430238342284,-7124.730180358885,-34.13,70,148
1037,Electronics_Cables_1037,2021-06-01,19464.130798339844,29547.699185180667,-10083.568386840823,-34.13,109,194
1050,Snacks_Chips_1050,2022-02-01,2185.4000186920166,3317.125028371811,-1131.7250096797943,-34.12,168,252
1184,Snacks_Chocolates_1184,2021-10-01,1254.9599914550781,1904.8499870300293,-649.8899955749512,-34.12,56,85
1107,Electronics_Mobile Accessories_1107,2023-11-01,11018.370281982421,16720.080444335938,-5701.710162353516,-34.10,72,104
1065,Electronics_Chargers_1065,2024-02-01,26641.156481933598,40423.46063995362,-13782.304158020022,-34.09,182,262
1128,Grocery_Spices_1128,2021-08-01,3324.2759965896607,5042.655002593992,-1718.3790060043316,-34.08,134,215
1038,Electronics_Cables_1038,2023-02-01,13764.619371795652,20874.8437927246,-7110.224420928949,-34.06,170,248
1038,Electronics_Cables_1038,2021-09-01,10523.679870605469,15956.079760742192,-5432.399890136723,-34.05,106,182
1126,Beverages_Soft Drinks_1126,2025-03-01,3247.7090360641478,4924.732098579407,-1677.023062515259,-34.05,184,223
1138,Household_Cleaning Supplies_1138,2024-08-01,5662.719982910157,8586.125040435792,-2923.405057525635,-34.05,133,207
1181,Personal Care_Soap_1181,2022-03-01,3166.020050048828,4799.9999141693115,-1633.9798641204834,-34.04,82,193
1050,Snacks_Chips_1050,2021-09-01,1391.5200119018555,2108.6119709014893,-717.0919589996338,-34.01,78,133
1069,Grocery_Spices_1069,2024-09-01,3715.099925994873,5628.568087005613,-1913.46816101074,-34.00,97,169
1078,Electronics_Cables_1078,2021-09-01,15456.77963256836,23417.31528167724,-7960.535649108882,-33.99,86,151
1099,Personal Care_Toothpaste_1099,2021-09-01,3837.6800117492676,5812.134052276611,-1974.4540405273438,-33.97,77,132
1106,Snacks_Chocolates_1106,2023-09-01,1026.4799757003784,1554.0800142288203,-527.6000385284419,-33.95,91,172
1102,Snacks_Biscuits_1102,2024-02-01,2755.369012260436,4171.401511096954,-1416.0324988365178,-33.95,154,235
1176,Snacks_Chocolates_1176,2025-02-01,895.2449905872345,1355.0554857969287,-459.8104952096942,-33.93,156,238
1082,Household_Detergent_1082,2025-10-01,3394.1599884033203,5135.899982452393,-1741.7399940490723,-33.91,76,115
1047,Household_Detergent_1047,2022-09-01,3430.4500579833984,5190.88005065918,-1760.4299926757812,-33.91,95,158
1026,Snacks_Biscuits_1026,2023-03-01,666.8999814987185,1009.1120084762573,-342.2120269775388,-33.91,135,221
1084,Household_Paper Products_1084,2025-04-01,4016.987956237793,6076.04799194336,-2059.0600357055673,-33.89,90,184
1142,Electronics_Mobile Accessories_1142,2023-03-01,2260.2240480422975,3418.3260402679443,-1158.1019922256469,-33.88,160,253
1090,Dairy_Cheese_1090,2025-04-01,3082.898070716858,4661.538070106506,-1578.639999389648,-33.87,91,175
1049,Electronics_Batteries_1049,2022-03-01,9098.320281982422,13758.25542640686,-4659.9351444244385,-33.87,77,179
1021,Grocery_Canned Goods_1021,2025-07-01,3144.960042572022,4755.105002880096,-1610.1449603080746,-33.86,122,175
1170,Dairy_Yogurt_1170,2025-09-01,2151.2999229431152,3251.8709569931034,-1100.5710340499882,-33.84,101,173
1103,Dairy_Milk_1103,2022-02-01,5033.675037384033,7605.745029449463,-2572.0699920654297,-33.82,181,262
1139,Dairy_Cream_1139,2022-09-01,2089.3199157714844,3157.026020622253,-1067.7061048507685,-33.82,92,162
1181,Personal Care_Soap_1181,2025-04-01,3163.7160511016846,4777.377089500427,-1613.6610383987427,-33.78,85,163
1177,Snacks_Chips_1177,2024-09-01,278.31999158859253,420.24798951149,-141.92799792289748,-33.77,98,171
1147,Snacks_Crackers_1147,2022-05-01,2667.7799820899963,4027.910010099411,-1360.1300280094147,-33.77,140,248
1041,Snacks_Nuts_1041,2023-09-01,1183.360019683838,1786.7680335998534,-603.4080139160155,-33.77,86,168
1163,Household_Paper Products_1163,2021-03-01,4187.679931640625,6322.035014629367,-2134.3550829887417,-33.76,112,201
1094,Grocery_Rice_1094,2022-03-01,2185.5,3298.430064201355,-1112.930064201355,-33.74,93,185
1198,Dairy_Cheese_1198,2024-02-01,4649.94603652954,7018.039047050476,-2368.0930105209363,-33.74,215,320
1107,Electronics_Mobile Accessories_1107,2023-03-01,16752.33024597168,25280.699844360355,-8528.369598388676,-33.73,115,185
1074,Personal Care_Skincare_1074,2024-03-01,9764.340882492066,14734.266389656066,-4969.925507164,-33.73,183,287
1169,Beverages_Soft Drinks_1169,2021-04-01,435.9075130224228,657.7200164794922,-221.8125034570694,-33.72,93,108
1077,Household_Cleaning Supplies_1077,2024-09-01,4426.799858093262,6677.803935623168,-2251.0040775299067,-33.71,93,161
1116,Personal Care_Skincare_1116,2024-03-01,10370.080302047727,15644.08045654297,-5274.000154495243,-33.71,158,238
1077,Household_Cleaning Supplies_1077,2021-06-01,5378.799827575684,8111.753889846801,-2732.9540622711174,-33.69,113,212
1030,Dairy_Cream_1030,2024-11-01,1432.6000595092773,2159.9200897216797,-727.3200302124023,-33.67,65,98
1103,Dairy_Milk_1103,2023-11-01,2469.8824720382695,3723.8299407958984,-1253.947468757629,-33.67,73,97
1103,Dairy_Milk_1103,2022-06-01,3838.9999389648438,5782.444934844971,-1943.444995880127,-33.61,100,162
1110,Grocery_Canned Goods_1110,2022-02-01,2714.502515554428,4088.4875338077545,-1373.9850182533264,-33.61,189,296
1113,Dairy_Cheese_1113,2021-06-01,2781.900100708008,4190.322558879852,-1408.4224581718445,-33.61,110,204
1087,Snacks_Crackers_1087,2024-03-01,1118.181018257141,1684.3125338554382,-566.1315155982973,-33.61,137,219
1138,Household_Cleaning Supplies_1138,2023-02-01,6578.41593170166,9908.950909614563,-3330.534977912903,-33.61,171,261
1130,Snacks_Nuts_1130,2022-06-01,1702.8600616455078,2564.700089931488,-861.8400282859802,-33.60,101,167
1040,Electronics_Mobile Accessories_1040,2025-04-01,7108.056019592285,10699.639923095705,-3591.5839035034196,-33.57,87,185
1050,Snacks_Chips_1050,2023-09-01,1623.440013885498,2443.9200477600098,-820.4800338745117,-33.57,91,173
1120,Grocery_Cereals_1120,2024-02-01,8881.82304992676,13369.003536987308,-4487.180487060548,-33.56,234,347
1058,Personal Care_Soap_1058,2023-02-01,5038.860076904297,7580.708602714538,-2541.848525810241,-33.53,134,199
1073,Electronics_Chargers_1073,2023-09-01,9389.639785766602,14122.70004730225,-4733.060261535649,-33.51,78,149
1140,Personal Care_Shampoo_1140,2024-03-01,4300.5173506736755,6467.889287471771,-2167.3719367980957,-33.51,138,214
1164,Electronics_Cables_1164,2022-06-01,18250.320510864258,27449.07064819336,-9198.750137329102,-33.51,93,146
1063,Snacks_Chocolates_1063,2023-03-01,1640.9559337615965,2466.2019456863395,-825.246011924743,-33.46,117,182
1155,Electronics_Mobile Accessories_1155,2024-03-01,2737.1774736404423,4111.885022354127,-1374.7075487136844,-33.43,136,218
1057,Beverages_Tea_1057,2022-05-01,2633.430040359497,3953.969940185547,-1320.5398998260498,-33.40,103,208
1145,Household_Trash Bags_1145,2024-03-01,1697.5539865493774,2547.6369767189026,-850.0829901695251,-33.37,172,262
1083,Dairy_Cheese_1083,2024-09-01,1290.8400106430054,1936.3719884872437,-645.5319778442383,-33.34,93,157
1128,Grocery_Spices_1128,2022-10-01,1488.479995727539,2232.7199935913086,-744.2399978637695,-33.33,56,84
1019,Electronics_Cables_1019,2024-10-01,15253.920043945312,22880.88006591797,-7626.960021972656,-33.33,72,108
1127,Grocery_Rice_1127,2024-03-01,2739.5055798530575,4108.657618045807,-1369.1520381927494,-33.32,156,233
1154,Household_Cleaning Supplies_1154,2024-08-01,1953.5900321006775,2929.8500506401056,-976.2600185394281,-33.32,141,207
1194,Dairy_Butter_1194,2024-09-01,828.180009841919,1241.8920129776,-413.712003135681,-33.31,86,143
1151,Electronics_Cables_1151,2024-03-01,20841.403579711914,31248.521533966064,-10407.11795425415,-33.30,166,265
1013,Grocery_Cereals_1013,2021-09-01,2636.6200790405273,3952.99203414917,-1316.3719551086429,-33.30,74,125
1054,Snacks_Chips_1054,2023-03-01,1095.3239671707152,1641.910983228684,-546.5870160579689,-33.29,128,199
1045,Electronics_Cables_1045,2022-02-01,23264.550994873047,34852.73397064209,-11588.182975769043,-33.25,212,326
1019,Electronics_Cables_1019,2024-03-01,24886.072154235844,37282.49224014281,-12396.420085906968,-33.25,138,209
1181,Personal Care_Soap_1181,2023-09-01,3667.9500579833984,5495.155987548829,-1827.2059295654308,-33.25,95,183
1048,Snacks_Biscuits_1048,2025-09-01,1234.4299898147583,1849.0359550476078,-614.6059652328495,-33.24,89,151
1141,Beverages_Coffee_1141,2025-09-01,718.2499837875366,1075.519982099533,-357.26999831199646,-33.22,85,145
1191,Dairy_Butter_1191,2022-09-01,900.8999652862549,1348.7759658813477,-447.8760005950928,-33.21,91,156
1140,Personal Care_Shampoo_1140,2023-09-01,3118.949867248535,4669.103912353516,-1550.1540451049805,-33.20,87,163
1159,Electronics_Batteries_1159,2024-04-01,20437.393045043944,30595.200778198243,-10157.807733154299,-33.20,126,199
1112,Household_Paper Products_1112,2022-02-01,1456.035026192665,2179.815039753914,-723.7800135612488,-33.20,188,284
1181,Personal Care_Soap_1181,2024-02-01,6264.816016387936,9377.703036880492,-3112.887020492556,-33.19,195,287
1173,Electronics_Batteries_1173,2021-09-01,13413.560150146484,20074.336181640625,-6660.776031494141,-33.18,82,144
1071,Grocery_Canned Goods_1071,2023-09-01,488.6099796295166,731.0599746704099,-242.44999504089333,-33.16,89,180
1060,Household_Detergent_1060,2022-11-01,2706.4449801445007,4046.7399673461914,-1340.2949872016907,-33.12,86,107
1099,Personal Care_Toothpaste_1099,2024-06-01,5900.573012542724,8821.680027008057,-2921.107014465332,-33.11,124,177
1195,Snacks_Chocolates_1195,2022-11-01,1679.2000067710876,2510.4000091552734,-831.2000023841858,-33.11,82,120
1038,Electronics_Cables_1038,2022-06-01,9630.159881591797,14395.599822998047,-4765.43994140625,-33.10,97,159
1050,Snacks_Chips_1050,2021-06-01,2337.0400199890137,3491.8230373859406,-1154.7830173969269,-33.07,131,243
1118,Dairy_Milk_1118,2022-12-01,1522.4880462646483,2274.170069217682,-751.6820229530335,-33.05,65,100
1144,Household_Detergent_1144,2024-11-01,968.210000705719,1446.0000038146973,-477.7900031089782,-33.04,71,100
1057,Beverages_Tea_1057,2022-10-01,1912.7400379180908,2855.6400566101074,-942.9000186920166,-33.02,71,106
1016,Grocery_Rice_1016,2025-10-01,1302.4800357818604,1944.0000534057617,-641.5200176239014,-33.00,67,100
1009,Electronics_Batteries_1009,2021-11-01,6582.005797195434,9822.599670410156,-3240.5938732147224,-32.99,79,108
1118,Dairy_Milk_1118,2022-09-01,1516.800048828125,2263.587024116516,-746.7869752883912,-32.99,64,109
1167,Grocery_Rice_1167,2024-03-01,5476.153958129883,8172.1164978027355,-2695.9625396728525,-32.99,154,222
1089,Electronics_Mobile Accessories_1089,2024-10-01,4154.849807739258,6199.299713134766,-2044.4499053955078,-32.98,63,94
1082,Household_Detergent_1082,2021-09-01,3349.499988555908,4996.758906173707,-1647.258917617799,-32.97,75,125
1020,Beverages_Juices_1020,2024-05-01,1065.720004081726,1589.7825066089633,-524.0625025272373,-32.96,107,171
1145,Household_Trash Bags_1145,2022-11-01,783.6400014877319,1168.9200038909912,-385.28000240325935,-32.96,73,102
1199,Electronics_Cables_1199,2024-02-01,40839.7738571167,60906.401428222656,-20066.627571105957,-32.95,214,311
1153,Electronics_Batteries_1153,2024-05-01,16393.44012451172,24442.694684600825,-8049.254560089106,-32.93,102,167
1023,Personal Care_Toothpaste_1023,2022-02-01,8492.389890670776,12662.604828834534,-4170.214938163757,-32.93,186,283
1060,Household_Detergent_1060,2021-08-01,4939.400024414062,7364.586062622071,-2425.1860382080094,-32.93,142,218
1161,Electronics_Batteries_1161,2021-06-01,8761.960388183594,13061.376397705078,-4299.416009521485,-32.92,106,191
1161,Electronics_Batteries_1161,2022-03-01,8266.000366210938,12321.96029663086,-4055.959930419922,-32.92,100,202
1078,Electronics_Cables_1078,2024-11-01,9525.68977355957,14198.669662475586,-4672.979888916016,-32.91,53,79
1163,Household_Paper Products_1163,2025-09-01,3626.8299407958984,5405.385092926026,-1778.5551521301277,-32.90,97,163
1184,Snacks_Chocolates_1184,2023-09-01,2106.5399856567383,3138.5140251159664,-1031.9740394592282,-32.88,94,189
1085,Personal Care_Skincare_1085,2023-11-01,2038.1289358139038,3035.8199043273926,-997.6909685134888,-32.86,80,114
1031,Snacks_Chips_1031,2023-06-01,1394.4980407714845,2076.7200622558594,-682.2220214843749,-32.85,96,136
1091,Dairy_Butter_1091,2021-03-01,978.8799743652344,1457.568464303017,-478.6884899377826,-32.84,112,202
1087,Snacks_Crackers_1087,2025-06-01,879.510005235672,1309.3800106048584,-429.8700053691864,-32.83,103,139
1065,Electronics_Chargers_1065,2022-11-01,14333.993090820313,21339.600219726562,-7005.607128906249,-32.83,91,120
1190,Dairy_Milk_1190,2024-03-01,2841.2079841613768,4229.490925693512,-1388.2829415321348,-32.82,158,254
1054,Snacks_Chips_1054,2021-06-01,926.8399677276611,1379.4239665985106,-452.5839988708494,-32.81,94,167
1188,Grocery_Spices_1188,2021-06-01,2017.6199169158936,3002.439885091782,-984.8199681758883,-32.80,99,170
1143,Dairy_Cheese_1143,2025-02-01,2700.626927661896,4016.7929274559015,-1316.1659997940055,-32.77,183,285
1170,Dairy_Yogurt_1170,2021-06-01,2087.3999252319336,3104.1899127960205,-1016.7899875640869,-32.76,98,180
1136,Personal Care_Shampoo_1136,2024-05-01,6149.580093383789,9140.0620803833,-2990.4819869995117,-32.72,102,175
1080,Snacks_Chips_1080,2021-06-01,2692.25,3999.3500190734862,-1307.1000190734862,-32.68,121,217
1165,Personal Care_Skincare_1165,2021-06-01,2231.6999015808105,3314.851880645752,-1083.1519790649413,-32.68,129,243
1135,Household_Trash Bags_1135,2024-06-01,4386.5461372375485,6513.210216522217,-2126.6640792846683,-32.65,93,129
1054,Snacks_Chips_1054,2022-02-01,1576.2499803304672,2338.8399741649628,-762.5899938344955,-32.61,218,329
1072,Electronics_Chargers_1072,2025-02-01,34966.334159088125,51858.934073638906,-16892.59991455078,-32.57,182,264
1049,Electronics_Batteries_1049,2022-11-01,9243.04029083252,13706.560424804688,-4463.520133972168,-32.56,84,116
1162,Dairy_Yogurt_1162,2025-10-01,1531.1999778747559,2270.3999671936035,-739.1999893188477,-32.56,58,86
1140,Personal Care_Shampoo_1140,2022-06-01,3226.4998626708984,4783.762302398682,-1557.2624397277832,-32.55,90,140
1084,Household_Paper Products_1084,2022-11-01,3456.8364510536194,5124.229934692383,-1667.3934836387634,-32.54,82,107
1033,Household_Paper Products_1033,2024-03-01,3797.7253971099854,5628.895334243774,-1831.169937133789,-32.53,139,201
1102,Snacks_Biscuits_1102,2025-04-01,1936.4600772857666,2869.524057197571,-933.0639799118044,-32.52,95,199
1119,Grocery_Pasta_1119,2024-11-01,3311.3424776077272,4905.519958496094,-1594.1774808883665,-32.50,97,136
1084,Household_Paper Products_1084,2023-05-01,5076.339935302734,7519.770057678222,-2443.4301223754874,-32.49,106,201
1031,Snacks_Chips_1031,2024-08-01,1671.2760120391845,2475.7200078964233,-804.4439958572389,-32.49,122,184
1176,Snacks_Chocolates_1176,2025-06-01,677.839991569519,1004.00998878479,-326.169997215271,-32.49,108,147
1065,Electronics_Chargers_1065,2025-04-01,14829.236168670654,21956.598375701902,-7127.3622070312485,-32.46,89,176
1057,Beverages_Tea_1057,2022-03-01,2424.6000480651855,3588.5924339294434,-1163.9923858642578,-32.44,90,194
1129,Electronics_Chargers_1129,2024-09-01,13144.239685058594,19455.39561767578,-6311.155932617185,-32.44,86,148
1183,Electronics_Batteries_1183,2025-03-01,18191.104753875734,26927.693661499023,-8736.588907623289,-32.44,214,249
1032,Snacks_Chocolates_1032,2024-04-01,1665.05299577713,2464.116507768631,-799.063511991501,-32.43,121,185
1050,Snacks_Chips_1050,2021-08-01,2108.6119709014893,3120.0479650497437,-1011.4359941482544,-32.42,133,196
1166,Grocery_Spices_1166,2024-04-01,5346.495918273926,7908.791822814939,-2562.2959045410134,-32.40,120,187
1186,Dairy_Yogurt_1186,2022-03-01,546.0000038146973,807.5549932718277,-261.55498945713043,-32.39,100,206
1022,Household_Cleaning Supplies_1022,2024-11-01,3632.778482246399,5372.359970092773,-1739.5814878463743,-32.38,68,98
1004,Beverages_Juices_1004,2024-03-01,3159.7049998283387,4672.96001663208,-1513.255016803741,-32.38,147,226
1088,Household_Cleaning Supplies_1088,2025-02-01,3192.440469646453,4721.256453227997,-1528.8159835815436,-32.38,175,265
1073,Electronics_Chargers_1073,2024-06-01,11315.719741821289,16732.819618225098,-5417.099876403809,-32.37,94,139
1023,Personal Care_Toothpaste_1023,2025-04-01,4561.499977111816,6743.407958984375,-2181.9079818725586,-32.36,75,168
1041,Snacks_Nuts_1041,2022-05-01,1368.2600173950195,2022.7199935913086,-654.4599761962891,-32.36,106,196
1196,Grocery_Pasta_1196,2022-08-01,4635.375108337403,6853.215144348146,-2217.8400360107435,-32.36,174,256
1135,Household_Trash Bags_1135,2024-11-01,3757.5931240081786,5553.900184631348,-1796.307060623169,-32.34,75,110
1121,Grocery_Rice_1121,2021-02-01,5818.059999465942,8597.534979343414,-2779.474979877472,-32.33,228,331
1123,Beverages_Water_1123,2024-03-01,1270.5600128173828,1877.4500179290771,-606.8900051116943,-32.33,156,230
1110,Grocery_Canned Goods_1110,2022-09-01,1435.9799880981445,2122.1809722900393,-686.2009841918948,-32.33,78,128
1028,Household_Paper Products_1028,2023-02-01,5499.572287559509,8127.595179176329,-2628.02289161682,-32.33,158,237
1182,Beverages_Tea_1182,2025-03-01,2089.847078037262,3088.5080598831164,-998.6609818458546,-32.33,221,263
1108,Dairy_Butter_1108,2023-10-01,2634.4399795532227,3892.6799697875977,-1258.239990234375,-32.32,67,99
1150,Electronics_Batteries_1150,2022-11-01,8110.213974761962,11982.59994506836,-3872.385970306397,-32.32,69,90
1048,Snacks_Biscuits_1048,2023-11-01,844.931997871399,1248.2999897003174,-403.36799182891843,-32.31,69,90
1078,Electronics_Cables_1078,2023-02-01,31378.11696624756,46338.81504058838,-14960.69807434082,-32.29,204,305
1011,Personal Care_Shampoo_1011,2022-09-01,1812.9300746917725,2676.9510332107548,-864.0209585189823,-32.28,89,151
1092,Household_Detergent_1092,2025-03-01,3287.617011642456,4854.341920852661,-1566.7249092102052,-32.27,161,213
1096,Electronics_Mobile Accessories_1096,2022-06-01,12348.61009979248,18232.622650146484,-5884.012550354004,-32.27,109,164
1066,Household_Cleaning Supplies_1066,2023-02-01,7617.354997634886,11238.087521553041,-3620.7325239181555,-32.22,178,266
1018,Personal Care_Deodorant_1018,2023-03-01,5652.888038635254,8334.377429962158,-2681.4893913269043,-32.17,123,183
1158,Snacks_Crackers_1158,2024-09-01,661.5699982643127,975.2779959678645,-313.70799770355177,-32.17,91,149
1093,Snacks_Chips_1093,2024-12-01,579.0135018587113,853.5345022439957,-274.5210003852844,-32.16,76,111
1098,Electronics_Mobile Accessories_1098,2022-03-01,9317.699890136719,13730.804973602295,-4413.105083465576,-32.14,90,165
1144,Household_Detergent_1144,2021-06-01,1879.8000049591064,2770.038009262085,-890.2380043029784,-32.14,130,230
1193,Beverages_Tea_1193,2021-08-01,1795.5139574050902,2645.741925430297,-850.227968025207,-32.14,146,224
1186,Dairy_Yogurt_1186,2024-12-01,447.0625022768974,658.7425040841102,-211.68000180721282,-32.13,85,127
1100,Electronics_Mobile Accessories_1100,2025-04-01,1509.2699295043944,2223.629928588867,-714.3599990844727,-32.13,89,168
1110,Grocery_Canned Goods_1110,2021-12-01,1135.5479873657227,1672.7619905471802,-537.2140031814574,-32.12,66,98
1004,Beverages_Juices_1004,2022-05-01,2905.5849843025208,4280.3150362968445,-1374.7300519943237,-32.12,128,221
1119,Grocery_Pasta_1119,2022-09-01,3715.2099685668945,5471.9339012146,-1756.7239326477056,-32.10,103,169
1113,Dairy_Cheese_1113,2021-02-01,3690.650059509277,5434.365115356445,-1743.715055847168,-32.09,177,249
1055,Dairy_Butter_1055,2022-10-01,802.0800247192383,1180.840036392212,-378.76001167297363,-32.08,72,106
1011,Personal Care_Shampoo_1011,2025-02-01,2961.793493747711,4357.253984451294,-1395.4604907035828,-32.03,179,265
1085,Personal Care_Skincare_1085,2025-04-01,2433.173923110962,3579.795885467528,-1146.6219623565662,-32.03,98,189
1144,Household_Detergent_1144,2023-11-01,1061.6900025367736,1561.680004119873,-499.99000158309946,-32.02,74,108
1057,Beverages_Tea_1057,2024-03-01,3064.135021686554,4507.505000591278,-1443.3699789047241,-32.02,129,202
1063,Snacks_Chocolates_1063,2024-09-01,1767.9799251556396,2600.9199924468994,-832.9400672912598,-32.02,109,182
1027,Snacks_Chips_1027,2021-06-01,701.8000221252441,1032.2080203056335,-330.4079981803893,-32.01,116,215
1023,Personal Care_Toothpaste_1023,2022-08-01,6941.518093490601,10203.704154205321,-3262.18606071472,-31.97,128,193
1089,Electronics_Mobile Accessories_1089,2021-06-01,7716.149642944336,11343.013510894776,-3626.86386795044,-31.97,117,188
1112,Household_Paper Products_1112,2025-02-01,1206.4139852523804,1773.2909774780273,-566.876992225647,-31.97,139,205
1093,Snacks_Chips_1093,2024-06-01,852.4740037918091,1252.8600029945374,-400.38599920272827,-31.96,116,157
1016,Grocery_Rice_1016,2024-12-01,1347.0440370082856,1979.8720543861389,-632.8280173778533,-31.96,75,103
1132,Dairy_Butter_1132,2021-03-01,4104.039855957031,6029.215829467774,-1925.1759735107426,-31.93,118,200
1056,Snacks_Nuts_1056,2024-02-01,792.929995059967,1164.6679945945743,-371.7379995346073,-31.92,159,227
1148,Household_Cleaning Supplies_1148,2023-09-01,5253.780059814453,7715.715997314452,-2461.9359374999985,-31.91,98,181
1081,Snacks_Nuts_1081,2023-03-01,1120.360041046143,1645.0375521183014,-524.6775110721585,-31.89,129,196
1075,Snacks_Crackers_1075,2024-02-01,2108.733959150314,3095.879940032959,-987.1459808826448,-31.89,188,276
1027,Snacks_Chips_1027,2022-11-01,490.4540150165558,719.9500226974487,-229.49600768089294,-31.88,88,119
1198,Dairy_Cheese_1198,2022-05-01,2712.447484970093,3981.7975177764893,-1269.3500328063965,-31.88,106,211
1113,Dairy_Cheese_1113,2025-04-01,2172.900079345703,3188.0101276397704,-1015.1100482940674,-31.84,90,199
1182,Beverages_Tea_1182,2021-10-01,841.2000274658203,1233.7600402832031,-392.5600128173828,-31.82,60,88
1147,Snacks_Crackers_1147,2023-05-01,2239.9199752807617,3284.7679974555977,-1044.848022174836,-31.81,108,202
1139,Dairy_Cream_1139,2024-02-01,3897.664844322204,5715.869771575926,-1818.2049272537224,-31.81,203,295
1117,Snacks_Crackers_1117,2025-04-01,819.755966091156,1201.7039752960202,-381.9480092048642,-31.78,84,178
1102,Snacks_Biscuits_1102,2025-10-01,1572.420066833496,2304.780097961426,-732.3600311279297,-31.78,73,107
1005,Household_Paper Products_1005,2022-09-01,1628.4000701904297,2386.845073699951,-758.4450035095215,-31.78,92,151
1003,Household_Cleaning Supplies_1003,2022-10-01,852,1248,-396,-31.73,71,104
1038,Electronics_Cables_1038,2025-04-01,9569.629888916015,14017.709906005857,-4448.080017089842,-31.73,102,208
1091,Dairy_Butter_1091,2024-02-01,1324.043967819214,1939.3444523096084,-615.3004844903944,-31.73,187,266
1151,Electronics_Cables_1151,2022-05-01,16146.364601135254,23648.8224067688,-7502.457805633545,-31.72,121,223
1020,Beverages_Juices_1020,2023-10-01,557.7600021362305,816.7200031280518,-258.9600009918213,-31.71,56,82
1004,Beverages_Juices_1004,2021-06-01,3201.779960632324,4688.064008712769,-1486.2840480804443,-31.70,129,225
1034,Household_Cleaning Supplies_1034,2023-10-01,3971.64009475708,5813.560138702393,-1841.9200439453125,-31.68,69,101
1147,Snacks_Crackers_1147,2021-02-01,3516.203397083283,5145.670360469817,-1629.4669633865337,-31.67,202,290
1130,Snacks_Nuts_1130,2024-02-01,2870.399044227601,4200.688063049316,-1330.2890188217152,-31.67,203,298
1153,Electronics_Batteries_1153,2022-06-01,13661.200103759766,19989.55015182495,-6328.350048065186,-31.66,85,141
1091,Dairy_Butter_1091,2024-04-01,767.2629804134369,1122.3384719133385,-355.07549149990155,-31.64,95,147
1094,Grocery_Rice_1094,2024-11-01,1285.227999305725,1880,-594.772000694275,-31.64,57,80
1124,Dairy_Cheese_1124,2024-03-01,3269.356071186065,4781.528088665012,-1512.1720174789466,-31.63,157,236
1047,Household_Detergent_1047,2023-10-01,2419.3700408935547,3538.780059814453,-1119.4100189208984,-31.63,67,98
1044,Snacks_Biscuits_1044,2024-03-01,2817.3880941390994,4120.156136894226,-1302.7680427551263,-31.62,154,226
1123,Beverages_Water_1123,2025-03-01,1175.128969097137,1718.5825114250183,-543.4535423278812,-31.62,161,208
1167,Grocery_Rice_1167,2022-06-01,4370.850151062012,6390.690216064453,-2019.8400650024414,-31.61,99,150
1090,Dairy_Cheese_1090,2022-11-01,2824.3450622558594,4129.02010345459,-1304.6750411987305,-31.60,90,113
1030,Dairy_Cream_1030,2025-02-01,3162.911565208435,4623.916032409668,-1461.0044672012332,-31.60,161,252
1088,Household_Cleaning Supplies_1088,2024-02-01,3450.2489645004266,5043.785447025297,-1593.5364825248703,-31.59,198,293
1064,Snacks_Biscuits_1064,2025-03-01,2251.8700308799744,3290.2225053310394,-1038.352474451065,-31.56,186,218
1062,Personal Care_Deodorant_1062,2023-05-01,2976.3600311279297,4346.860035896301,-1370.5000047683716,-31.53,102,175
1138,Household_Cleaning Supplies_1138,2025-04-01,3884.7599075317385,5673.400086975098,-1788.6401794433596,-31.53,87,195
1079,Beverages_Juices_1079,2022-06-01,571.999979019165,835.2499711513519,-263.2499921321869,-31.52,110,165
1027,Snacks_Chips_1027,2023-11-01,348.07701075077057,508.2000160217285,-160.12300527095795,-31.51,61,84
1035,Electronics_Batteries_1035,2022-05-01,29077.560516357422,42451.279724121094,-13373.719207763672,-31.50,122,236
1063,Snacks_Chocolates_1063,2024-05-01,1265.1599464416504,1846.8569401741026,-581.6969937324523,-31.50,78,128
1195,Snacks_Chocolates_1195,2021-09-01,2050.1600074768066,2992.3010026931765,-942.1409952163699,-31.49,98,155
1096,Electronics_Mobile Accessories_1096,2021-06-01,13368.220108032227,19508.65016937256,-6140.430061340332,-31.48,118,202
1074,Personal Care_Skincare_1074,2023-08-01,7094.499847412109,10350.957778930664,-3256.4579315185547,-31.46,142,208
1110,Grocery_Canned Goods_1110,2024-02-01,2956.619948959349,4313.014931297303,-1356.3949823379535,-31.45,195,277
1022,Household_Cleaning Supplies_1022,2023-02-01,9026.30980873108,13165.699756622314,-4139.389947891235,-31.44,201,284
1195,Snacks_Chocolates_1195,2025-02-01,3601.06607761383,5249.352116394042,-1648.286038780212,-31.40,206,302
1177,Snacks_Chips_1177,2024-03-01,349.1319991588593,508.86800727844235,-159.73600811958306,-31.39,143,226
1018,Personal Care_Deodorant_1018,2021-06-01,7281.119979858398,10613.062913894653,-3331.942934036255,-31.39,132,229
1054,Snacks_Chips_1054,2025-03-01,1340.0199787139895,1952.5179755210886,-612.4979968070991,-31.37,191,233
1138,Household_Cleaning Supplies_1138,2024-09-01,3887.5198974609375,5662.719982910157,-1775.2000854492198,-31.35,84,133
1161,Electronics_Batteries_1161,2024-05-01,8183.340362548828,11916.256451416015,-3732.9160888671868,-31.33,99,157
1051,Electronics_Cables_1051,2022-06-01,6421.499862670898,9351.292296409607,-2929.7924337387085,-31.33,90,135
1012,Beverages_Juices_1012,2024-08-01,1681.2839740753175,2448.0419961929324,-766.7580221176149,-31.32,139,193
1199,Electronics_Cables_1199,2025-03-01,19009.433869934084,27671.04933166504,-8661.615461730955,-31.30,124,152
1151,Electronics_Cables_1151,2023-09-01,12274.77963256836,17863.865670776366,-5589.086038208006,-31.29,86,150
1112,Household_Paper Products_1112,2022-06-01,923.8200101852417,1344.1200170516968,-420.3000068664551,-31.27,89,140
1192,Dairy_Milk_1192,2024-05-01,1977.2999382019043,2876.863941955566,-899.5640037536618,-31.27,90,150
1135,Household_Trash Bags_1135,2024-04-01,5183.480079650879,7541.166034698486,-2357.6859550476074,-31.26,115,171
1141,Beverages_Coffee_1141,2025-04-01,912.5999794006348,1327.444968223571,-414.84498882293633,-31.25,108,226
1096,Electronics_Mobile Accessories_1096,2025-06-01,9502.225082397461,13821.380111694336,-4319.155029296875,-31.25,90,122
1093,Snacks_Chips_1093,2021-06-01,1013.4600024223328,1473.6630059480667,-460.20300352573395,-31.23,127,229
1162,Dairy_Yogurt_1162,2023-09-01,2164.7999687194824,3147.9360607147214,-983.136091995239,-31.23,82,161
1040,Electronics_Mobile Accessories_1040,2021-06-01,9399.480033874512,13668.58692817688,-4269.106894302367,-31.23,111,196
1149,Electronics_Chargers_1149,2023-02-01,15355.008226776123,22314.098308944704,-6959.090082168581,-31.19,171,259
1112,Household_Paper Products_1112,2024-11-01,792.840008354187,1152.180012702942,-359.34000434875486,-31.19,81,111
1199,Electronics_Cables_1199,2025-02-01,27671.04933166504,40211.48922729492,-12540.439895629883,-31.19,152,201
1197,Electronics_Mobile Accessories_1197,2023-02-01,2547.4499497413635,3701.939935684204,-1154.4899859428406,-31.19,181,255
1073,Electronics_Chargers_1073,2023-05-01,9871.159774780273,14337.329934692381,-4466.170159912108,-31.15,82,145
1035,Electronics_Batteries_1035,2024-05-01,27237.180541992188,39545.35281982421,-12308.172277832025,-31.12,111,171
1094,Grocery_Rice_1094,2022-06-01,2444,3548.440010070801,-1104.4400100708008,-31.12,104,158
1121,Grocery_Rice_1121,2024-10-01,1976.5599479675293,2869.199924468994,-892.6399765014648,-31.11,62,90
1037,Electronics_Cables_1037,2022-08-01,24983.430036926275,36266.76793518067,-11283.337898254398,-31.11,161,232
1181,Personal Care_Soap_1181,2025-09-01,3590.7300567626953,5212.4400329589835,-1621.7099761962882,-31.11,93,154
1146,Snacks_Chocolates_1146,2022-03-01,2029.0000915527344,2944.800096988678,-915.8000054359436,-31.10,100,195
1126,Beverages_Soft Drinks_1126,2022-02-01,3506.027594566345,5086.487639427185,-1580.4600448608398,-31.07,185,257
1171,Personal Care_Toothpaste_1171,2025-02-01,5809.570720672607,8428.23159790039,-2618.660877227783,-31.07,168,240
1196,Grocery_Pasta_1196,2022-06-01,3113.760055541992,4517.250066757202,-1403.49001121521,-31.07,104,157
1059,Electronics_Cables_1059,2023-03-01,2189.8659477233887,3176.2698921203605,-986.4039443969718,-31.06,128,184
1021,Grocery_Canned Goods_1021,2025-10-01,1729.7999954223633,2508.2099933624268,-778.4099979400635,-31.03,60,87
1174,Electronics_Mobile Accessories_1174,2022-02-01,33824.58042526245,49043.37064361572,-15218.790218353271,-31.03,189,271
1177,Snacks_Chips_1177,2023-05-01,289.6799912452698,419.98149251937866,-130.3015012741089,-31.03,102,182
1144,Household_Detergent_1144,2021-09-01,1113.420002937317,1614.2250156402588,-500.8050127029419,-31.02,77,124
1073,Electronics_Chargers_1073,2023-02-01,18321.251773452757,26555.975701141353,-8234.723927688596,-31.01,183,270
1125,Personal Care_Toothpaste_1125,2024-11-01,1860.92995262146,2696.999931335449,-836.0699787139893,-31.00,69,100
1189,Electronics_Batteries_1189,2022-11-01,5759.166842269898,8344.92977142334,-2585.762929153442,-30.99,75,107
1091,Dairy_Butter_1091,2025-04-01,655.4999828338623,949.7199778556824,-294.21999502182007,-30.98,75,152
1077,Household_Cleaning Supplies_1077,2023-09-01,4283.999862670898,6205.136042785643,-1921.136180114745,-30.96,90,166
1030,Dairy_Cream_1030,2021-06-01,2755.000114440918,3988.93264055252,-1233.9325261116019,-30.93,125,228
1127,Grocery_Rice_1127,2022-05-01,1799.1000232696533,2604.5999908447266,-805.4999675750732,-30.93,92,180
1143,Dairy_Cheese_1143,2023-05-01,1738.2099075317383,2515.8249416351314,-777.6150341033931,-30.91,101,181
1043,Electronics_Batteries_1043,2024-02-01,3934.898094177246,5695.218633651733,-1760.3205394744873,-30.91,200,292
1108,Dairy_Butter_1108,2024-02-01,6729.545736694336,9735.193734741211,-3005.6479980468757,-30.87,215,287
1103,Dairy_Milk_1103,2022-12-01,2974.449951171875,4302.339940643311,-1327.889989471436,-30.86,79,119
1150,Electronics_Batteries_1150,2021-06-01,14245.979934692383,20603.42538795471,-6357.445453262328,-30.86,107,196
1021,Grocery_Canned Goods_1021,2022-06-01,2335.2299938201904,3376.650013923645,-1041.4200201034546,-30.84,81,132
1033,Household_Paper Products_1033,2021-11-01,2333.741901397705,3373.7598571777344,-1040.0179557800293,-30.83,75,104
1120,Grocery_Cereals_1120,2021-02-01,7421.18201599121,10718.76399154663,-3297.5819755554194,-30.76,192,273
1023,Personal Care_Toothpaste_1023,2024-03-01,6376.955012321472,9206.310052871704,-2829.355040550232,-30.73,119,183
1042,Grocery_Canned Goods_1042,2024-03-01,6114.352137565613,8826.512125015259,-2712.159987449646,-30.73,152,236
1182,Beverages_Tea_1182,2024-09-01,1289.8400421142578,1861.8220328330992,-571.9819907188414,-30.72,92,144
1081,Snacks_Nuts_1081,2023-11-01,801.6840326309203,1156.9000482559204,-355.21601562500007,-30.70,82,115
1067,Grocery_Cereals_1067,2023-09-01,3816.889976501465,5506.545973205566,-1689.6559967041012,-30.68,77,146
1062,Personal Care_Deodorant_1062,2022-08-01,3353.816032028198,4838.236040687561,-1484.4200086593632,-30.68,129,192
1094,Grocery_Rice_1094,2025-03-01,3321.2550624847404,4790.486396694182,-1469.2313342094417,-30.67,201,253
1176,Snacks_Chocolates_1176,2021-06-01,799.1099910736084,1152.5479872226715,-353.4379961490631,-30.67,117,204
1197,Electronics_Mobile Accessories_1197,2022-02-01,2717.970012664795,3919.740026473999,-1201.770013809204,-30.66,194,293
1028,Household_Paper Products_1028,2022-02-01,5557.099914550781,8009.314896583557,-2452.214982032776,-30.62,175,263
1048,Snacks_Biscuits_1048,2021-06-01,1858.579984664917,2678.1999623298643,-819.6199776649473,-30.60,134,236
1199,Electronics_Cables_1199,2024-03-01,28345.07367706299,40839.7738571167,-12494.700180053711,-30.59,143,214
1014,Dairy_Butter_1014,2022-03-01,775.1699924468994,1116.524983882904,-341.35499143600464,-30.57,99,196
1087,Snacks_Crackers_1087,2023-09-01,885.4800071716309,1275.408002471924,-389.9279953002931,-30.57,94,171
1174,Electronics_Mobile Accessories_1174,2023-05-01,28661.15072631836,41258.85809478759,-12597.70736846923,-30.53,119,214
1083,Dairy_Cheese_1083,2024-05-01,1346.360011100769,1937.8100221157079,-591.4500110149388,-30.52,97,157
1098,Electronics_Mobile Accessories_1098,2025-09-01,8178.869903564453,11770.457923126216,-3591.588019561763,-30.51,79,123
1032,Snacks_Chocolates_1032,2021-02-01,2569.8890328407288,3697.7235267162323,-1127.8344938755035,-30.50,210,288
1013,Grocery_Cereals_1013,2021-08-01,3952.99203414917,5686.862073612214,-1733.8700394630437,-30.49,125,176
1046,Household_Paper Products_1046,2023-08-01,6377.51986694336,9175.259806823731,-2797.739939880371,-30.49,133,189
1127,Grocery_Rice_1127,2023-10-01,1164.5100173950195,1675.260025024414,-510.75000762939453,-30.49,57,82
1121,Grocery_Rice_1121,2024-02-01,5086.094974994659,7316.229943275452,-2230.1349682807922,-30.48,192,270
1050,Snacks_Chips_1050,2025-03-01,2307.7649927139287,3319.4379964828495,-1011.6730037689208,-30.48,188,223
1135,Household_Trash Bags_1135,2022-02-01,6649.1774644851685,9558.652571678162,-2909.475107192993,-30.44,196,251
1016,Grocery_Rice_1016,2023-02-01,2447.4680675506597,3517.834097099304,-1070.3660295486443,-30.43,152,219
1001,Electronics_Chargers_1001,2022-02-01,26617.57960510254,38260.19943237305,-11642.619827270508,-30.43,216,320
1117,Snacks_Crackers_1117,2024-03-01,1141.1149605751039,1639.977447557449,-498.8624869823452,-30.42,132,198
1104,Grocery_Pasta_1104,2024-05-01,2302.0800914764404,3308.217624092102,-1006.1375326156617,-30.41,109,179
1015,Dairy_Cream_1015,2024-04-01,2817.5379301071166,4048.725881767273,-1231.1879516601566,-30.41,118,162
1074,Personal Care_Skincare_1074,2023-03-01,6520.301834106445,9367.644914627075,-2847.34308052063,-30.40,117,180
1113,Dairy_Cheese_1113,2023-02-01,3420.7700576782236,4915.075059509277,-1494.3050018310532,-30.40,163,244
1013,Grocery_Cereals_1013,2024-04-01,3504.8975902557377,5034.948651504516,-1530.0510612487788,-30.39,116,166
1040,Electronics_Mobile Accessories_1040,2023-03-01,9067.463990783692,13025.736447143556,-3958.272456359864,-30.39,115,196
1195,Snacks_Chocolates_1195,2023-03-01,1828.519998550415,2626.984056091308,-798.464057540893,-30.39,100,150
1017,Household_Paper Products_1017,2024-08-01,5718.7019599914565,8213.261949920656,-2494.559989929199,-30.37,149,220
1022,Household_Cleaning Supplies_1022,2021-06-01,5372.359970092773,7713.991928863525,-2341.631958770751,-30.36,98,172
1047,Household_Detergent_1047,2023-05-01,4188.760070800781,6014.618003845215,-1825.8579330444336,-30.36,116,211
1190,Dairy_Milk_1190,2021-09-01,1681.5800189971924,2414.4329681396484,-732.852949142456,-30.35,83,138
1048,Snacks_Biscuits_1048,2025-10-01,859.9399929046631,1234.4299898147583,-374.4899969100952,-30.34,62,89
1124,Dairy_Cheese_1124,2021-10-01,1464.4400520324707,2102.1800746917725,-637.7400226593018,-30.34,62,89
1094,Grocery_Rice_1094,2021-06-01,2867,4115.360022354125,-1248.3600223541252,-30.33,122,204
1077,Household_Cleaning Supplies_1077,2021-08-01,6845.355919265748,9825.11587753296,-2979.759958267213,-30.33,163,234
1018,Personal Care_Deodorant_1018,2024-02-01,8128.703938293459,11665.671915435792,-3536.9679771423334,-30.32,174,247
1139,Dairy_Cream_1139,2024-03-01,2716.6248914718626,3897.664844322204,-1181.0399528503413,-30.30,141,203
1145,Household_Trash Bags_1145,2023-03-01,1306.9960065841676,1875.2889771461487,-568.2929705619811,-30.30,136,200
1007,Personal Care_Shampoo_1007,2024-09-01,6524.2202072143555,9357.621090698241,-2833.400883483886,-30.28,97,153
1028,Household_Paper Products_1028,2024-03-01,5397.588281822203,7742.037205696105,-2344.4489238739025,-30.28,160,220
1182,Beverages_Tea_1182,2024-08-01,1861.8220328330992,2670.3700184822073,-808.5479856491081,-30.28,144,218
1112,Household_Paper Products_1112,2021-08-01,1322.9820184707642,1896.9300277233124,-573.9480092525482,-30.26,144,212
1177,Snacks_Chips_1177,2021-06-01,301.039990901947,431.6259913444519,-130.58600044250488,-30.25,106,170
1082,Household_Detergent_1082,2022-06-01,4153.379985809326,5953.687497138977,-1800.3075113296509,-30.24,93,139
1068,Electronics_Chargers_1068,2023-02-01,15931.54245376587,22833.436557769775,-6901.894104003906,-30.23,205,302
1199,Electronics_Cables_1199,2023-02-01,32906.76428222656,47163.5534362793,-14256.789154052734,-30.23,172,249
1063,Snacks_Chocolates_1063,2022-02-01,2116.1399517059326,3032.4799194335938,-916.3399677276611,-30.22,197,264
1155,Electronics_Mobile Accessories_1155,2023-08-01,2860.6398887634277,4099.599838256836,-1238.9599494934082,-30.22,156,235
1092,Household_Detergent_1092,2023-02-01,4049.0199661254883,5802.107891082764,-1753.0879249572754,-30.21,170,258
1132,Dairy_Butter_1132,2023-08-01,4036.9519104003907,5782.8118652343765,-1745.8599548339857,-30.19,151,212
1105,Beverages_Water_1105,2023-07-01,1974.4880729675292,2827.936145019531,-853.4480720520019,-30.18,140,171
1047,Household_Detergent_1047,2025-09-01,3322.1200561523438,4757.560043334961,-1435.4399871826172,-30.17,92,146
1050,Snacks_Chips_1050,2025-09-01,1659.1200141906738,2375.5559635162354,-716.4359493255615,-30.16,93,151
1166,Grocery_Spices_1166,2025-10-01,4340.159973144531,6214.319961547852,-1874.1599884033203,-30.16,88,126
1176,Snacks_Chocolates_1176,2021-03-01,778.6199913024902,1114.430488419533,-335.8104971170428,-30.13,114,200
1035,Electronics_Batteries_1035,2025-03-01,35631.99178619385,50966.30238647461,-15334.310600280754,-30.09,211,246
1023,Personal Care_Toothpaste_1023,2021-03-01,6203.63996887207,8871.9750623703,-2668.33509349823,-30.08,102,180
1110,Grocery_Canned Goods_1110,2023-11-01,1145.5849928855896,1638.4899864196777,-492.90499353408813,-30.08,68,89
1069,Grocery_Spices_1069,2023-03-01,4046.0119194030763,5784.908070373536,-1738.89615097046,-30.06,124,181
1194,Dairy_Butter_1194,2023-02-01,1656.0179704666139,2367.5984406948082,-711.5804702281944,-30.05,203,301
1124,Dairy_Cheese_1124,2022-07-01,2032.4620358467105,2905.260103225708,-872.7980673789975,-30.04,101,123
1088,Household_Cleaning Supplies_1088,2022-09-01,2010.1999855041504,2872.4720901489263,-862.2721046447759,-30.02,95,158
1171,Personal Care_Toothpaste_1171,2023-11-01,2682.7378890991213,3833.6398315429688,-1150.9019424438475,-30.02,69,92
1008,Personal Care_Shampoo_1008,2024-09-01,4262.1798667907715,6089.629859924316,-1827.449993133545,-30.01,97,161
1124,Dairy_Cheese_1124,2021-06-01,3259.560115814209,4656.200074958801,-1396.6399591445925,-30.00,138,237
1180,Grocery_Spices_1180,2021-08-01,1033.1159734249115,1475.774959802627,-442.65898637771556,-30.00,138,196
1023,Personal Care_Toothpaste_1023,2023-02-01,8642.05505657196,12342.930082321167,-3700.8750257492065,-29.98,174,249
1144,Household_Detergent_1144,2021-08-01,1614.2250156402588,2305.131023788452,-690.906008148193,-29.97,124,180
1191,Dairy_Butter_1191,2023-05-01,1039.4999599456787,1484.2934708356856,-444.7935108900069,-29.97,105,184
1132,Dairy_Butter_1132,2021-06-01,4695.299835205078,6703.827811336518,-2008.5279761314396,-29.96,135,225
1132,Dairy_Butter_1132,2024-06-01,3386.56489238739,4834.419830322266,-1447.8549379348756,-29.95,104,139
1078,Electronics_Cables_1078,2024-03-01,24138.150524139404,34455.08110809326,-10316.930583953857,-29.94,159,230
1189,Electronics_Batteries_1189,2025-10-01,5303.319854736328,7565.0297927856445,-2261.7099380493164,-29.90,68,97
1189,Electronics_Batteries_1189,2021-09-01,6785.129814147949,9677.699084472657,-2892.5692703247078,-29.89,87,141
1174,Electronics_Mobile Accessories_1174,2023-10-01,14691.850372314453,20953.95053100586,-6262.100158691406,-29.89,61,87
1134,Household_Paper Products_1134,2024-03-01,1857.7440119743349,2649.6180235862726,-791.8740116119377,-29.89,159,234
1105,Beverages_Water_1105,2024-03-01,2214.3400506973267,3158.256031036377,-943.9159803390503,-29.89,148,222
1172,Electronics_Chargers_1172,2021-06-01,12366.049667358398,17633.360023498535,-5267.310356140137,-29.87,109,187
1179,Household_Cleaning Supplies_1179,2021-11-01,2244.9280166625977,3201.240016937256,-956.3120002746582,-29.87,86,111
1187,Personal Care_Skincare_1187,2021-06-01,7777.149833679199,11086.051285743713,-3308.901452064514,-29.85,109,194
1128,Grocery_Spices_1128,2024-09-01,2578.2599925994873,3675.3240009307865,-1097.0640083312992,-29.85,97,155
1001,Electronics_Chargers_1001,2023-02-01,20483.980346679688,29197.058282470694,-8713.077935791007,-29.84,155,211
1068,Electronics_Chargers_1068,2023-03-01,11182.519653320312,15931.54245376587,-4749.022800445557,-29.81,132,205
1171,Personal Care_Toothpaste_1171,2022-05-01,4377.907333374023,6237.262344360352,-1859.3550109863281,-29.81,116,200
1134,Household_Paper Products_1134,2023-09-01,1203.2099933624268,1714.0020343780516,-510.7920410156248,-29.80,87,165
1057,Beverages_Tea_1057,2023-05-01,3178.920063018799,4526.902473449707,-1347.9824104309082,-29.78,118,214
1029,Grocery_Canned Goods_1029,2021-11-01,1547.6129808425903,2204.0999698638916,-656.4869890213013,-29.78,57,79
1056,Snacks_Nuts_1056,2025-02-01,825.1759969711304,1174.9339917182929,-349.75799474716246,-29.77,158,239
1128,Grocery_Spices_1128,2024-08-01,3675.3240009307865,5232.804004287718,-1557.4800033569318,-29.76,155,225
1174,Electronics_Mobile Accessories_1174,2023-03-01,25963.630218505856,36965.38650512695,-11001.756286621097,-29.76,124,189
1130,Snacks_Nuts_1130,2022-02-01,2734.0800898075104,3891.960127353668,-1157.8800375461578,-29.75,209,300
1076,Snacks_Chocolates_1076,2021-06-01,2242.0000076293945,3191.5179927825925,-949.517985153198,-29.75,100,185
1040,Electronics_Mobile Accessories_1040,2024-02-01,13099.746315765378,18633.232446289065,-5533.486130523686,-29.70,183,260
1011,Personal Care_Shampoo_1011,2023-02-01,3463.1310091018677,4926.502496242523,-1463.3714871406555,-29.70,205,296
1193,Beverages_Tea_1193,2021-09-01,1262.1699895858765,1795.5139574050902,-533.3439678192137,-29.70,91,146
1147,Snacks_Crackers_1147,2021-06-01,2509.539972305298,3569.475997829437,-1059.936025524139,-29.69,121,211
1065,Electronics_Chargers_1065,2025-03-01,21956.598375701902,31225.644543457034,-9269.046167755132,-29.68,176,210
1032,Snacks_Chocolates_1032,2023-08-01,1673.21600189209,2379.1120002746584,-705.8959983825685,-29.67,146,203
1131,Snacks_Crackers_1131,2022-02-01,2855.8199830055237,4060.0399780273438,-1204.21999502182,-29.66,165,236
1192,Dairy_Milk_1192,2024-03-01,2541.387967681885,3613.2179790496825,-1071.8300113677974,-29.66,139,210
1122,Dairy_Yogurt_1122,2022-06-01,2938.8000354766846,4175.150056838989,-1236.3500213623047,-29.61,93,140
1015,Dairy_Cream_1015,2022-06-01,2821.5199127197266,4008.5098972320557,-1186.989984512329,-29.61,104,160
1164,Electronics_Cables_1164,2023-11-01,15472.548425292967,21978.880615234375,-6506.332189941408,-29.60,80,112
1155,Electronics_Mobile Accessories_1155,2022-02-01,2952.94992351532,4194.189896583557,-1241.2399730682373,-29.59,168,245
1070,Grocery_Canned Goods_1070,2025-03-01,6126.138949394226,8699.518911743167,-2573.3799623489413,-29.58,211,242
1088,Household_Cleaning Supplies_1088,2021-06-01,2666.159980773926,3785.812477827072,-1119.6524970531464,-29.57,126,225
1178,Beverages_Soft Drinks_1178,2024-09-01,2082.7800464630127,2957.399962997437,-874.6199165344242,-29.57,87,141
1148,Household_Cleaning Supplies_1148,2024-09-01,5253.780059814453,7456.695040893557,-2202.914981079104,-29.54,98,156
1158,Snacks_Crackers_1158,2025-02-01,1047.0999853610992,1485.9139739036564,-438.8139885425571,-29.53,169,251
1134,Household_Paper Products_1134,2021-04-01,1267.0649905204773,1797.899990081787,-530.8349995613098,-29.53,117,130
1187,Personal Care_Skincare_1187,2024-02-01,11370.539987182621,16132.377517318728,-4761.837530136107,-29.52,186,268
1197,Electronics_Mobile Accessories_1197,2023-11-01,991.175997543335,1406.3999938964844,-415.22399635314935,-29.52,61,80
1080,Snacks_Chips_1080,2025-04-01,2378.5599994659424,3374.0279926300045,-995.4679931640621,-29.50,112,222
1064,Snacks_Biscuits_1064,2023-02-01,2587.017488718033,3669.2545190334317,-1082.237030315399,-29.49,181,235
1157,Household_Cleaning Supplies_1157,2024-08-01,1519.555009841919,2154.94401473999,-635.3890048980711,-29.49,120,164
1112,Household_Paper Products_1112,2021-06-01,1276.740014076233,1810.7950256586075,-534.0550115823746,-29.49,123,201
1090,Dairy_Cheese_1090,2023-06-01,3762.136080932617,5334.840133666992,-1572.7040527343752,-29.48,108,146
1118,Dairy_Milk_1118,2024-04-01,2697.089027404785,3822.407066345215,-1125.3180389404297,-29.44,130,176
1004,Beverages_Juices_1004,2021-03-01,2779.8399658203125,3937.9650229454032,-1158.1250571250907,-29.41,112,195
1009,Electronics_Batteries_1009,2023-09-01,8731.19970703125,12369.199951171875,-3638.000244140625,-29.41,96,172
1162,Dairy_Yogurt_1162,2022-02-01,3931.9498891830444,5568.7498598098755,-1636.799970626831,-29.39,215,284
1136,Personal Care_Shampoo_1136,2024-09-01,5606.970085144043,7940.713915634156,-2333.7438304901134,-29.39,93,149
1002,Dairy_Cream_1002,2025-03-01,1551.4199466705322,2196.4404738426215,-645.0205271720893,-29.37,164,193
1033,Household_Paper Products_1033,2022-10-01,2108.599910736084,2984.4798736572266,-875.8799629211426,-29.35,65,92
1161,Electronics_Batteries_1161,2025-06-01,8586.3603515625,12151.020538330078,-3564.660186767578,-29.34,110,147
1160,Snacks_Nuts_1160,2023-08-01,847.1359893798827,1198.8119839668273,-351.6759945869445,-29.34,167,234
1088,Household_Cleaning Supplies_1088,2023-07-01,1789.416014099121,2532.4479858398436,-743.0319717407226,-29.34,113,124
1094,Grocery_Rice_1094,2025-08-01,3227.019975280762,4566.049955368042,-1339.02998008728,-29.33,151,219
1146,Snacks_Chocolates_1146,2022-02-01,2944.800096988678,4164.800141334534,-1220.0000443458557,-29.29,195,270
1174,Electronics_Mobile Accessories_1174,2024-05-01,23362.450592041016,33037.95252227783,-9675.501930236816,-29.29,97,152
1087,Snacks_Crackers_1087,2021-02-01,1579.4805285453797,2233.377040672303,-653.8965121269232,-29.28,199,282
1114,Electronics_Batteries_1114,2021-08-01,22338.811343383797,31579.34110946655,-9240.529766082753,-29.26,161,229
1099,Personal Care_Toothpaste_1099,2025-06-01,4619.545027732849,6529.040019989014,-1909.4949922561646,-29.25,101,131
1186,Dairy_Yogurt_1186,2021-06-01,687.9600048065186,972.4309971094132,-284.4709923028946,-29.25,126,216
1012,Beverages_Juices_1012,2023-05-01,1621.5000438690186,2291.319015598297,-669.8189717292785,-29.23,115,201
1027,Snacks_Chips_1027,2022-05-01,683.6800193786621,965.9900116920471,-282.309992313385,-29.22,120,220
1039,Beverages_Soft Drinks_1039,2025-03-01,4095.8939254760744,5785.807046318052,-1689.9131208419776,-29.21,231,268
1096,Electronics_Mobile Accessories_1096,2024-10-01,7137.270057678223,10082.810081481934,-2945.540023803711,-29.21,63,89
1046,Household_Paper Products_1046,2023-10-01,4655.199890136719,6575.469844818115,-1920.2699546813965,-29.20,80,113
1045,Electronics_Cables_1045,2021-02-01,22465.621784973147,31731.498590087882,-9265.876805114734,-29.20,196,268
1127,Grocery_Rice_1127,2024-04-01,1940.0875439643862,2739.5055798530575,-799.4180358886713,-29.18,105,156
1153,Electronics_Batteries_1153,2023-02-01,26791.04716644287,37819.98573532105,-11028.938568878177,-29.16,195,275
1085,Personal Care_Skincare_1085,2022-06-01,2609.739917755127,3683.2073826789856,-1073.4674649238586,-29.14,98,151
1121,Grocery_Rice_1121,2023-03-01,3725.9199378967296,5257.8399658203125,-1531.920027923583,-29.14,141,196
1054,Snacks_Chips_1054,2022-09-01,887.3999691009521,1252.357978439331,-364.9580093383788,-29.14,90,151
1045,Electronics_Cables_1045,2025-06-01,12708.930587768555,17933.670852661133,-5224.740264892578,-29.13,97,127
1095,Snacks_Chocolates_1095,2022-05-01,2421.4900045394897,3415.189970970154,-993.6999664306641,-29.10,121,214
1163,Household_Paper Products_1163,2022-11-01,2783.6399497985844,3925.949935913086,-1142.3099861145015,-29.10,86,105
1167,Grocery_Rice_1167,2023-08-01,5638.838105773927,7952.298112487792,-2313.4600067138654,-29.09,154,228
1163,Household_Paper Products_1163,2025-03-01,4019.5909692764285,5667.628016090393,-1648.037046813965,-29.08,158,181
1049,Electronics_Batteries_1049,2023-03-01,13692.448284912109,19297.430526733402,-5604.982241821293,-29.05,131,198
1021,Grocery_Canned Goods_1021,2024-03-01,3284.10300579071,4628.812521457672,-1344.709515666962,-29.05,130,198
1010,Grocery_Rice_1010,2023-07-01,1716.264040374756,2419.102046203613,-702.8380058288571,-29.05,143,153
1183,Electronics_Batteries_1183,2024-10-01,8830.139556884766,12442.469375610352,-3612.329818725586,-29.03,66,93
1073,Electronics_Chargers_1073,2024-03-01,14989.255766677858,21117.60775794983,-6128.351991271973,-29.02,142,214
1001,Electronics_Chargers_1001,2023-03-01,14540.599621582032,20483.980346679688,-5943.380725097655,-29.01,106,155
1156,Personal Care_Soap_1156,2023-03-01,3776.598059844971,5320.012116241453,-1543.4140563964825,-29.01,126,185
1015,Dairy_Cream_1015,2021-11-01,1772.3909494400023,2495.9599227905273,-723.5689733505251,-28.99,74,92
1106,Snacks_Chocolates_1106,2023-03-01,1185.6479896545409,1668.6409908294681,-482.99300117492726,-28.95,117,174
1184,Snacks_Chocolates_1184,2022-02-01,2554.9799423217773,3595.702425479889,-1040.7224831581116,-28.94,170,230
1041,Snacks_Nuts_1041,2021-11-01,919.418014717102,1293.4400215148926,-374.0220067977906,-28.92,76,94
1060,Household_Detergent_1060,2024-02-01,5241.320091247559,7372.395137786865,-2131.0750465393066,-28.91,163,231
1130,Snacks_Nuts_1130,2022-09-01,1719.7200622558594,2418.6840415954593,-698.9639793396,-28.90,102,164
1194,Dairy_Butter_1194,2021-03-01,1097.8200130462646,1543.7069664955143,-445.88695344924963,-28.88,114,193
1137,Snacks_Nuts_1137,2024-11-01,482.800984954834,678.7199788093567,-195.91899385452268,-28.87,73,101
1153,Electronics_Batteries_1153,2023-05-01,14946.96011352539,21014.380210876465,-6067.420097351074,-28.87,93,163
1109,Electronics_Batteries_1109,2025-04-01,2471.591957092285,3473.9369230270386,-1002.3449659347534,-28.85,72,148
1101,Snacks_Crackers_1101,2024-03-01,3097.3730239868164,4353.320037841797,-1255.9470138549805,-28.85,144,208
1018,Personal Care_Deodorant_1018,2021-10-01,4081.839988708496,5736.639984130859,-1654.7999954223633,-28.85,74,104
1170,Dairy_Yogurt_1170,2024-10-01,1576.1999435424805,2215.199920654297,-638.9999771118164,-28.85,74,104
1147,Snacks_Crackers_1147,2021-08-01,2270.720997047424,3190.5169943809515,-919.7959973335273,-28.83,126,177
1190,Dairy_Milk_1190,2022-06-01,1863.920021057129,2618.740019798279,-754.8199987411499,-28.82,92,145
1183,Electronics_Batteries_1183,2024-02-01,21862.84940338135,30710.295359802254,-8847.445956420903,-28.81,187,272
1156,Personal Care_Soap_1156,2024-03-01,4814.280105590822,6761.232147979735,-1946.9520423889126,-28.80,164,233
1144,Household_Detergent_1144,2024-03-01,1948.3714996814729,2735.701500558853,-787.3300008773799,-28.78,160,220
1194,Dairy_Butter_1194,2023-03-01,1179.3800067901611,1656.0179704666139,-476.6379636764527,-28.78,134,203
1009,Electronics_Batteries_1009,2025-04-01,8269.145733642577,11609.469728469847,-3340.3239948272694,-28.77,95,171
1131,Snacks_Crackers_1131,2024-04-01,2760.682969284058,3874.527497673034,-1113.844528388976,-28.75,130,192
1199,Electronics_Cables_1199,2021-10-01,13103.729965209961,18391.199951171875,-5287.469985961914,-28.75,57,80
1144,Household_Detergent_1144,2023-07-01,1696.5879808425905,2380.7359992980955,-684.148018455505,-28.74,149,174
1088,Household_Cleaning Supplies_1088,2025-04-01,1966.60198802948,2759.749019527435,-793.1470314979549,-28.74,96,185
1146,Snacks_Chocolates_1146,2022-05-01,2148.230092525482,3013.260103225708,-865.0300107002258,-28.71,112,194
1099,Personal Care_Toothpaste_1099,2021-06-01,7127.120021820068,9994.241049003602,-2867.1210271835334,-28.69,143,241
1005,Household_Paper Products_1005,2025-02-01,2901.896055650711,4069.1440785408013,-1167.2480228900904,-28.69,197,276
1169,Beverages_Soft Drinks_1169,2025-04-01,620.8020160675048,870.4080307006835,-249.6060146331787,-28.68,105,196
1179,Household_Cleaning Supplies_1179,2021-06-01,3806.8800201416016,5337.162456035613,-1530.2824358940115,-28.67,132,233
1113,Dairy_Cheese_1113,2025-03-01,3188.0101276397704,4469.46005859375,-1281.4499309539792,-28.67,199,220
1081,Snacks_Nuts_1081,2023-02-01,1645.0375521183014,2305.772570371628,-660.7350182533264,-28.66,196,280
1129,Electronics_Chargers_1129,2023-05-01,17423.75958251953,24421.736875534058,-6997.977293014526,-28.65,114,206
1129,Electronics_Chargers_1129,2024-02-01,25137.985031127944,35210.708123779295,-10072.723092651351,-28.61,195,277
1125,Personal Care_Toothpaste_1125,2022-09-01,2211.5399436950684,3097.0619831085205,-885.5220394134521,-28.59,82,127
1158,Snacks_Crackers_1158,2023-10-01,472.5499987602234,661.5699982643127,-189.01999950408936,-28.57,65,91
1171,Personal Care_Toothpaste_1171,2021-10-01,2708.5498809814453,3791.9698333740234,-1083.4199523925781,-28.57,65,91
1023,Personal Care_Toothpaste_1023,2021-09-01,6325.279968261719,8853.096089172364,-2527.8161209106456,-28.55,104,160
1136,Personal Care_Shampoo_1136,2021-06-01,8983.210136413574,12571.762199401855,-3588.5520629882812,-28.54,149,243
1131,Snacks_Crackers_1131,2021-06-01,2699.0499210357666,3776.1759510993957,-1077.126030063629,-28.52,115,197
1166,Grocery_Spices_1166,2021-12-01,3754.2639724731443,5251.091968917846,-1496.827996444702,-28.51,79,108
1175,Household_Trash Bags_1175,2022-03-01,6522.56001663208,9121.860091209412,-2599.3000745773315,-28.50,109,194
1186,Dairy_Yogurt_1186,2023-12-01,414.35600233078003,579.3775038123131,-165.02150148153305,-28.48,77,109
1117,Snacks_Crackers_1117,2024-02-01,1639.977447557449,2292.877426767349,-652.8999792098998,-28.48,198,277
1004,Beverages_Juices_1004,2022-02-01,3529.4350295066833,4935.025045871735,-1405.5900163650513,-28.48,182,257
1020,Beverages_Juices_1020,2024-11-01,855.0110029697419,1195.2000045776367,-340.18900160789485,-28.46,87,120
1025,Household_Detergent_1025,2024-02-01,1555.70146651268,2173.888441133499,-618.1869746208188,-28.44,222,301
1043,Electronics_Batteries_1043,2021-06-01,2204.3000717163086,3079.362578392029,-875.0625066757202,-28.42,94,160
1163,Household_Paper Products_1163,2023-10-01,2542.5199584960938,3552.0499420166016,-1009.5299835205078,-28.42,68,95
1124,Dairy_Cheese_1124,2023-03-01,2596.400068664551,3626.90003824234,-1030.4999695777892,-28.41,120,191
1113,Dairy_Cheese_1113,2024-02-01,3794.9400421142586,5301.260086059571,-1506.3200439453126,-28.41,190,254
1162,Dairy_Yogurt_1162,2025-07-01,3161.3999929428096,4415.399929046631,-1253.9999361038213,-28.40,134,176
1185,Personal Care_Toothpaste_1185,2021-02-01,11538.098829650875,16113.354774475096,-4575.255944824221,-28.39,186,254
1166,Grocery_Spices_1166,2022-06-01,4685.399971008301,6541.06499671936,-1855.6650257110596,-28.37,95,144
1101,Snacks_Crackers_1101,2023-02-01,3658.2140312194824,5106.60404586792,-1448.3900146484375,-28.36,174,246
1142,Electronics_Mobile Accessories_1142,2024-04-01,1834.0720262527466,2559.82603263855,-725.7540063858032,-28.35,136,187
1123,Beverages_Water_1123,2025-04-01,842.2979753494262,1175.128969097137,-332.83099374771086,-28.32,97,161
1074,Personal Care_Skincare_1074,2025-10-01,5076.26985168457,7081.70979309082,-2005.43994140625,-28.32,81,113
1200,Beverages_Juices_1200,2023-02-01,1146.967472791672,1599.7974603176115,-452.8299875259395,-28.31,185,251
1120,Grocery_Cereals_1120,2022-06-01,4876.199855804443,6797.654846191406,-1921.454990386963,-28.27,105,156
1194,Dairy_Butter_1194,2022-02-01,1531.5449913740158,2134.6049963235855,-603.0600049495697,-28.25,212,279
1117,Snacks_Crackers_1117,2021-10-01,606.3399744033813,844.8999643325806,-238.55998992919922,-28.24,61,85
1099,Personal Care_Toothpaste_1099,2023-05-01,5133.520015716553,7154.026950263978,-2020.5069345474249,-28.24,103,177
1156,Personal Care_Soap_1156,2024-04-01,3454.873072814941,4814.280105590822,-1359.407032775881,-28.24,109,164
1147,Snacks_Crackers_1147,2025-06-01,2039.0499832630157,2841.3799686431885,-802.3299853801727,-28.24,104,137
1064,Snacks_Biscuits_1064,2021-06-01,2156.9600372314453,3005.839053630829,-848.8790163993835,-28.24,122,202
1047,Household_Detergent_1047,2024-06-01,5105.616088294983,7113.670120239258,-2008.0540319442753,-28.23,147,197
1181,Personal Care_Soap_1181,2022-06-01,3938.2200622558594,5487.510051727295,-1549.2899894714355,-28.23,102,157
1086,Grocery_Rice_1086,2025-04-01,1451.3140374183654,2021.8520391464235,-570.5380017280581,-28.22,103,172
1050,Snacks_Chips_1050,2022-11-01,1306.3600130081177,1819.6800155639648,-513.3200025558472,-28.21,79,102
1183,Electronics_Batteries_1183,2022-10-01,11238.359436035156,15653.429214477539,-4415.069778442383,-28.21,84,117
1179,Household_Cleaning Supplies_1179,2022-08-01,3581.631945037842,4988.082930183411,-1406.4509851455691,-28.20,139,194
1006,Beverages_Coffee_1006,2024-03-01,1317.6844730377197,1835.3224573135376,-517.6379842758179,-28.20,118,169
1070,Grocery_Canned Goods_1070,2022-06-01,4050.2398681640625,5640.209827423096,-1589.9699592590332,-28.19,96,149
1118,Dairy_Milk_1118,2022-03-01,2346.300075531006,3267.1650943756104,-920.8650188446045,-28.19,99,193
1099,Personal Care_Toothpaste_1099,2021-08-01,5812.134052276611,8092.28308391571,-2280.149031639099,-28.18,132,191
1011,Personal Care_Shampoo_1011,2021-02-01,3590.941553592682,5000.037013053894,-1409.0954594612122,-28.18,201,296
1029,Grocery_Canned Goods_1029,2021-06-01,3208.4999561309814,4466.723963928223,-1258.224007797242,-28.17,115,209
1033,Household_Paper Products_1033,2021-06-01,3243.9998626708984,4515.862372112275,-1271.8625094413765,-28.16,100,168
1057,Beverages_Tea_1057,2024-08-01,3636.240021896362,5061.675045394898,-1425.4350234985359,-28.16,157,212
1065,Electronics_Chargers_1065,2023-02-01,26838.532476806642,37353.8807067871,-10515.34822998046,-28.15,182,260
1039,Beverages_Soft Drinks_1039,2025-08-01,3597.6799659729004,5006.9419548034675,-1409.2619888305671,-28.15,155,213
1005,Household_Paper Products_1005,2021-02-01,3108.416047048569,4324.8000988960275,-1216.3840518474585,-28.13,217,286
1162,Dairy_Yogurt_1162,2025-02-01,4452.162018108368,6193.572040367127,-1741.4100222587585,-28.12,200,284
1166,Grocery_Spices_1166,2025-02-01,9079.431742095949,12630.68769607544,-3551.255953979491,-28.12,226,303
1193,Beverages_Tea_1193,2025-03-01,2163.9629944801336,3010.3289814949044,-846.3659870147708,-28.12,232,252
1133,Electronics_Mobile Accessories_1133,2023-02-01,5206.090911483764,7241.346921157836,-2035.2560096740717,-28.11,181,260
1108,Dairy_Butter_1108,2022-03-01,4167.919967651367,5797.242455005646,-1629.3224873542786,-28.11,106,196
1011,Personal Care_Shampoo_1011,2023-11-01,1625.5740624427797,2261.070093154907,-635.4960307121275,-28.11,85,111
1092,Household_Detergent_1092,2022-10-01,2452.5300464630127,3410.9900646209717,-958.460018157959,-28.10,87,121
1076,Snacks_Chocolates_1076,2025-02-01,3839.8379529953013,5339.837937736514,-1499.9999847412123,-28.09,204,282
1024,Grocery_Canned Goods_1024,2022-02-01,1315.5075120925903,1829.115014076233,-513.6075019836426,-28.08,207,279
1190,Dairy_Milk_1190,2024-09-01,1620.8000183105469,2253.2209758758545,-632.4209575653076,-28.07,80,127
1024,Grocery_Canned Goods_1024,2023-03-01,1028.0160030364991,1429.007975101471,-400.99197206497183,-28.06,131,197
1106,Snacks_Chocolates_1106,2023-02-01,1668.6409908294681,2318.779494476319,-650.138503646851,-28.04,174,248
1139,Dairy_Cream_1139,2021-06-01,3224.819869995117,4481.415962982178,-1256.5960929870607,-28.04,142,261
1006,Beverages_Coffee_1006,2022-05-01,1578.254986524582,2193.0149924755096,-614.7600059509277,-28.03,129,232
1017,Household_Paper Products_1017,2024-04-01,5167.119475555421,7177.319947814941,-2010.2004722595202,-28.01,136,186
1092,Household_Detergent_1092,2022-02-01,4395.685005187988,6104.625005722046,-1708.9400005340576,-27.99,201,280
1014,Dairy_Butter_1014,2025-02-01,1153.4579799652097,1601.3069726943968,-447.8489927291871,-27.97,180,248
1035,Electronics_Batteries_1035,2021-03-01,26010.280517578125,36104.94899902345,-10094.668481445326,-27.96,106,176
1069,Grocery_Spices_1069,2023-11-01,2455.5249514579773,3408.6999320983887,-953.1749806404114,-27.96,67,89
1175,Household_Trash Bags_1175,2023-08-01,7350.575917816163,10203.72791366577,-2853.1519958496074,-27.96,161,213
1182,Beverages_Tea_1182,2024-05-01,1416.0200462341309,1965.3480456352231,-549.3279994010923,-27.95,101,162
1051,Electronics_Cables_1051,2022-05-01,9351.292296409607,12976.514665603638,-3625.2223691940308,-27.94,135,244
1121,Grocery_Rice_1121,2021-08-01,4530.23103275299,6286.112482070925,-1755.8814493179343,-27.93,167,224
1139,Dairy_Cream_1139,2024-06-01,2438.8499036788944,3383.789863586426,-944.9399599075314,-27.93,113,149
1082,Household_Detergent_1082,2023-03-01,5416.407974243164,7514.167895507812,-2097.7599212646483,-27.92,131,201
1051,Electronics_Cables_1051,2023-08-01,7129.292098999023,9889.110069274902,-2759.817970275879,-27.91,137,180
1035,Electronics_Batteries_1035,2021-10-01,15213.560302734375,21102.680419921875,-5889.1201171875,-27.91,62,86
1148,Household_Cleaning Supplies_1148,2023-03-01,6030.104040527343,8364.906019592283,-2334.8019790649396,-27.91,124,186
1182,Beverages_Tea_1182,2021-07-01,1435.24002122879,1990.8400650024414,-555.6000437736514,-27.91,115,142
1199,Electronics_Cables_1199,2023-09-01,19080.86994934082,26464.804205322263,-7383.934255981443,-27.90,83,145
1180,Grocery_Spices_1180,2023-03-01,728.447968673706,1010.0159645080566,-281.56799583435065,-27.88,95,138
1148,Household_Cleaning Supplies_1148,2025-03-01,8397.755938720702,11644.39054222107,-3246.634603500368,-27.88,226,253
1134,Household_Paper Products_1134,2021-06-01,1728.7499904632568,2396.925991630554,-668.1760011672973,-27.88,125,218
1040,Electronics_Mobile Accessories_1040,2022-06-01,8213.96002960205,11389.46002960205,-3175.5,-27.88,97,138
1020,Beverages_Juices_1020,2022-06-01,976.0800037384033,1353.3150026798248,-377.2349989414215,-27.87,98,142
1174,Electronics_Mobile Accessories_1174,2024-03-01,28905.49855041504,40069.9345703125,-11164.436019897461,-27.86,135,203
1179,Household_Cleaning Supplies_1179,2024-06-01,2705.2200202941895,3749.200019836426,-1043.9799995422363,-27.85,104,130
1157,Household_Cleaning Supplies_1157,2022-03-01,1316.7000102996826,1824.9200267791748,-508.2200164794922,-27.85,90,165
1007,Personal Care_Shampoo_1007,2021-06-01,8407.500267028809,11651.851830863952,-3244.3515638351437,-27.84,125,201
1180,Grocery_Spices_1180,2023-06-01,866.879961013794,1201.199945449829,-334.31998443603516,-27.83,105,143
1132,Dairy_Butter_1132,2023-06-01,3791.0198669433594,5251.779815673828,-1460.7599487304688,-27.81,109,151
1117,Snacks_Crackers_1117,2022-05-01,1174.2299551963806,1626.2949655056,-452.06501030921936,-27.80,126,220
1146,Snacks_Chocolates_1146,2021-06-01,2394.2201080322266,3315.85309176445,-921.6329837322232,-27.79,118,213
1031,Snacks_Chips_1031,2025-06-01,1488.780035018921,2061.4500617980957,-572.6700267791748,-27.78,108,135
1102,Snacks_Biscuits_1102,2022-06-01,2132.460090637207,2952.4800996780396,-820.0200090408325,-27.77,99,155
1095,Snacks_Chocolates_1095,2024-04-01,2587.0990286827086,3581.2630717277525,-994.1640430450439,-27.76,141,202
1142,Electronics_Mobile Accessories_1142,2024-11-01,937.7535199165344,1298.1200284957886,-360.3665085792542,-27.76,64,83
1051,Electronics_Cables_1051,2025-03-01,9332.15977478027,12917.115026092528,-3584.955251312258,-27.75,192,216
1018,Personal Care_Deodorant_1018,2023-02-01,8334.377429962158,11534.331406402585,-3199.953976440427,-27.74,183,251
1179,Household_Cleaning Supplies_1179,2024-02-01,4374.62003326416,6053.878044509887,-1679.2580112457272,-27.74,185,251
1171,Personal Care_Toothpaste_1171,2025-09-01,4542.029800415039,6285.329818725586,-1743.3000183105469,-27.74,109,163
1097,Snacks_Crackers_1097,2023-05-01,266.21998929977417,368.34398555755615,-102.12399625778198,-27.73,102,162
1117,Snacks_Crackers_1117,2021-06-01,1312.0799446105957,1814.7049417972564,-502.6249971866607,-27.70,132,217
1136,Personal Care_Shampoo_1136,2023-09-01,5727.550086975098,7921.970039367676,-2194.419952392578,-27.70,95,162
1020,Beverages_Juices_1020,2023-06-01,1051.3840032577514,1454.160005569458,-402.77600231170663,-27.70,107,146
1155,Electronics_Mobile Accessories_1155,2023-05-01,2516.799907684326,3480.1798725128174,-963.3799648284912,-27.68,110,182
1029,Grocery_Canned Goods_1029,2024-03-01,3638.86992406845,5029.3999004364005,-1390.5299763679504,-27.65,154,208
1066,Household_Cleaning Supplies_1066,2023-11-01,3097.579933166504,4281.079895019531,-1183.4999618530273,-27.64,68,86
1172,Electronics_Chargers_1172,2025-04-01,9914.3567779541,13698.824935913084,-3784.4681579589833,-27.63,93,159
1053,Snacks_Crackers_1053,2022-02-01,1859.8899450302124,2569.199924468994,-709.3099794387817,-27.61,220,308
1149,Electronics_Chargers_1149,2021-06-01,12533.180221557617,17314.012216186522,-4780.831994628905,-27.61,121,216
1057,Beverages_Tea_1057,2025-02-01,4550.800010681152,6284.440002441406,-1733.639991760254,-27.59,200,281
1142,Electronics_Mobile Accessories_1142,2025-06-01,1846.4975357055664,2549.320055961609,-702.8225202560425,-27.57,122,163
1194,Dairy_Butter_1194,2022-12-01,944.7300109863281,1304.3900175094604,-359.6600065231323,-27.57,100,147
1072,Electronics_Chargers_1072,2022-06-01,24540.7794342041,33877.69424057007,-9336.914806365967,-27.56,103,154
1130,Snacks_Nuts_1130,2025-06-01,1526.8200538158417,2107.5000762939453,-580.6800224781036,-27.55,98,125
1054,Snacks_Chips_1054,2023-05-01,1074.7399625778198,1483.1179623842243,-408.37799980640443,-27.54,109,189
1024,Grocery_Canned Goods_1024,2025-07-01,929.1089862823486,1281.652497291565,-352.54351100921633,-27.51,123,155
1074,Personal Care_Skincare_1074,2025-02-01,10004.843401145934,13800.466348457332,-3795.622947311398,-27.50,191,261
1160,Snacks_Nuts_1160,2023-11-01,452.5499880313873,624.1799826622009,-171.62999463081366,-27.50,79,101
1051,Electronics_Cables_1051,2024-02-01,11062.015065765381,15256.775081634525,-4194.760015869144,-27.49,190,261
1008,Personal Care_Shampoo_1008,2021-10-01,2900.039909362793,3998.5398750305176,-1098.4999656677246,-27.47,66,91
1029,Grocery_Canned Goods_1029,2024-02-01,5029.3999004364005,6933.567854690548,-1904.1679542541478,-27.46,208,294
1165,Personal Care_Skincare_1165,2022-02-01,2620.344895362854,3611.9598541259766,-991.6149587631226,-27.45,207,277
1139,Dairy_Cream_1139,2022-06-01,2270.9999084472656,3129.6524119377136,-858.652503490448,-27.44,100,154
1023,Personal Care_Toothpaste_1023,2022-06-01,5108.879974365234,7039.959957122803,-1931.0799827575684,-27.43,84,121
1166,Grocery_Spices_1166,2022-08-01,6263.28893737793,8630.329432868955,-2367.0404954910255,-27.43,142,201
1091,Dairy_Butter_1091,2023-05-01,943.9199752807617,1300.4559656620024,-356.5359903812407,-27.42,108,190
1100,Electronics_Mobile Accessories_1100,2022-05-01,2428.7698802948,3345.2248907089233,-916.4550104141235,-27.40,136,248
1069,Grocery_Spices_1069,2024-03-01,4609.9280422210695,6349.0520917892445,-1739.124049568175,-27.39,142,201
1067,Grocery_Cereals_1067,2024-03-01,6599.173056411744,9088.967072677611,-2489.794016265867,-27.39,157,215
1147,Snacks_Crackers_1147,2023-03-01,2258.915989303589,3109.316914176941,-850.4009248733519,-27.35,128,176
1124,Dairy_Cheese_1124,2025-09-01,2125.800075531006,2925.4900636672974,-799.6899881362915,-27.34,90,140
1076,Snacks_Chocolates_1076,2024-02-01,3209.4639579772956,4416.854936122893,-1207.3909781455977,-27.34,172,240
1132,Dairy_Butter_1132,2025-03-01,4559.704961967468,6274.785831546783,-1715.0808695793148,-27.33,203,214
1100,Electronics_Mobile Accessories_1100,2022-02-01,2657.774920463562,3657.0448694229126,-999.2699489593506,-27.32,205,259
1026,Snacks_Biscuits_1026,2023-08-01,738.4919832229616,1015.7399740219117,-277.2479907989501,-27.30,167,216
1031,Snacks_Chips_1031,2025-02-01,2001.5870031356806,2752.627984619141,-751.0409814834604,-27.28,153,218
1070,Grocery_Canned Goods_1070,2021-06-01,5442.509822845459,7484.039794921875,-2041.529972076416,-27.28,129,212
1057,Beverages_Tea_1057,2022-02-01,3588.5924339294434,4933.874969482422,-1345.2825355529785,-27.27,194,240
1122,Dairy_Yogurt_1122,2022-10-01,2528.000030517578,3476.00004196167,-948.0000114440918,-27.27,80,110
1090,Dairy_Cheese_1090,2024-03-01,4682.126021385193,6436.442025184631,-1754.3160037994385,-27.26,152,210
1102,Snacks_Biscuits_1102,2025-09-01,2304.780097961426,3167.834999084472,-863.0549011230464,-27.24,107,167
1075,Snacks_Crackers_1075,2023-05-01,1577.6599864959717,2168.454972171784,-590.7949856758123,-27.24,118,201
1199,Electronics_Cables_1199,2022-06-01,25287.899932861328,34756.51489639282,-9468.614963531494,-27.24,110,156
1068,Electronics_Chargers_1068,2021-06-01,11410.799560546875,15680.881558990479,-4270.081998443604,-27.23,120,200
1039,Beverages_Soft Drinks_1039,2022-03-01,2383.719985961914,3275.787515640259,-892.0675296783447,-27.23,92,175
1138,Household_Cleaning Supplies_1138,2024-02-01,7799.620894432068,10713.897901535034,-2914.2770071029663,-27.20,196,282
1159,Electronics_Batteries_1159,2021-08-01,23641.728469848633,32471.70671081543,-8829.978240966797,-27.19,151,214
1165,Personal Care_Skincare_1165,2025-10-01,1297.499942779541,1781.8999214172363,-484.3999786376953,-27.18,75,103
1182,Beverages_Tea_1182,2023-10-01,939.340030670166,1289.8400421142578,-350.5000114440918,-27.17,67,92
1178,Beverages_Soft Drinks_1178,2023-05-01,2777.0400619506836,3811.500026702881,-1034.4599647521973,-27.14,116,191
1065,Electronics_Chargers_1065,2024-03-01,19416.14230194092,26641.156481933598,-7225.014179992679,-27.12,125,182
1169,Beverages_Soft Drinks_1169,2022-06-01,621.1800155639648,852.2625223398209,-231.08250677585602,-27.11,102,150
1149,Electronics_Chargers_1149,2024-04-01,11953.544188690186,16396.746241378787,-4443.202052688601,-27.10,127,183
1083,Dairy_Cheese_1083,2022-06-01,1790.5200147628784,2455.0250120162964,-664.504997253418,-27.07,129,197
1050,Snacks_Chips_1050,2023-03-01,2168.544033050537,2972.545993995667,-804.0019609451297,-27.05,141,203
1198,Dairy_Cheese_1198,2022-03-01,1943.2499885559082,2663.652521133423,-720.4025325775146,-27.05,75,154
1177,Snacks_Chips_1177,2023-10-01,230.03999304771423,315.2399904727936,-85.19999742507935,-27.03,81,111
1030,Dairy_Cream_1030,2021-02-01,3414.056024169923,4678.991544151307,-1264.9355199813835,-27.03,186,252
1110,Grocery_Canned Goods_1110,2024-03-01,2157.517466068268,2956.619948959349,-799.1024828910813,-27.03,138,195
1121,Grocery_Rice_1121,2023-05-01,3506.799907684326,4805.749904632568,-1298.9499969482422,-27.03,110,174
1169,Beverages_Soft Drinks_1169,2024-02-01,830.8019916057589,1138.4729923963548,-307.67100079059594,-27.02,168,226
1199,Electronics_Cables_1199,2025-08-01,28897.109573364254,39598.439270019524,-10701.32969665527,-27.02,139,196
1126,Beverages_Soft Drinks_1126,2024-02-01,3616.876061439514,4954.776090621948,-1337.900029182434,-27.00,171,230
1055,Dairy_Butter_1055,2025-02-01,1953.6630578041077,2676.0365793704987,-722.373521566391,-26.99,207,281
1098,Electronics_Mobile Accessories_1098,2024-03-01,13886.959912109374,19018.919897460935,-5131.959985351561,-26.98,158,222
1006,Beverages_Coffee_1006,2021-06-01,1665.8399848937988,2281.0099858283997,-615.1700009346009,-26.97,132,210
1064,Snacks_Biscuits_1064,2023-03-01,1889.504035949707,2587.017488718033,-697.5134527683258,-26.96,122,181
1182,Beverages_Tea_1182,2022-06-01,1598.2800521850586,2188.1500749588013,-589.8700227737427,-26.96,114,174
1047,Household_Detergent_1047,2022-05-01,4470.830067157745,6120.420055389404,-1649.589988231659,-26.95,133,222
1082,Household_Detergent_1082,2024-04-01,5104.847950744629,6987.87191467285,-1883.0239639282208,-26.95,131,182
1043,Electronics_Batteries_1043,2021-10-01,1336.6500434875488,1829.1000595092773,-492.4500160217285,-26.92,57,78
1172,Electronics_Chargers_1172,2025-02-01,21717.154258346556,29717.759742736813,-8000.605484390257,-26.92,230,323
1196,Grocery_Pasta_1196,2024-04-01,3266.5325677871706,4468.63010597229,-1202.0975381851194,-26.90,120,177
1047,Household_Detergent_1047,2022-11-01,3009.302540302277,4116.540069580078,-1107.237529277801,-26.90,92,114
1026,Snacks_Biscuits_1026,2021-11-01,441.6929853200912,604.1999797821045,-162.50699446201327,-26.90,78,106
1077,Household_Cleaning Supplies_1077,2024-10-01,3236.7998962402344,4426.799858093262,-1189.9999618530273,-26.88,68,93
1077,Household_Cleaning Supplies_1077,2025-08-01,4739.055952453613,6480.7399501800555,-1741.6839977264426,-26.87,114,158
1112,Household_Paper Products_1112,2024-02-01,1538.0069789886475,2103.1529722213745,-565.145993232727,-26.87,179,244
1148,Household_Cleaning Supplies_1148,2021-08-01,7074.480023193361,9674.040046691895,-2599.560023498533,-26.87,154,205
1050,Snacks_Chips_1050,2022-06-01,1837.5200157165527,2512.0950214862823,-674.5750057697296,-26.85,103,150
1051,Electronics_Cables_1051,2024-09-01,7349.049842834473,10046.439971923826,-2697.3901290893536,-26.85,103,156
1149,Electronics_Chargers_1149,2024-10-01,6214.800109863281,8493.560150146484,-2278.760040283203,-26.83,60,82
1157,Household_Cleaning Supplies_1157,2024-09-01,1111.8800086975098,1519.555009841919,-407.6750011444092,-26.83,76,120
1107,Electronics_Mobile Accessories_1107,2021-06-01,20257.020538330078,27681.55258178711,-7424.532043457031,-26.82,126,208
1151,Electronics_Cables_1151,2023-02-01,19683.861625671387,26894.19758796692,-7210.335962295532,-26.81,159,227
1181,Personal Care_Soap_1181,2021-12-01,2864.8700408935547,3913.9230642318726,-1049.0530233383179,-26.80,76,108
1195,Snacks_Chocolates_1195,2023-02-01,2626.984056091308,3588.335084438323,-961.351028347015,-26.79,150,209
1139,Dairy_Cream_1139,2023-03-01,2735.225903320312,3736.1848508834837,-1000.9589475631715,-26.79,128,197
1061,Personal Care_Skincare_1061,2023-09-01,3713.579978942871,5072.208056640625,-1358.6280776977537,-26.79,69,118
1040,Electronics_Mobile Accessories_1040,2024-09-01,7875.240028381348,10754.179931640625,-2878.9399032592773,-26.77,93,146
1119,Grocery_Pasta_1119,2021-08-01,5188.743894958495,7085.082350730894,-1896.3384557723994,-26.77,164,228
1097,Snacks_Crackers_1097,2021-06-01,276.65998888015747,377.69798970222473,-101.03800082206726,-26.75,106,176
1039,Beverages_Soft Drinks_1039,2023-02-01,4256.965037345888,5811.717046165466,-1554.752008819578,-26.75,199,269
1058,Personal Care_Soap_1058,2021-06-01,5273.189964294434,7198.6019433975225,-1925.411979103089,-26.75,117,202
1056,Snacks_Nuts_1056,2022-08-01,743.0360100746154,1014.2480129241947,-271.2120028495792,-26.74,141,194
1163,Household_Paper Products_1163,2024-09-01,3701.6099395751953,5052.445053863525,-1350.8351142883294,-26.74,99,149
1023,Personal Care_Toothpaste_1023,2025-03-01,6743.407958984375,9202.095015525818,-2458.687056541443,-26.72,168,171
1172,Electronics_Chargers_1172,2022-02-01,17506.98690032959,23888.616691589355,-6381.629791259766,-26.71,209,281
1075,Snacks_Crackers_1075,2025-03-01,1537.6199684143062,2097.589954853058,-559.9699864387517,-26.70,166,193
1198,Dairy_Cheese_1198,2024-11-01,2127.5299882888794,2901.9199829101562,-774.3899946212769,-26.69,85,112
1006,Beverages_Coffee_1006,2023-05-01,1312.4799880981445,1790.0050192356107,-477.52503113746616,-26.68,104,178
1092,Household_Detergent_1092,2022-05-01,3354.580051422119,4575.354991912842,-1220.7749404907227,-26.68,126,217
1027,Snacks_Chips_1027,2023-09-01,840.950026512146,1146.8380361557008,-305.8880096435548,-26.67,139,236
1024,Grocery_Canned Goods_1024,2023-02-01,1429.007975101471,1948.1564663648605,-519.1484912633896,-26.65,197,268
1186,Dairy_Yogurt_1186,2025-06-01,492.7800030708313,671.5800046920776,-178.80000162124634,-26.62,92,123
1002,Dairy_Cream_1002,2025-04-01,1139.0379619598389,1551.4199466705322,-412.38198471069336,-26.58,85,164
1122,Dairy_Yogurt_1122,2023-11-01,2320.151028442383,3160.0000381469727,-839.8490097045897,-26.58,74,100
1098,Electronics_Mobile Accessories_1098,2024-08-01,14878.541939544675,20260.187949371335,-5381.64600982666,-26.56,161,224
1102,Snacks_Biscuits_1102,2024-09-01,1809.3600769042969,2461.907991027832,-652.5479141235351,-26.51,84,131
1070,Grocery_Canned Goods_1070,2021-11-01,3069.6939277648926,4176.809864044189,-1107.1159362792969,-26.51,85,99
1056,Snacks_Nuts_1056,2024-05-01,657.8000020980835,895.0000004768372,-237.19999837875366,-26.50,110,169
1165,Personal Care_Skincare_1165,2024-08-01,2418.7129280090326,3290.6329032897934,-871.9199752807608,-26.50,159,217
1088,Household_Cleaning Supplies_1088,2024-06-01,2239.9779890060427,3047.0399780273438,-807.0619890213011,-26.49,113,144
1095,Snacks_Chocolates_1095,2024-09-01,2238.440008163452,3044.4439990997316,-806.0039909362795,-26.47,107,163
1049,Electronics_Batteries_1049,2024-08-01,13328.159912109373,18124.133816528323,-4795.97390441895,-26.46,128,176
1073,Electronics_Chargers_1073,2024-02-01,21117.60775794983,28709.00762786865,-7591.39986991882,-26.44,214,284
1037,Electronics_Cables_1037,2022-11-01,14448.987546539307,19642.700805664062,-5193.7132591247555,-26.44,89,110
1097,Snacks_Crackers_1097,2024-03-01,334.3469926714897,454.39199435710907,-120.04500168561935,-26.42,145,209
1087,Snacks_Crackers_1087,2023-03-01,797.8040035247801,1084.2315197944642,-286.42751626968413,-26.42,98,137
1078,Electronics_Cables_1078,2022-02-01,24881.519779205322,33811.97988128662,-8930.460102081299,-26.41,173,252
1072,Electronics_Chargers_1072,2022-11-01,18235.23257446289,24779.039428710938,-6543.806854248047,-26.41,80,104
1190,Dairy_Milk_1190,2021-08-01,2414.4329681396484,3280.128972053528,-865.6960039138794,-26.39,138,184
1163,Household_Paper Products_1163,2023-09-01,3552.0499420166016,4824.627951049805,-1272.5780090332037,-26.38,95,169
1154,Household_Cleaning Supplies_1154,2024-11-01,1099.9950218200684,1493.6600322723389,-393.6650104522705,-26.36,75,94
1107,Electronics_Mobile Accessories_1107,2022-09-01,16880.8504486084,22914.243466186526,-6033.393017578128,-26.33,105,164
1183,Electronics_Batteries_1183,2024-04-01,13445.159585571291,18249.873478698733,-4804.713893127442,-26.33,115,155
1071,Grocery_Canned Goods_1071,2021-06-01,757.6199684143066,1028.3139613628387,-270.693992948532,-26.32,138,229
1033,Household_Paper Products_1033,2025-03-01,3999.696834564209,5427.293375015259,-1427.5965404510498,-26.30,185,207
1200,Beverages_Juices_1200,2024-03-01,841.2284779071807,1141.4619716644286,-300.23349375724786,-26.30,127,179
1043,Electronics_Batteries_1043,2023-06-01,2143.330066680908,2907.800094604492,-764.470027923584,-26.29,95,124
1144,Household_Detergent_1144,2025-03-01,2613.323994445801,3545.632499456406,-932.3085050106051,-26.29,245,291
1130,Snacks_Nuts_1130,2023-08-01,2023.3200302124023,2744.3480224609375,-721.0279922485352,-26.27,147,211
1117,Snacks_Crackers_1117,2023-05-01,1182.8599500656128,1604.3099459648133,-421.44999589920053,-26.27,119,197
1136,Personal Care_Shampoo_1136,2025-03-01,7595.120124053956,10298.835067749023,-2703.7149436950676,-26.25,178,208
1048,Snacks_Biscuits_1048,2023-02-01,2645.0599842071533,3586.3574817180624,-941.2974975109091,-26.25,224,321
1006,Beverages_Coffee_1006,2024-11-01,995.8799899101257,1350.3399877548218,-354.4599978446961,-26.25,87,107
1200,Beverages_Juices_1200,2022-05-01,813.6499762535095,1102.6949722766876,-289.0449960231781,-26.21,120,208
1170,Dairy_Yogurt_1170,2025-02-01,3988.0599761962894,5404.554949092863,-1416.494972896574,-26.21,225,299
1169,Beverages_Soft Drinks_1169,2023-05-01,596.8200149536133,808.6700077056885,-211.8499927520752,-26.20,98,165
1063,Snacks_Chocolates_1063,2025-10-01,1005.6399574279785,1362.4799423217773,-356.8399848937988,-26.19,62,84
1142,Electronics_Mobile Accessories_1142,2021-10-01,969.6800212860107,1313.7600288391113,-344.0800075531006,-26.19,62,84
1159,Electronics_Batteries_1159,2021-09-01,17451.84017944336,23641.728469848633,-6189.888290405273,-26.18,98,151
1082,Household_Detergent_1082,2024-02-01,7452.405880355835,10095.447833251954,-2643.0419528961193,-26.18,206,281
1053,Snacks_Crackers_1053,2021-09-01,1130.0499629974365,1529.413960647583,-399.36399765014653,-26.11,97,151
1047,Household_Detergent_1047,2025-10-01,2455.4800415039062,3322.1200561523438,-866.6400146484375,-26.09,68,92
1081,Snacks_Nuts_1081,2021-10-01,855.1000356674194,1156.9000482559204,-301.800012588501,-26.09,85,115
1047,Household_Detergent_1047,2023-02-01,6550.933612537385,8862.100651836396,-2311.167039299011,-26.08,220,289
1136,Personal Care_Shampoo_1136,2024-03-01,7738.755065917969,10469.242584228516,-2730.487518310547,-26.08,150,205
1035,Electronics_Batteries_1035,2021-02-01,36104.94899902345,48838.888311767594,-12733.939312744144,-26.07,176,234
1044,Snacks_Biscuits_1044,2021-08-01,3370.1631210327164,4557.9631650924675,-1187.8000440597511,-26.06,175,236
1117,Snacks_Crackers_1117,2025-02-01,1478.6274504184726,1999.6149378776556,-520.9874874591831,-26.05,174,245
1179,Household_Cleaning Supplies_1179,2024-12-01,2233.5070119857787,3019.2700157165527,-785.763003730774,-26.02,78,107
1175,Household_Trash Bags_1175,2022-02-01,9121.860091209412,12327.040134429932,-3205.18004322052,-26.00,194,269
1097,Snacks_Crackers_1097,2024-04-01,247.412995159626,334.3469926714897,-86.93399751186371,-26.00,110,145
1088,Household_Cleaning Supplies_1088,2024-09-01,2010.1999855041504,2716.0320533752433,-705.8320678710929,-25.99,95,143
1028,Household_Paper Products_1028,2021-06-01,4762.919860839844,6435.874852180482,-1672.9549913406381,-25.99,114,187
1061,Personal Care_Skincare_1061,2024-08-01,7616.1958866119385,10287.323848724365,-2671.1279621124268,-25.97,155,209
1183,Electronics_Batteries_1183,2023-11-01,10697.497478866577,14449.319274902344,-3751.821796035767,-25.97,84,108
1051,Electronics_Cables_1051,2025-08-01,9580.465951538086,12939.121989440917,-3358.6560379028306,-25.96,147,203
1086,Grocery_Rice_1086,2025-03-01,2021.8520391464235,2729.6600568771364,-707.8080177307129,-25.93,172,219
1097,Snacks_Crackers_1097,2022-10-01,156.5999937057495,211.40999150276184,-54.80999779701233,-25.93,60,81
1125,Personal Care_Toothpaste_1125,2021-10-01,1618.1999588012695,2184.569944381714,-566.3699855804443,-25.93,60,81
1118,Dairy_Milk_1118,2022-02-01,3267.1650943756104,4410.555128097534,-1143.3900337219238,-25.92,193,257
1056,Snacks_Nuts_1056,2021-06-01,627.9000020027161,847.5284940719604,-219.62849206924432,-25.91,105,169
1073,Electronics_Chargers_1073,2022-02-01,16183.04972076416,21840.969581604004,-5657.919860839844,-25.91,197,237
1110,Grocery_Canned Goods_1110,2023-06-01,2169.4439804077147,2927.1899757385254,-757.7459953308107,-25.89,120,159
1108,Dairy_Butter_1108,2024-03-01,4989.805883789063,6729.545736694336,-1739.7398529052725,-25.85,143,215
1115,Household_Paper Products_1115,2023-11-01,3868.893098163605,5217.960144042969,-1349.0670458793638,-25.85,95,118
1026,Snacks_Biscuits_1026,2024-09-01,467.3999843597412,630.1919984817505,-162.79201412200928,-25.83,82,125
1074,Personal Care_Skincare_1074,2023-05-01,7144.379791259766,9628.68978881836,-2484.3099975585938,-25.80,114,189
1165,Personal Care_Skincare_1165,2025-09-01,1781.8999214172363,2401.2399215698247,-619.3400001525883,-25.79,103,154
1070,Grocery_Canned Goods_1070,2024-02-01,6887.954008483886,9279.033975982667,-2391.079967498781,-25.77,206,271
1021,Grocery_Canned Goods_1021,2023-05-01,2854.1699924468994,3844.222976779937,-990.0529843330378,-25.75,99,177
1101,Snacks_Crackers_1101,2021-08-01,3681.0970306396484,4957.203045845032,-1276.1060152053833,-25.74,165,227
1147,Snacks_Crackers_1147,2023-02-01,3109.316914176941,4187.1933568000795,-1077.8764426231387,-25.74,176,251
1015,Dairy_Cream_1015,2023-03-01,3456.249933242798,4653.754876613616,-1197.5049433708182,-25.73,140,209
1026,Snacks_Biscuits_1026,2021-06-01,849.2999715805054,1143.29998421669,-294.0000126361847,-25.72,149,240
1067,Grocery_Cereals_1067,2023-05-01,5105.7099685668945,6873.335970306395,-1767.6260017395007,-25.72,103,167
1123,Beverages_Water_1123,2025-06-01,955.4999781847,1286.4199600219727,-330.91998183727264,-25.72,110,131
1192,Dairy_Milk_1192,2023-03-01,2255.997943496704,3037.0109712600724,-781.0130277633684,-25.72,116,171
1171,Personal Care_Toothpaste_1171,2024-05-01,4750.379791259766,6394.448731231689,-1644.068939971923,-25.71,114,175
1087,Snacks_Crackers_1087,2021-09-01,866.640007019043,1166.4719615936278,-299.83195457458487,-25.70,92,143
1072,Electronics_Chargers_1072,2024-11-01,21067.545013427734,28352.939346313477,-7285.394332885742,-25.70,89,119
1005,Household_Paper Products_1005,2021-06-01,2141.700092315674,2880.77410736084,-739.0740150451661,-25.66,121,199
1103,Dairy_Milk_1103,2025-03-01,6400.884009933472,8609.168046569823,-2208.2840366363507,-25.65,231,262
1121,Grocery_Rice_1121,2025-10-01,1849.039951324463,2486.639934539795,-637.599983215332,-25.64,58,78
1126,Beverages_Soft Drinks_1126,2022-11-01,2121.1690574645995,2852.7000846862793,-731.5310272216798,-25.64,86,111
1153,Electronics_Batteries_1153,2024-03-01,22521.578146362295,30283.831679534906,-7762.25353317261,-25.63,159,227
1033,Household_Paper Products_1033,2025-02-01,5427.293375015259,7297.865278244019,-1870.5719032287598,-25.63,207,258
1169,Beverages_Soft Drinks_1169,2025-03-01,870.4080307006835,1170.238995242119,-299.8309645414355,-25.62,196,229
1134,Household_Paper Products_1134,2024-08-01,1809.3749789237975,2432.4299749374395,-623.054996013642,-25.61,150,196
1188,Grocery_Spices_1188,2023-02-01,3205.5978988647457,4308.537870788575,-1102.939971923829,-25.60,182,250
1193,Beverages_Tea_1193,2023-05-01,1761.4899854660034,2367.400009059906,-605.9100235939027,-25.59,127,205
1069,Grocery_Spices_1069,2022-03-01,3485.2999305725098,4684.159897327423,-1198.8599667549133,-25.59,91,170
1075,Snacks_Crackers_1075,2021-09-01,1270.1499891281128,1706.6589695930477,-436.5089804649349,-25.58,95,148
1017,Household_Paper Products_1017,2021-06-01,5706.359939575195,7666.986915588379,-1960.6269760131836,-25.57,132,208
1197,Electronics_Mobile Accessories_1197,2021-10-01,1177.8599948883057,1582.199993133545,-404.33999824523926,-25.56,67,90
1099,Personal Care_Toothpaste_1099,2025-03-01,7208.053952789307,9681.644092559814,-2473.5901397705074,-25.55,215,237
1129,Electronics_Chargers_1129,2024-08-01,19455.39561767578,26122.283459472656,-6666.887841796877,-25.52,148,192
1197,Electronics_Mobile Accessories_1197,2024-03-01,2281.6799659729004,3063.1439456939697,-781.4639797210693,-25.51,152,212
1164,Electronics_Cables_1164,2024-03-01,29081.900661468506,39027.18087387085,-9945.280212402344,-25.48,179,243
1015,Dairy_Cream_1015,2022-03-01,2197.5299320220947,2948.877483844757,-751.3475518226624,-25.48,81,152
1121,Grocery_Rice_1121,2021-12-01,1944.6799488067627,2609.1039344787596,-664.4239856719969,-25.47,61,90
1197,Electronics_Mobile Accessories_1197,2021-06-01,2144.7599906921387,2877.44701461792,-732.6870239257814,-25.46,122,205
1175,Household_Trash Bags_1175,2024-12-01,4451.603016662598,5972.205023574829,-1520.6020069122314,-25.46,78,105
1066,Household_Cleaning Supplies_1066,2025-06-01,4788.254891395569,6421.619842529297,-1633.364951133728,-25.44,101,129
1125,Personal Care_Toothpaste_1125,2024-04-01,2688.4039448738095,3605.2319452285765,-916.828000354767,-25.43,108,152
1143,Dairy_Cheese_1143,2023-02-01,3073.6919305801384,4120.942413568495,-1047.2504829883565,-25.41,213,288
1018,Personal Care_Deodorant_1018,2022-08-01,5688.3879531860375,7624.943934631348,-1936.5559814453109,-25.40,117,158
1179,Household_Cleaning Supplies_1179,2021-02-01,3760.890528583528,5041.126036453248,-1280.23550786972,-25.40,159,207
1033,Household_Paper Products_1033,2022-05-01,2824.3073868751526,3785.3424105644226,-961.03502368927,-25.39,91,160
1010,Grocery_Rice_1010,2023-05-01,1807.300033569336,2421.718048858643,-614.4180152893073,-25.37,110,174
1184,Snacks_Chocolates_1184,2022-06-01,1837.619987487793,2462.35497379303,-624.7349863052368,-25.37,82,123
1045,Electronics_Cables_1045,2024-03-01,14711.68386383057,19710.93331298828,-4999.249449157709,-25.36,120,169
1196,Grocery_Pasta_1196,2024-03-01,4468.63010597229,5985.865140914917,-1517.235034942627,-25.35,177,236
1129,Electronics_Chargers_1129,2025-03-01,20942.273527526853,28034.586628723144,-7092.3131011962905,-25.30,187,222
1027,Snacks_Chips_1027,2025-02-01,983.755007147789,1316.8220068454739,-333.0669996976849,-25.29,189,256
1169,Beverages_Soft Drinks_1169,2021-10-01,395.8500099182129,529.8300132751465,-133.9800033569336,-25.29,65,87
1037,Electronics_Cables_1037,2022-02-01,27656.29476928711,37008.93994140625,-9352.64517211914,-25.27,217,279
1102,Snacks_Biscuits_1102,2023-06-01,2237.548078918457,2994.060127258301,-756.5120483398437,-25.27,110,139
1093,Snacks_Chips_1093,2023-11-01,548.7360017776489,734.1600017547607,-185.42399997711186,-25.26,78,92
1111,Snacks_Nuts_1111,2021-08-01,1760.4300421714784,2355.510057449341,-595.0800152778625,-25.26,159,213
1027,Snacks_Chips_1027,2022-09-01,477.9500150680542,639.4500124454497,-161.49999737739552,-25.26,79,120
1007,Personal Care_Shampoo_1007,2021-02-01,11776.608461761472,15756.21207885742,-3979.603617095947,-25.26,212,272
1047,Household_Detergent_1047,2024-08-01,4672.000030517578,6250.740051269531,-1578.7400207519531,-25.26,148,194
1064,Snacks_Biscuits_1064,2023-06-01,1982.1760368347168,2652.000045776367,-669.8240089416504,-25.26,124,150
1079,Beverages_Juices_1079,2022-03-01,556.3999795913696,744.2499959468842,-187.85001635551453,-25.24,107,200
1199,Electronics_Cables_1199,2021-06-01,28506.359924316406,38127.38986206055,-9621.02993774414,-25.23,124,208
1135,Household_Trash Bags_1135,2024-03-01,7541.166034698486,10083.21000289917,-2542.0439682006836,-25.21,171,233
1013,Grocery_Cereals_1013,2024-11-01,2798.204080581665,3741.1501121520996,-942.9460315704346,-25.20,82,105
1145,Household_Trash Bags_1145,2021-06-01,1478.3400049209595,1976.1880224227905,-497.848017501831,-25.19,129,207
1096,Electronics_Mobile Accessories_1096,2024-04-01,12176.789159393313,16272.355280303953,-4095.56612091064,-25.17,117,165
1151,Electronics_Cables_1151,2021-02-01,23332.739612579346,31176.803510665894,-7844.063898086548,-25.16,194,262
1010,Grocery_Rice_1010,2025-02-01,2517.6105475902555,3363.6800632476807,-846.0695156574252,-25.15,189,238
1184,Snacks_Chocolates_1184,2024-03-01,3445.462437248229,4602.644887924194,-1157.1824506759654,-25.14,174,247
1154,Household_Cleaning Supplies_1154,2025-06-01,1903.860038280487,2542.4000549316406,-638.5400166511536,-25.12,129,160
1077,Household_Cleaning Supplies_1077,2024-08-01,6677.803935623168,8915.479892730713,-2237.6759571075445,-25.10,161,212
1022,Household_Cleaning Supplies_1022,2025-03-01,7699.585865020752,10278.299785614014,-2578.7139205932617,-25.09,219,228
1119,Grocery_Pasta_1119,2025-09-01,3354.5099716186523,4477.47590789795,-1122.9659362792972,-25.08,93,142
1061,Personal Care_Skincare_1061,2023-08-01,5072.208056640625,6768.672070312498,-1696.4640136718735,-25.06,118,156
1194,Dairy_Butter_1194,2024-02-01,1722.5009615898136,2297.9789807319635,-575.4780191421498,-25.04,216,268
1038,Electronics_Cables_1038,2024-04-01,11604.39886932373,15479.400843811038,-3875.001974487308,-25.03,134,182
1105,Beverages_Water_1105,2025-02-01,2340.312005996704,3121.3320322036743,-781.0200262069702,-25.02,169,219
1151,Electronics_Cables_1151,2021-10-01,9848.369705200195,13131.159606933594,-3282.7899017333984,-25.00,69,92
1055,Dairy_Butter_1055,2025-06-01,1320.1200370788574,1760.1200542449951,-440.0000171661377,-25.00,122,158
1080,Snacks_Chips_1080,2022-03-01,2291.75,3055.4375500679016,-763.6875500679016,-24.99,103,192
1160,Snacks_Nuts_1160,2023-05-01,587.0999836921692,782.7119931221008,-195.61200942993162,-24.99,95,170
1018,Personal Care_Deodorant_1018,2023-11-01,4469.427470016479,5957.279983520508,-1487.852513504029,-24.98,92,108
1118,Dairy_Milk_1118,2023-05-01,3009.9000968933105,4011.598509788513,-1001.6984128952026,-24.97,127,209
1189,Electronics_Batteries_1189,2022-09-01,8968.849754333496,11951.094081115722,-2982.2443267822255,-24.95,115,173
1105,Beverages_Water_1105,2024-08-01,2242.926071548462,2988.204091644287,-745.278020095825,-24.94,147,197
1200,Beverages_Juices_1200,2022-03-01,771.4699764251709,1027.2199721336365,-255.74999570846558,-24.90,103,173
1014,Dairy_Butter_1014,2022-02-01,1116.524983882904,1486.4249787330627,-369.8999948501587,-24.89,196,259
1068,Electronics_Chargers_1068,2024-04-01,10546.02071990967,14038.603282928467,-3492.5825630187974,-24.88,121,169
1101,Snacks_Crackers_1101,2021-09-01,2766.120008468628,3681.0970306396484,-914.9770221710205,-24.86,111,165
1111,Snacks_Nuts_1111,2024-08-01,1901.5900462150573,2530.250062847137,-628.6600166320798,-24.85,171,226
1079,Beverages_Juices_1079,2024-04-01,520.3379861831664,691.9769869804383,-171.63900079727182,-24.80,117,150
1001,Electronics_Chargers_1001,2021-06-01,23202.95965576172,30849.249522399907,-7646.289866638188,-24.79,141,215
1091,Dairy_Butter_1091,2025-02-01,1500.7009626865392,1995.3439517974857,-494.6429891109465,-24.79,200,286
1110,Grocery_Canned Goods_1110,2021-08-01,2536.9699668884273,3372.4044591426846,-835.4344922542573,-24.77,153,206
1132,Dairy_Butter_1132,2023-03-01,3744.991888427734,4978.015862083435,-1233.0239736557014,-24.77,121,167
1092,Household_Detergent_1092,2021-06-01,3439.1800651550293,4571.2150230407715,-1132.0349578857422,-24.76,122,196
1124,Dairy_Cheese_1124,2023-02-01,3626.90003824234,4819.628086662294,-1192.7280484199537,-24.75,191,239
1029,Grocery_Canned Goods_1029,2022-09-01,2706.2999629974365,3596.3100280761723,-890.0100650787358,-24.75,97,146
1009,Electronics_Batteries_1009,2021-08-01,12368.645823669434,16434.305827331544,-4065.6600036621094,-24.74,151,206
1126,Beverages_Soft Drinks_1126,2023-02-01,4173.7440729141235,5545.9281005859375,-1372.184027671814,-24.74,196,258
1027,Snacks_Chips_1027,2023-02-01,788.1410024881363,1046.9350041151042,-258.7940016269679,-24.72,155,205
1053,Snacks_Crackers_1053,2021-06-01,1724.1999435424805,2290.2299280166626,-566.0299844741821,-24.71,148,238
1025,Household_Detergent_1025,2023-10-01,491.83997344970703,652.9599647521973,-161.11999130249023,-24.68,58,77
1173,Electronics_Batteries_1173,2022-06-01,20283.92022705078,26929.200267791748,-6645.280040740967,-24.68,124,183
1011,Personal Care_Shampoo_1011,2024-08-01,2876.631056404114,3818.6760765075674,-942.0450201034532,-24.67,157,208
1079,Beverages_Juices_1079,2021-06-01,509.5999813079834,676.5329882383346,-166.9330069303512,-24.67,98,166
1119,Grocery_Pasta_1119,2023-05-01,3570.9299697875977,4740.63402709961,-1169.704057312012,-24.67,99,172
1186,Dairy_Yogurt_1186,2025-02-01,801.7919882535934,1064.1919865608215,-262.3999983072281,-24.66,181,236
1004,Beverages_Juices_1004,2024-11-01,1832.8289766311646,2432.3599700927734,-599.5309934616089,-24.65,75,98
1026,Snacks_Biscuits_1026,2023-05-01,547.1999816894531,726.221984553337,-179.02200286388393,-24.65,96,157
1023,Personal Care_Toothpaste_1023,2022-09-01,5230.519973754883,6941.518093490601,-1710.9981197357183,-24.65,86,128
1027,Snacks_Chips_1027,2024-12-01,414.2200109004974,549.6090172529221,-135.38900635242464,-24.63,73,92
1171,Personal Care_Toothpaste_1171,2024-03-01,5603.1877365112305,7432.949638366699,-1829.7619018554688,-24.62,155,220
1023,Personal Care_Toothpaste_1023,2023-03-01,6515.1439697265605,8642.05505657196,-2126.9110868454,-24.61,119,174
1071,Grocery_Canned Goods_1071,2025-09-01,532.5299777984619,706.2659909248353,-173.73601312637334,-24.60,97,145
1106,Snacks_Chocolates_1106,2021-06-01,1421.2799663543701,1884.3009763240816,-463.0210099697115,-24.57,126,203
1084,Household_Paper Products_1084,2022-03-01,5220.00993347168,6920.389755249023,-1700.3798217773438,-24.57,109,211
1053,Snacks_Crackers_1053,2024-04-01,1202.562958431244,1594.1649453163152,-391.60198688507126,-24.56,124,151
1103,Dairy_Milk_1103,2024-03-01,5550.314030456542,7355.320098876954,-1805.0060684204118,-24.54,169,236
1111,Snacks_Nuts_1111,2024-11-01,1033.2720336914062,1369.0400457382202,-335.76801204681396,-24.53,84,109
1142,Electronics_Mobile Accessories_1142,2023-11-01,1097.6985224723817,1454.520031929016,-356.82150945663443,-24.53,80,93
1125,Personal Care_Toothpaste_1125,2025-04-01,3085.6439191818235,4087.3698720932,-1001.7259529113762,-24.51,119,200
1076,Snacks_Chocolates_1076,2021-09-01,1860.8600063323975,2464.988024139405,-604.1280178070074,-24.51,83,124
1180,Grocery_Spices_1180,2022-08-01,1211.9519676208495,1605.5129581451415,-393.56099052429204,-24.51,161,217
1068,Electronics_Chargers_1068,2025-04-01,10588.23959350586,14023.553472900392,-3435.3138793945327,-24.50,119,225
1141,Beverages_Coffee_1141,2022-02-01,1149.3799953460693,1522.299994468689,-372.91999912261963,-24.50,178,237
1110,Grocery_Canned Goods_1110,2022-06-01,2061.9199829101562,2730.4874889850616,-668.5675060749054,-24.49,112,161
1034,Household_Cleaning Supplies_1034,2024-03-01,7704.435646438597,10200.214648818972,-2495.7790023803745,-24.47,148,213
1170,Dairy_Yogurt_1170,2023-03-01,2531.2919776916506,3351.4199954986575,-820.1280178070069,-24.47,139,194
1063,Snacks_Chocolates_1063,2025-04-01,1410.809941482544,1866.9999740600585,-456.19003257751456,-24.43,88,160
1027,Snacks_Chips_1027,2023-07-01,609.5980192184447,806.586025428772,-196.98800621032728,-24.42,131,138
1149,Electronics_Chargers_1149,2022-05-01,10701.060178756714,14157.660158157349,-3456.5999794006348,-24.42,109,187
1004,Beverages_Juices_1004,2022-11-01,1913.9224743843079,2531.6399688720703,-617.7174944877625,-24.40,80,102
1144,Household_Detergent_1144,2022-05-01,1397.1600046157837,1847.8500127792358,-450.69000816345215,-24.39,101,165
1109,Electronics_Batteries_1109,2024-03-01,4369.360469436644,5779.106996917725,-1409.746527481081,-24.39,137,196
1155,Electronics_Mobile Accessories_1155,2022-11-01,1747.5639381408691,2310.8799152374268,-563.3159770965576,-24.38,81,101
1136,Personal Care_Shampoo_1136,2023-03-01,4801.414024353027,6348.242561340332,-1546.8285369873047,-24.37,98,120
1139,Dairy_Cream_1139,2022-02-01,2987.5425124168396,3949.8075127601624,-962.2650003433228,-24.36,188,247
1083,Dairy_Cheese_1083,2024-02-01,2391.9100296497354,3161.6900390148166,-769.7800093650812,-24.35,207,273
1188,Grocery_Spices_1188,2022-05-01,2353.799909591675,3111.279907464981,-757.4799978733063,-24.35,126,210
1194,Dairy_Butter_1194,2024-03-01,1303.3034763813018,1722.5009615898136,-419.1974852085118,-24.34,160,216
1125,Personal Care_Toothpaste_1125,2023-11-01,2061.114448261261,2723.9699306488037,-662.8554823875429,-24.33,77,101
1037,Electronics_Cables_1037,2021-09-01,18035.570739746094,23835.232989501957,-5799.662249755864,-24.33,101,154
1055,Dairy_Butter_1055,2023-03-01,1131.3320249557494,1495.1255433559418,-363.7935184001924,-24.33,112,170
1127,Grocery_Rice_1127,2023-05-01,2492.4600372314453,3292.8000392913814,-800.3400020599361,-24.31,122,193
1080,Snacks_Chips_1080,2023-02-01,3877.0689800262435,5121.804480934144,-1244.7355009079001,-24.30,217,271
1067,Grocery_Cereals_1067,2023-08-01,5506.545973205566,7273.223962402341,-1766.6779891967753,-24.29,146,182
1179,Household_Cleaning Supplies_1179,2023-08-01,3143.4399909973145,4151.704000091553,-1008.2640090942386,-24.29,136,167
1036,Electronics_Mobile Accessories_1036,2024-08-01,10437.725143432617,13784.205116271973,-3346.4799728393555,-24.28,129,174
1130,Snacks_Nuts_1130,2021-08-01,2510.1300525665283,3314.934069013596,-804.8040164470676,-24.28,166,223
1154,Household_Cleaning Supplies_1154,2022-02-01,2614.130040168762,3452.440050125122,-838.3100099563599,-24.28,217,296
1002,Dairy_Cream_1002,2025-06-01,1424.5099573135376,1881.009937286377,-456.49997997283936,-24.27,109,137
1043,Electronics_Batteries_1043,2024-03-01,2979.720579147339,3934.898094177246,-955.1775150299072,-24.27,144,200
1076,Snacks_Chocolates_1076,2025-03-01,2908.8719688415536,3839.8379529953013,-930.9659841537477,-24.24,193,204
1138,Household_Cleaning Supplies_1138,2022-11-01,3470.9999084472656,4581.719879150391,-1110.719970703125,-24.24,75,99
1024,Grocery_Canned Goods_1024,2021-02-01,1418.7704728841782,1872.4589674472809,-453.6884945631027,-24.23,200,258
1116,Personal Care_Skincare_1116,2025-10-01,5624.640197753906,7421.400260925293,-1796.7600631713867,-24.21,72,95
1059,Electronics_Cables_1059,2023-05-01,2038.0799560546875,2688.341940879822,-650.2619848251343,-24.19,96,168
1099,Personal Care_Toothpaste_1099,2025-08-01,6818.974063873291,8993.576080322266,-2174.6020164489746,-24.18,156,204
1087,Snacks_Crackers_1087,2022-06-01,1017.3600082397461,1341.1500103473663,-323.79000210762024,-24.14,108,145
1140,Personal Care_Shampoo_1140,2023-10-01,2366.099899291992,3118.949867248535,-752.849967956543,-24.14,66,87
1034,Household_Cleaning Supplies_1034,2025-02-01,8066.463129425048,10632.787126159667,-2566.323996734619,-24.14,164,233
1076,Snacks_Chocolates_1076,2024-07-01,2439.4400253295894,3214.3190066337584,-774.878981304169,-24.11,124,150
1073,Electronics_Chargers_1073,2025-02-01,23150.815718460075,30500.899562835697,-7350.083844375622,-24.10,232,295
1038,Electronics_Cables_1038,2025-02-01,15799.595843505855,20814.553298187253,-5014.957454681398,-24.09,188,251
1078,Electronics_Cables_1078,2024-05-01,14917.589645385742,19648.053756713867,-4730.464111328125,-24.08,83,120
1126,Beverages_Soft Drinks_1126,2025-08-01,4020.507949066162,5295.741984176637,-1275.234035110475,-24.08,180,230
1192,Dairy_Milk_1192,2022-11-01,1534.4939522743225,2021.2399368286133,-486.74598455429077,-24.08,71,92
1052,Snacks_Crackers_1052,2024-02-01,2903.118058013916,3823.4310756683344,-920.3130176544182,-24.07,209,270
1066,Household_Cleaning Supplies_1066,2021-02-01,9357.41955127716,12322.47854824066,-2965.0589969635002,-24.06,226,295
1036,Electronics_Mobile Accessories_1036,2021-06-01,12079.800453186035,15906.802464294435,-3827.0020111083995,-24.06,135,221
1177,Snacks_Chips_1177,2023-09-01,315.2399904727936,415.0959930419922,-99.85600256919861,-24.06,111,197
1168,Snacks_Chips_1168,2023-11-01,1364.7960586547852,1797.2800788879395,-432.4840202331543,-24.06,76,94
1021,Grocery_Canned Goods_1021,2021-11-01,2233.4579948425294,2940.6599922180176,-707.2019973754882,-24.05,79,102
1058,Personal Care_Soap_1058,2023-05-01,4236.579971313477,5577.060050010681,-1340.4800786972046,-24.04,94,152
1100,Electronics_Mobile Accessories_1100,2024-02-01,2867.7598857879634,3775.3198442459093,-907.5599584579459,-24.04,188,242
1118,Dairy_Milk_1118,2025-03-01,3240.9750843048096,4266.335983276367,-1025.3608989715576,-24.03,175,220
1081,Snacks_Nuts_1081,2024-04-01,1429.4025523662563,1881.4300632476807,-452.0275108814244,-24.03,159,217
1079,Beverages_Juices_1079,2022-02-01,744.2499959468842,979.5499851703644,-235.29998922348022,-24.02,200,240
1059,Electronics_Cables_1059,2023-02-01,3176.2698921203605,4180.142365074157,-1003.8724729537967,-24.02,184,236
1131,Snacks_Crackers_1131,2024-11-01,1676.2889513969421,2206.1799354553223,-529.8909840583801,-24.02,72,94
1115,Household_Paper Products_1115,2024-04-01,5039.770613670349,6631.774620628357,-1592.0040069580082,-24.01,128,173
1062,Personal Care_Deodorant_1062,2022-06-01,3180.62003326416,4185.450031757355,-1004.8299984931946,-24.01,109,150
1067,Grocery_Cereals_1067,2021-11-01,3466.9299827575683,4560.439971923828,-1093.5099891662599,-23.98,73,92
1009,Electronics_Batteries_1009,2023-02-01,13185.95607299805,17344.912435913087,-4158.956362915038,-23.98,178,229
1069,Grocery_Spices_1069,2025-07-01,5329.445091247558,7008.839859008789,-1679.3947677612314,-23.96,161,190
1076,Snacks_Chocolates_1076,2024-10-01,1636.660005569458,2152.3200073242188,-515.6600017547607,-23.96,73,96
1089,Electronics_Mobile Accessories_1089,2024-08-01,9916.189949035645,13040.137734985348,-3123.9477859497038,-23.96,176,219
1026,Snacks_Biscuits_1026,2025-09-01,530.0999822616577,696.9959993362427,-166.89601707458496,-23.95,93,139
1123,Beverages_Water_1123,2021-10-01,530.2799835205078,697.2199783325195,-166.93999481201172,-23.94,54,71
1152,Personal Care_Toothpaste_1152,2024-04-01,5201.2974048614515,6836.55230369568,-1635.2548988342287,-23.92,117,147
1122,Dairy_Yogurt_1122,2021-08-01,4603.172073936464,6048.793094062804,-1445.6210201263402,-23.90,166,215
1119,Grocery_Pasta_1119,2024-02-01,6207.62096118927,8157.477945327759,-1949.8569841384888,-23.90,214,270
1088,Household_Cleaning Supplies_1088,2024-04-01,2663.7919784545898,3500.417467594147,-836.6254891395574,-23.90,141,189
1032,Snacks_Chocolates_1032,2023-09-01,1273.4399871826172,1673.21600189209,-399.77601470947275,-23.89,84,146
1179,Household_Cleaning Supplies_1179,2025-10-01,1932.2800102233887,2537.9200134277344,-605.6400032043457,-23.86,67,88
1078,Electronics_Cables_1078,2025-10-01,14917.589645385742,19590.569534301758,-4672.979888916016,-23.85,83,109
1063,Snacks_Chocolates_1063,2024-10-01,1346.2599430084229,1767.9799251556396,-421.7199821472168,-23.85,83,109
1009,Electronics_Batteries_1009,2022-06-01,10095.449661254883,13255.939567565918,-3160.489906311035,-23.84,111,151
1015,Dairy_Cream_1015,2025-02-01,4704.772870159148,6177.833835411071,-1473.0609652519233,-23.84,202,276
1031,Snacks_Chips_1031,2024-03-01,2393.6569932937623,3141.8870157241827,-748.2300224304204,-23.81,187,236
1016,Grocery_Rice_1016,2024-04-01,2356.9880619049068,3093.2920852661136,-736.3040233612069,-23.80,142,183
1173,Electronics_Batteries_1173,2025-09-01,18484.54020690918,24258.680221557617,-5774.1400146484375,-23.80,113,173
1182,Beverages_Tea_1182,2025-06-01,1464.2700490951538,1920.740062713623,-456.47001361846924,-23.77,111,137
1035,Electronics_Batteries_1035,2024-11-01,22073.785424804686,28954.840576171875,-6881.055151367189,-23.76,94,118
1103,Dairy_Milk_1103,2022-11-01,4302.339940643311,5643.32991027832,-1340.9899696350094,-23.76,119,147
1133,Electronics_Mobile Accessories_1133,2023-03-01,3969.9278457641603,5206.090911483764,-1236.1630657196038,-23.74,127,181
1073,Electronics_Chargers_1073,2024-11-01,9181.087294006347,12037.999725341797,-2856.9124313354496,-23.73,78,100
1050,Snacks_Chips_1050,2024-02-01,2838.7599906921387,3721.8539960861217,-883.094005393983,-23.73,198,250
1179,Household_Cleaning Supplies_1179,2025-06-01,3322.0075097084045,4354.8400230407715,-1032.832513332367,-23.72,120,151
1137,Snacks_Nuts_1137,2023-05-01,779.5199756622314,1021.6839856624605,-242.16401000022904,-23.70,116,185
1086,Grocery_Rice_1086,2022-02-01,1621.1700367927551,2124.7350509166718,-503.5650141239166,-23.70,147,180
1066,Household_Cleaning Supplies_1066,2024-06-01,4748.544878387452,6222.499847412109,-1473.9549690246577,-23.69,101,125
1142,Electronics_Mobile Accessories_1142,2022-06-01,1782.960039138794,2336.2250480651855,-553.2650089263916,-23.68,114,152
1124,Dairy_Cheese_1124,2025-04-01,2525.9060901641847,3309.0091272354134,-783.1030370712288,-23.67,110,211
1060,Household_Detergent_1060,2021-04-01,3609.2100105285645,4727.499961853027,-1118.289951324463,-23.65,123,125
1191,Dairy_Butter_1191,2024-04-01,1032.5849698066713,1352.3899717330933,-319.80500192642194,-23.65,113,156
1025,Household_Detergent_1025,2021-06-01,1000.6399459838867,1310.3739731550218,-309.73402717113504,-23.64,118,207
1009,Electronics_Batteries_1009,2022-10-01,6184.599792480469,8094.549728393555,-1909.949935913086,-23.60,68,89
1086,Grocery_Rice_1086,2022-06-01,1686.7200469970703,2207.3550584316254,-520.635011434555,-23.59,112,161
1167,Grocery_Rice_1167,2025-02-01,8464.327958679203,11077.097465515137,-2612.7695068359335,-23.59,235,305
1009,Electronics_Batteries_1009,2025-02-01,14529.228024291991,19012.493380737305,-4483.265356445314,-23.58,185,249
1127,Grocery_Rice_1127,2023-02-01,3450.433612155914,4512.105151176454,-1061.6715390205395,-23.53,203,268
1007,Personal Care_Shampoo_1007,2025-09-01,6456.960205078125,8442.740948486331,-1985.780743408206,-23.52,96,147
1037,Electronics_Cables_1037,2022-09-01,19106.990783691406,24983.430036926275,-5876.439253234868,-23.52,107,161
1043,Electronics_Batteries_1043,2025-03-01,2862.1740623474125,3742.2010803222656,-880.0270179748532,-23.52,171,199
1049,Electronics_Batteries_1049,2021-08-01,19987.45576782226,26132.2838142395,-6144.828046417242,-23.51,195,254
1148,Household_Cleaning Supplies_1148,2022-11-01,4100.792530441284,5361.000061035156,-1260.2075305938724,-23.51,84,100
1113,Dairy_Cheese_1113,2023-05-01,3262.4101181030273,4264.313546085357,-1001.90342798233,-23.50,129,210
1022,Household_Cleaning Supplies_1022,2022-06-01,6523.579963684082,8528.059931755066,-2004.479968070984,-23.50,119,170
1052,Snacks_Crackers_1052,2025-02-01,2737.4030559539797,3577.972071838378,-840.5690158843981,-23.49,206,260
1045,Electronics_Cables_1045,2025-02-01,23908.777900695797,31245.756472778317,-7336.97857208252,-23.48,204,269
1045,Electronics_Cables_1045,2025-03-01,18293.955455780026,23908.777900695797,-5614.8224449157715,-23.48,178,204
1121,Grocery_Rice_1121,2025-03-01,4425.279907226563,5782.299970626831,-1357.0200634002676,-23.47,200,218
1101,Snacks_Crackers_1101,2023-06-01,2441.2080127716067,3189.760009765625,-748.5519969940183,-23.47,103,128
1116,Personal Care_Skincare_1116,2022-10-01,4843.440170288086,6327.7202224731445,-1484.2800521850586,-23.46,62,81
1013,Grocery_Cereals_1013,2025-08-01,5531.482047271729,7226.806077575683,-1695.3240303039538,-23.46,175,226
1116,Personal Care_Skincare_1116,2024-06-01,8193.192274475095,10702.440376281738,-2509.248101806643,-23.45,111,137
1042,Grocery_Canned Goods_1042,2023-08-01,6045.3359588623025,7895.215948486329,-1849.8799896240262,-23.43,171,223
1181,Personal Care_Soap_1181,2024-03-01,4797.204018402099,6264.816016387936,-1467.6119979858368,-23.43,147,195
1055,Dairy_Butter_1055,2024-10-01,946.9000291824341,1236.5400381088257,-289.6400089263916,-23.42,85,111
1068,Electronics_Chargers_1068,2022-10-01,8082.649688720703,10554.98959350586,-2472.3399047851562,-23.42,85,111
1094,Grocery_Rice_1094,2023-09-01,2115,2761.7199432373054,-646.7199432373054,-23.42,90,151
1135,Household_Trash Bags_1135,2021-06-01,6513.210216522217,8505.523630714417,-1992.3134141922,-23.42,129,206
1104,Grocery_Pasta_1104,2023-02-01,3520.4251441955566,4595.440189361572,-1075.0150451660156,-23.39,195,262
1031,Snacks_Chips_1031,2022-06-01,1832.4000549316406,2391.6150612831116,-559.215006351471,-23.38,120,168
1024,Grocery_Canned Goods_1024,2021-11-01,565.7849986553192,738.3599967956543,-172.57499814033508,-23.37,71,84
1058,Personal Care_Soap_1058,2024-06-01,4662.494966506957,6084.4499588012695,-1421.9549922943124,-23.37,106,135
1041,Snacks_Nuts_1041,2023-03-01,1030.9440181732177,1345.1849984645846,-314.2409802913669,-23.36,85,118
1095,Snacks_Chocolates_1095,2024-10-01,1715.4400062561035,2238.440008163452,-523.0000019073486,-23.36,82,107
1174,Electronics_Mobile Accessories_1174,2022-06-01,29383.700744628906,38340.36086654663,-8956.660121917725,-23.36,122,171
1192,Dairy_Milk_1192,2024-11-01,1532.6219539642334,1999.2699375152588,-466.6479835510254,-23.34,79,91
1080,Snacks_Chips_1080,2025-03-01,3374.0279926300045,4401.098982620237,-1027.0709899902322,-23.34,222,235
1051,Electronics_Cables_1051,2024-06-01,6345.847863006592,8276.599822998047,-1930.751959991455,-23.33,92,116
1107,Electronics_Mobile Accessories_1107,2025-03-01,21176.714376831053,27602.280038452158,-6425.565661621105,-23.28,197,195
1166,Grocery_Spices_1166,2024-02-01,7780.167806243897,10139.919723510742,-2359.7519172668453,-23.27,188,250
1100,Electronics_Mobile Accessories_1100,2022-08-01,2516.52889251709,3279.1228551864624,-762.5939626693726,-23.26,157,200
1034,Household_Cleaning Supplies_1034,2024-02-01,10200.214648818972,13290.198687362672,-3089.9840385437,-23.25,213,280
1143,Dairy_Cheese_1143,2024-05-01,1548.899917602539,2017.5229407310485,-468.62302312850943,-23.23,90,135
1134,Household_Paper Products_1134,2024-05-01,1410.6599922180176,1836.7720045089725,-426.1120122909549,-23.20,102,148
1142,Electronics_Mobile Accessories_1142,2023-05-01,1595.280035018921,2077.022040557861,-481.74200553894025,-23.19,102,163
1001,Electronics_Chargers_1001,2025-03-01,24134.182031250002,31420.82851562501,-7286.646484375007,-23.19,215,237
1177,Snacks_Chips_1177,2022-08-01,360.9359905242921,469.87198748588565,-108.93599696159356,-23.18,142,183
1110,Grocery_Canned Goods_1110,2021-06-01,2209.199981689453,2874.3090159416197,-665.1090342521666,-23.14,120,210
1032,Snacks_Chocolates_1032,2023-02-01,2242.711015224457,2917.6735265254974,-674.9625113010406,-23.13,174,231
1077,Household_Cleaning Supplies_1077,2023-06-01,4025.0558807373045,5235.99983215332,-1210.9439514160158,-23.13,86,110
1074,Personal Care_Skincare_1074,2022-02-01,10978.769805908203,14280.629745483398,-3301.8599395751953,-23.12,229,297
1026,Snacks_Biscuits_1026,2021-08-01,710.8469996452332,924.5730010271072,-213.72600138187408,-23.12,142,187
1139,Dairy_Cream_1139,2025-08-01,3330.7259708404536,4332.491968345641,-1001.7659975051874,-23.12,163,213
1186,Dairy_Yogurt_1186,2024-05-01,551.4600038528442,717.2879971504211,-165.82799329757688,-23.12,101,150
1017,Household_Paper Products_1017,2025-03-01,6494.353980064392,8446.634960174562,-1952.2809801101703,-23.11,215,237
1032,Snacks_Chocolates_1032,2022-11-01,932.8549924850464,1212.7999877929688,-279.94499530792234,-23.08,65,80
1152,Personal Care_Toothpaste_1152,2022-02-01,8607.344793319702,11189.714727401733,-2582.3699340820312,-23.08,223,270
1106,Snacks_Chocolates_1106,2025-02-01,1854.2309928894044,2410.51450843811,-556.2835155487057,-23.08,196,270
1082,Household_Detergent_1082,2023-05-01,5046.579982757568,6559.098966598511,-1512.5189838409424,-23.06,113,184
1071,Grocery_Canned Goods_1071,2022-05-01,639.2999746799469,830.9099700450897,-191.60999536514282,-23.06,130,199
1022,Household_Cleaning Supplies_1022,2023-11-01,4218.796482276916,5481.999969482422,-1263.2034872055056,-23.04,81,100
1184,Snacks_Chocolates_1184,2024-04-01,2652.0234674453736,3445.462437248229,-793.4389698028554,-23.03,136,174
1123,Beverages_Water_1123,2021-08-01,1324.379991531372,1720.3359908342363,-395.95599930286426,-23.02,151,201
1085,Personal Care_Skincare_1085,2024-02-01,4130.621881484985,5365.90184211731,-1235.2799606323242,-23.02,192,237
1055,Dairy_Butter_1055,2021-09-01,1180.840036392212,1533.8420026779177,-353.00196628570575,-23.01,106,154
1004,Beverages_Juices_1004,2021-10-01,1911.1399765014648,2481.999969482422,-570.859992980957,-23.00,77,100
1167,Grocery_Rice_1167,2024-11-01,3195.59010925293,4150.100143432617,-954.5100341796874,-23.00,77,94
1191,Dairy_Butter_1191,2025-09-01,980.0999622344971,1272.8429676055905,-292.74300537109343,-23.00,99,147
1040,Electronics_Mobile Accessories_1040,2024-08-01,10754.179931640625,13964.378931427,-3210.1989997863748,-22.99,146,186
1131,Snacks_Crackers_1131,2023-06-01,2729.0979221343996,3543.9698963165283,-814.8719741821287,-22.99,117,151
1040,Electronics_Mobile Accessories_1040,2025-03-01,10699.639923095705,13890.698381805412,-3191.0584587097073,-22.97,185,199
1139,Dairy_Cream_1139,2023-08-01,2563.6519561767577,3327.6579421997076,-764.0059860229499,-22.96,146,189
1197,Electronics_Mobile Accessories_1197,2023-03-01,1962.5480014801026,2547.4499497413635,-584.9019482612609,-22.96,121,181
1096,Electronics_Mobile Accessories_1096,2023-06-01,11609.94807434082,15067.570121765137,-3457.6220474243164,-22.95,105,133
1140,Personal Care_Shampoo_1140,2022-11-01,2983.59987449646,3871.799835205078,-888.1999607086182,-22.94,89,108
1144,Household_Detergent_1144,2022-11-01,1170.0399993896485,1518.3000040054321,-348.2600046157836,-22.94,89,105
1129,Electronics_Chargers_1129,2024-03-01,19370.372352600098,25137.985031127944,-5767.612678527847,-22.94,142,195
1026,Snacks_Biscuits_1026,2021-03-01,598.4999799728394,776.5459978103638,-178.04601783752446,-22.93,105,161
1144,Household_Detergent_1144,2024-09-01,1576.14000415802,2044.70702342987,-468.5670192718501,-22.92,109,161
1084,Household_Paper Products_1084,2021-10-01,3543.8599548339844,4597.43994140625,-1053.5799865722656,-22.92,74,96
1033,Household_Paper Products_1033,2023-06-01,3576.1598724365235,4638.919803619385,-1062.7599311828612,-22.91,116,143
1157,Household_Cleaning Supplies_1157,2025-02-01,2486.2159781455994,3224.8019514083862,-738.5859732627869,-22.90,196,267
1159,Electronics_Batteries_1159,2022-02-01,27524.489868164062,35693.909912109375,-8169.4200439453125,-22.89,218,270
1095,Snacks_Chocolates_1095,2023-05-01,2029.2400074005127,2631.5639888763426,-602.3239814758299,-22.89,97,157
1010,Grocery_Rice_1010,2024-03-01,2486.089546632767,3224.1005607128145,-738.0110140800475,-22.89,171,232
1190,Dairy_Milk_1190,2024-08-01,2253.2209758758545,2921.9279708862305,-668.706995010376,-22.89,127,164
1102,Snacks_Biscuits_1102,2022-05-01,2952.4800996780396,3827.8200902938843,-875.3399906158447,-22.87,155,228
1016,Grocery_Rice_1016,2021-11-01,1319.9900312423706,1710.7200469970703,-390.7300157546997,-22.84,73,88
1089,Electronics_Mobile Accessories_1089,2025-08-01,10429.755801391602,13515.0677734375,-3085.311972045898,-22.83,176,230
1142,Electronics_Mobile Accessories_1142,2025-03-01,2025.0550133705142,2624.15402507782,-599.0990117073056,-22.83,182,200
1100,Electronics_Mobile Accessories_1100,2025-03-01,2223.629928588867,2881.0318902969366,-657.4019617080694,-22.82,168,194
1172,Electronics_Chargers_1172,2024-02-01,19296.182264328,25000.695652771,-5704.513388443,-22.82,202,257
1104,Grocery_Pasta_1104,2022-06-01,2259.8400897979736,2927.7601070404053,-667.9200172424316,-22.81,107,150
1115,Household_Paper Products_1115,2024-12-01,4154.386606407165,5381.124145889282,-1226.7375394821165,-22.80,97,124
1019,Electronics_Cables_1019,2024-04-01,19213.04013442993,24886.072154235844,-5673.032019805913,-22.80,104,138
1065,Electronics_Chargers_1065,2022-06-01,21161.770217895508,27408.015197753906,-6246.244979858398,-22.79,119,162
1159,Electronics_Batteries_1159,2023-02-01,27301.181195068373,35356.70802612305,-8055.526831054678,-22.78,183,241
1108,Dairy_Butter_1108,2025-10-01,3066.959976196289,3971.319969177246,-904.359992980957,-22.77,78,101
1165,Personal Care_Skincare_1165,2021-08-01,2489.4699211120605,3223.4918992996218,-734.0219781875612,-22.77,161,212
1129,Electronics_Chargers_1129,2022-02-01,20079.35451889038,25992.351877212524,-5912.997358322144,-22.75,183,230
1159,Electronics_Batteries_1159,2021-06-01,22616.160232543945,29273.19419250488,-6657.033959960936,-22.74,127,194
1012,Beverages_Juices_1012,2021-10-01,958.8000259399414,1240.800033569336,-282.00000762939453,-22.73,68,88
1062,Personal Care_Deodorant_1062,2021-07-01,3654.6860247612003,4727.160049438477,-1072.4740246772762,-22.69,145,162
1030,Dairy_Cream_1030,2022-10-01,1278.320053100586,1653.0000686645508,-374.68001556396484,-22.67,58,75
1153,Electronics_Batteries_1153,2025-03-01,22389.570098876953,28952.697175598136,-6563.127076721183,-22.67,200,214
1027,Snacks_Chips_1027,2021-10-01,496.1000156402588,641.3000202178955,-145.20000457763672,-22.64,82,106
1054,Snacks_Chips_1054,2024-03-01,1613.9799852371216,2086.171970176697,-472.1919849395754,-22.63,197,246
1138,Household_Cleaning Supplies_1138,2024-10-01,3008.199920654297,3887.5198974609375,-879.3199768066406,-22.62,65,84
1173,Electronics_Batteries_1173,2024-10-01,10632.700119018555,13740.720153808594,-3108.020034790039,-22.62,65,84
1158,Snacks_Crackers_1158,2021-02-01,1096.0609803438185,1416.317980957031,-320.25700061321254,-22.61,186,227
1052,Snacks_Crackers_1052,2025-06-01,2143.380039215088,2768.8800506591797,-625.5000114440918,-22.59,139,166
1155,Electronics_Mobile Accessories_1155,2022-06-01,2791.3598976135254,3605.0298738479614,-813.669976234436,-22.57,122,165
1173,Electronics_Batteries_1173,2022-02-01,25558.94019317627,33001.62023162842,-7442.680038452148,-22.55,207,277
1024,Grocery_Canned Goods_1024,2021-06-01,1151.4899950027466,1486.6205055236817,-335.1305105209351,-22.54,131,202
1093,Snacks_Chips_1093,2022-02-01,1083.8700029850006,1398.9300038814545,-315.06000089645386,-22.52,184,241
1150,Electronics_Batteries_1150,2024-04-01,17226.006394195556,22230.804285430913,-5004.797891235357,-22.51,144,195
1081,Snacks_Nuts_1081,2025-02-01,1675.7900524139404,2162.6425683498383,-486.8525159358978,-22.51,201,258
1167,Grocery_Rice_1167,2023-03-01,4411.468087768554,5692.05595703125,-1280.5878692626957,-22.50,119,160
1075,Snacks_Crackers_1075,2024-06-01,1388.8839859008788,1791.579984664917,-402.6959987640382,-22.48,110,134
1043,Electronics_Batteries_1043,2025-06-01,2472.5375757217407,3189.2001037597656,-716.6625280380249,-22.47,112,136
1087,Snacks_Crackers_1087,2024-02-01,1684.3125338554382,2172.567037391663,-488.25450353622455,-22.47,219,270
1114,Electronics_Batteries_1114,2024-02-01,22741.773629760737,29332.5775024414,-6590.803872680663,-22.47,185,246
1178,Beverages_Soft Drinks_1178,2022-11-01,1930.6940435886384,2489.760055541992,-559.0660119533538,-22.45,87,104
1161,Electronics_Batteries_1161,2023-05-01,9753.880432128906,12576.53200073242,-2822.6515686035145,-22.44,118,199
1104,Grocery_Pasta_1104,2021-08-01,3056.1900882720947,3939.921103477478,-883.7310152053833,-22.43,158,209
1051,Electronics_Cables_1051,2024-05-01,8276.599822998047,10669.978467178345,-2393.3786441802986,-22.43,116,174
1059,Electronics_Cables_1059,2025-07-01,2377.761021423341,3065.0399408340454,-687.2789194107045,-22.42,127,154
1149,Electronics_Chargers_1149,2023-06-01,10527.868185424804,13568.980239868164,-3041.1120544433597,-22.41,102,131
1083,Dairy_Cheese_1083,2022-11-01,1206.3620134353637,1554.5600128173828,-348.19799938201913,-22.40,95,112
1106,Snacks_Chocolates_1106,2022-05-01,1515.0449693202972,1952.1449754238129,-437.1000061035156,-22.39,147,226
1055,Dairy_Butter_1055,2025-03-01,1516.2800436019895,1953.6630578041077,-437.38301420211815,-22.39,182,207
1162,Dairy_Yogurt_1162,2023-05-01,2507.999963760376,3231.09599571228,-723.096031951904,-22.38,95,146
1200,Beverages_Juices_1200,2025-02-01,1009.620476579666,1300.557968711853,-290.9374921321869,-22.37,165,208
1102,Snacks_Biscuits_1102,2023-08-01,2833.63602142334,3649.5440399169916,-815.9080184936515,-22.36,169,213
1009,Electronics_Batteries_1009,2021-06-01,10186.399658203125,13118.026728057865,-2931.6270698547396,-22.35,112,187
1150,Electronics_Batteries_1150,2022-05-01,16958.68491744995,21834.599822998047,-4875.914905548096,-22.33,130,206
1173,Electronics_Batteries_1173,2024-02-01,33175.3635559082,42709.17154312134,-9533.807987213135,-22.32,235,298
1167,Grocery_Rice_1167,2022-02-01,6727.195198059082,8658.675247192383,-1931.4800491333008,-22.31,190,253
1111,Snacks_Nuts_1111,2023-02-01,2369.7340742111205,3050.336095237732,-680.6020210266115,-22.31,220,285
1108,Dairy_Butter_1108,2023-03-01,4197.911949157715,5402.91484451294,-1205.0028953552255,-22.30,119,161
1100,Electronics_Mobile Accessories_1100,2023-02-01,2544.917896842956,3274.7158767700193,-729.7979799270634,-22.29,165,222
1125,Personal Care_Toothpaste_1125,2023-07-01,2458.8859729766846,3164.1619243621826,-705.275951385498,-22.29,125,122
1059,Electronics_Cables_1059,2024-04-01,2542.314931106567,3270.119906616211,-727.804975509644,-22.26,135,174
1001,Electronics_Chargers_1001,2023-05-01,21557.35968017578,27723.984276580806,-6166.624596405025,-22.24,131,208
1104,Grocery_Pasta_1104,2024-03-01,2711.927611351013,3487.5801429748535,-775.6525316238403,-22.24,152,194
1132,Dairy_Butter_1132,2024-10-01,2678.0599060058594,3443.2198791503906,-765.1599731445312,-22.22,77,99
1076,Snacks_Chocolates_1076,2023-10-01,1255.520004272461,1614.240005493164,-358.7200012207031,-22.22,56,72
1165,Personal Care_Skincare_1165,2025-02-01,2774.8149386882783,3567.7299025535576,-792.9149638652793,-22.22,204,249
1194,Dairy_Butter_1194,2025-10-01,741.5100088119507,953.3700113296509,-211.8600025177002,-22.22,77,99
1186,Dairy_Yogurt_1186,2022-10-01,382.2000026702881,491.40000343322754,-109.20000076293945,-22.22,70,90
1187,Personal Care_Skincare_1187,2023-02-01,11378.379977416991,14622.465085601809,-3244.0851081848177,-22.19,185,251
1127,Grocery_Rice_1127,2021-06-01,2696.760040283203,3465.282020187378,-768.5219799041747,-22.18,132,210
1181,Personal Care_Soap_1181,2025-07-01,4641.7500427246105,5962.8600788116455,-1321.110036087035,-22.16,132,161
1190,Dairy_Milk_1190,2025-02-01,3033.8929526329034,3897.303945159913,-863.4109925270095,-22.15,180,229
1190,Dairy_Milk_1190,2023-03-01,2506.6439861297613,3219.7099390029907,-713.0659528732294,-22.15,141,195
1093,Snacks_Chips_1093,2025-06-01,950.5500023365021,1220.9400029182434,-270.39000058174133,-22.15,127,153
1005,Household_Paper Products_1005,2022-08-01,2386.845073699951,3065.463098144531,-678.61802444458,-22.14,151,192
1082,Household_Detergent_1082,2023-09-01,4555.319984436035,5848.815956115723,-1293.4959716796875,-22.12,102,163
1072,Electronics_Chargers_1072,2022-05-01,33877.69424057007,43497.824100494385,-9620.129859924316,-22.12,154,239
1197,Electronics_Mobile Accessories_1197,2025-03-01,2633.474028968811,3379.5839443206787,-746.1099153518676,-22.08,212,230
1198,Dairy_Cheese_1198,2022-11-01,1958.9079914093018,2513.2699851989746,-554.3619937896729,-22.06,86,97
1053,Snacks_Crackers_1053,2023-09-01,931.9999694824219,1195.7559608459476,-263.7559913635257,-22.06,80,130
1132,Dairy_Butter_1132,2022-02-01,5359.979893684387,6877.159856796265,-1517.1799631118774,-22.06,211,266
1002,Dairy_Cream_1002,2024-03-01,1811.0919696807857,2323.034466457368,-511.9424967765824,-22.04,153,200
1007,Personal Care_Shampoo_1007,2022-02-01,9067.92771434784,11628.105279922485,-2560.177565574646,-22.02,186,235
1078,Electronics_Cables_1078,2021-08-01,23417.31528167724,30031.019092559818,-6613.703810882576,-22.02,151,195
1165,Personal Care_Skincare_1165,2023-02-01,2444.1449198245996,3134.244904947282,-690.0999851226825,-22.02,161,212
1175,Household_Trash Bags_1175,2021-06-01,7061.120018005371,9054.228057670593,-1993.1080396652214,-22.01,118,180
1189,Electronics_Batteries_1189,2024-03-01,8134.071442031859,10426.375909423825,-2292.3044673919658,-21.99,124,157
1149,Electronics_Chargers_1149,2021-11-01,7595.569144439697,9736.52017211914,-2140.9510276794435,-21.99,82,94
1160,Snacks_Nuts_1160,2021-02-01,1066.6424843788143,1367.3474842071535,-300.70499982833917,-21.99,204,271
1142,Electronics_Mobile Accessories_1142,2025-10-01,1110.4400243759155,1423.2400312423706,-312.8000068664551,-21.98,71,91
1018,Personal Care_Deodorant_1018,2024-05-01,5626.319984436035,7210.647981262208,-1584.3279968261731,-21.97,102,145
1059,Electronics_Cables_1059,2024-03-01,3270.119906616211,4190.494873428344,-920.3749668121332,-21.96,174,229
1097,Snacks_Crackers_1097,2021-10-01,167.0399932861328,214.01999139785767,-46.97999811172485,-21.95,64,82
1188,Grocery_Spices_1188,2023-07-01,1887.7599166870118,2418.659899520874,-530.8999828338624,-21.95,120,123
1093,Snacks_Chips_1093,2022-05-01,978.9750024080276,1253.895003437996,-274.92000102996826,-21.93,131,211
1092,Household_Detergent_1092,2025-02-01,4854.341920852661,6217.133897781372,-1362.791976928711,-21.92,213,273
1015,Dairy_Cream_1015,2023-06-01,3008.1199264526367,3852.4598808288574,-844.3399543762207,-21.92,117,142
1013,Grocery_Cereals_1013,2023-04-01,4014.9300518989558,5140.530118560791,-1125.6000666618356,-21.90,148,163
1035,Electronics_Batteries_1035,2021-08-01,34424.16389465332,44078.021953582764,-9653.858058929443,-21.90,161,205
1162,Dairy_Yogurt_1162,2023-02-01,3748.0740195274348,4798.530036449431,-1050.4560169219958,-21.89,170,222
1036,Electronics_Mobile Accessories_1036,2025-02-01,16099.910018920895,20609.531048583984,-4509.621029663089,-21.88,216,275
1045,Electronics_Cables_1045,2021-06-01,17651.2508392334,22594.427966308598,-4943.1771270752,-21.88,125,188
1081,Snacks_Nuts_1081,2021-09-01,1156.9000482559204,1480.8350478172304,-323.93499956130995,-21.88,115,163
1097,Snacks_Crackers_1097,2024-07-01,282.1949885845184,361.1729865431785,-78.97799795866013,-21.87,125,145
1086,Grocery_Rice_1086,2024-11-01,976.5670268058777,1249.980034828186,-273.4130080223083,-21.87,66,83
1092,Household_Detergent_1092,2022-06-01,2621.6700496673584,3354.580051422119,-732.9100017547607,-21.85,93,126
1091,Dairy_Butter_1091,2024-11-01,662.5079825162887,847.7799777984619,-185.27199528217318,-21.85,81,97
1125,Personal Care_Toothpaste_1125,2021-06-01,3506.099910736084,4486.034900665283,-979.9349899291992,-21.84,130,213
1021,Grocery_Canned Goods_1021,2024-10-01,1960.4399948120117,2508.2099933624268,-547.769998550415,-21.84,68,87
1189,Electronics_Batteries_1189,2021-10-01,5303.319854736328,6785.129814147949,-1481.809959411621,-21.84,68,87
1178,Beverages_Soft Drinks_1178,2024-10-01,1627.920036315918,2082.7800464630127,-454.8600101470947,-21.84,68,87
1195,Snacks_Chocolates_1195,2025-03-01,2815.016039085388,3601.06607761383,-786.0500385284422,-21.83,207,206
1048,Snacks_Biscuits_1048,2025-03-01,1998.9029950141908,2557.1909846305844,-558.2879896163936,-21.83,215,216
1126,Beverages_Soft Drinks_1126,2023-06-01,2591.5880714416503,3315.3000984191895,-723.7120269775392,-21.83,103,129
1152,Personal Care_Toothpaste_1152,2024-09-01,5070.3598709106445,6485.504870223999,-1415.1449993133547,-21.82,94,136
1097,Snacks_Crackers_1097,2023-10-01,224.45999097824097,287.09998846054077,-62.639997482299805,-21.82,86,110
1106,Snacks_Chocolates_1106,2022-06-01,1184.399971961975,1515.0449693202972,-330.64499735832214,-21.82,105,147
1122,Dairy_Yogurt_1122,2025-02-01,6113.968104934693,7818.867132568356,-1704.8990276336635,-21.80,229,291
1150,Electronics_Batteries_1150,2021-11-01,10830.959922790527,13846.559936523438,-3015.60001373291,-21.78,89,104
1191,Dairy_Butter_1191,2024-02-01,1502.2139768600464,1920.4099702835083,-418.1959934234619,-21.78,180,230
1177,Snacks_Chips_1177,2023-07-01,314.9839940071106,402.6799886226654,-87.69599461555481,-21.78,143,149
1060,Household_Detergent_1060,2024-11-01,2603.713979148865,3328.1599731445312,-724.4459939956664,-21.77,70,88
1080,Snacks_Chips_1080,2022-02-01,3055.4375500679016,3905.1600608825684,-849.7225108146667,-21.76,192,242
1163,Household_Paper Products_1163,2023-05-01,3925.949935913086,5017.169942855836,-1091.22000694275,-21.75,105,157
1089,Electronics_Mobile Accessories_1089,2023-06-01,6605.551705932617,8441.599609375,-1836.0479034423834,-21.75,107,128
1104,Grocery_Pasta_1104,2021-10-01,1520.6400604248047,1943.0400772094727,-422.40001678466797,-21.74,72,92
1017,Household_Paper Products_1017,2025-02-01,8446.634960174562,10793.332440948487,-2346.6974807739243,-21.74,237,296
1028,Household_Paper Products_1028,2022-06-01,4094.4398803710938,5230.374855995178,-1135.9349756240845,-21.72,98,130
1094,Grocery_Rice_1094,2024-02-01,3506.9089521408077,4479.700413036347,-972.7914608955389,-21.72,172,232
1102,Snacks_Biscuits_1102,2023-09-01,2218.6200942993164,2833.63602142334,-615.0159271240236,-21.70,103,169
1106,Snacks_Chocolates_1106,2022-10-01,936.2399778366089,1195.6799716949463,-259.4399938583374,-21.70,83,106
1113,Dairy_Cheese_1113,2022-06-01,2453.1300888061523,3132.825098991394,-679.6950101852417,-21.70,97,130
1070,Grocery_Canned Goods_1070,2022-05-01,5640.209827423096,7203.6798095703125,-1563.4699821472168,-21.70,149,232
1061,Personal Care_Skincare_1061,2022-11-01,3624.0749769210815,4628.519973754883,-1004.4449968338013,-21.70,76,86
1099,Personal Care_Toothpaste_1099,2022-06-01,4984.000015258789,6363.945033073425,-1379.9450178146362,-21.68,100,136
1183,Electronics_Batteries_1183,2022-11-01,8803.695578384399,11238.359436035156,-2434.6638576507576,-21.66,71,84
1099,Personal Care_Toothpaste_1099,2022-02-01,6323.450086593628,8070.965121269226,-1747.5150346755981,-21.65,168,221
1072,Electronics_Chargers_1072,2021-10-01,18107.75958251953,23111.219467163086,-5003.459884643555,-21.65,76,97
1007,Personal Care_Shampoo_1007,2024-03-01,8195.740546417239,10457.796879577638,-2262.056333160399,-21.63,141,196
1187,Personal Care_Skincare_1187,2024-03-01,8912.489991760254,11370.539987182621,-2458.049995422367,-21.62,146,186
1086,Grocery_Rice_1086,2022-11-01,1133.5305309772493,1445.7600402832031,-312.2295093059538,-21.60,77,96
1113,Dairy_Cheese_1113,2022-02-01,3792.1724982261658,4836.960039138794,-1044.7875409126282,-21.60,209,249
1132,Dairy_Butter_1132,2023-09-01,3164.9798889160156,4036.9519104003907,-871.9720214843751,-21.60,91,151
1055,Dairy_Butter_1055,2021-07-01,1590.021996068954,2027.4800624847412,-437.45806641578724,-21.58,164,182
1110,Grocery_Canned Goods_1110,2023-03-01,1990.5419746398927,2538.0674603462226,-547.5254857063298,-21.57,120,162
1120,Grocery_Cereals_1120,2023-02-01,7191.628536987305,9168.23154754639,-1976.6030105590844,-21.56,189,241
1084,Household_Paper Products_1084,2022-06-01,5315.789932250977,6776.479888916016,-1460.689956665039,-21.56,111,152
1072,Electronics_Chargers_1072,2023-06-01,23549.6274810791,30020.759307861328,-6471.131826782228,-21.56,101,126
1024,Grocery_Canned Goods_1024,2023-11-01,758.4829976081849,966.899995803833,-208.41699819564815,-21.56,99,110
1035,Electronics_Batteries_1035,2022-02-01,36393.44962692261,46377.59930419922,-9984.149677276611,-21.53,210,280
1101,Snacks_Crackers_1101,2023-10-01,1545.0400047302246,1968.6800060272217,-423.64000129699707,-21.52,62,79
1124,Dairy_Cheese_1124,2025-08-01,2925.4900636672974,3727.6540845870977,-802.1640209198004,-21.52,140,177
1036,Electronics_Mobile Accessories_1036,2021-08-01,13332.340118408205,16985.28007507325,-3652.9399566650445,-21.51,168,220
1045,Electronics_Cables_1045,2021-08-01,21869.306930541992,27860.171951293945,-5990.865020751953,-21.50,179,228
1164,Electronics_Cables_1164,2023-03-01,19671.032586669924,25056.68061065674,-5385.648023986814,-21.49,115,146
1153,Electronics_Batteries_1153,2022-02-01,24218.495183944702,30848.195234298706,-6629.700050354004,-21.49,201,258
1123,Beverages_Water_1123,2021-06-01,1296.2399597167969,1650.5199728012085,-354.2800130844116,-21.46,132,205
1032,Snacks_Chocolates_1032,2024-03-01,2464.116507768631,3137.4250206947327,-673.3085129261017,-21.46,185,243
1002,Dairy_Cream_1002,2024-11-01,1250.9599595069885,1592.679946899414,-341.71998739242554,-21.46,94,116
1166,Grocery_Spices_1166,2023-02-01,7034.719829559325,8955.807778930663,-1921.0879493713373,-21.45,169,216
1175,Household_Trash Bags_1175,2024-02-01,11514.627093505864,14656.584112548828,-3141.957019042964,-21.44,236,296
1093,Snacks_Chips_1093,2021-11-01,557.9840021133423,710.2200016975403,-152.235999584198,-21.44,74,89
1112,Household_Paper Products_1112,2022-10-01,685.0800075531006,871.9200096130371,-186.84000205993652,-21.43,66,84
1175,Household_Trash Bags_1175,2025-02-01,7394.490047454836,9406.559076690673,-2012.0690292358377,-21.39,143,193
1120,Grocery_Cereals_1120,2025-02-01,6861.0844818115265,8726.795005798342,-1865.7105239868151,-21.38,173,224
1095,Snacks_Chocolates_1095,2022-06-01,1903.720006942749,2421.4900045394897,-517.7699975967407,-21.38,91,121
1011,Personal Care_Shampoo_1011,2022-11-01,1602.0460604667664,2037.0000839233398,-434.9540234565734,-21.35,85,100
1079,Beverages_Juices_1079,2021-09-01,577.1999788284302,733.9279730796814,-156.72799425125118,-21.35,111,159
1068,Electronics_Chargers_1068,2024-06-01,10023.417614746095,12742.059509277344,-2718.641894531249,-21.34,110,134
1198,Dairy_Cheese_1198,2025-04-01,1865.5199890136719,2371.7459518432615,-506.22596282958966,-21.34,72,141
1148,Household_Cleaning Supplies_1148,2023-02-01,8364.906019592283,10628.601038360595,-2263.6950187683124,-21.30,186,231
1139,Dairy_Cream_1139,2025-02-01,3780.3198490142818,4803.734808540344,-1023.4149595260619,-21.30,197,259
1037,Electronics_Cables_1037,2025-06-01,24173.955780029297,30714.041259765625,-6540.085479736328,-21.29,145,172
1196,Grocery_Pasta_1196,2022-02-01,5000.459962844849,6351.809906005859,-1351.3499431610107,-21.28,223,304
1171,Personal Care_Toothpaste_1171,2023-09-01,4292.009811401367,5450.739883422851,-1158.7300720214835,-21.26,103,165
1152,Personal Care_Toothpaste_1152,2024-03-01,6836.55230369568,8682.65725364685,-1846.10494995117,-21.26,147,184
1037,Electronics_Cables_1037,2025-03-01,24708.810607910156,31375.114413452146,-6666.303805541989,-21.25,196,214
1169,Beverages_Soft Drinks_1169,2024-04-01,790.0960074901581,1003.2120036125183,-213.11599612236023,-21.24,146,188
1084,Household_Paper Products_1084,2023-10-01,3735.419952392578,4741.109939575195,-1005.6899871826172,-21.21,78,99
1068,Electronics_Chargers_1068,2025-03-01,14023.553472900392,17795.980827331543,-3772.427354431151,-21.20,225,221
1045,Electronics_Cables_1045,2025-08-01,21010.689483642578,26661.951385498047,-5651.261901855469,-21.20,160,208
1063,Snacks_Chocolates_1063,2024-11-01,1061.1509553432466,1346.2599430084229,-285.1089876651763,-21.18,66,83
1006,Beverages_Coffee_1006,2024-08-01,1655.6319681167606,2100.531958675385,-444.89999055862427,-21.18,146,186
1006,Beverages_Coffee_1006,2022-08-01,1563.7799663543701,1984.0909567356114,-420.31099038124125,-21.18,141,182
1170,Dairy_Yogurt_1170,2022-02-01,3562.8598823547363,4520.2348527908325,-957.3749704360962,-21.18,218,287
1187,Personal Care_Skincare_1187,2025-02-01,12449.815084075932,15795.425022125242,-3345.6099380493106,-21.18,215,263
1104,Grocery_Pasta_1104,2025-03-01,3060.054026508331,3881.9451599121094,-821.8911334037784,-21.17,226,221
1090,Dairy_Cheese_1090,2022-02-01,5829.990055561066,7394.220065116882,-1564.2300095558167,-21.15,209,268
1128,Grocery_Spices_1128,2025-03-01,4026.2380599975586,5105.566513252257,-1079.3284532546986,-21.14,230,234
1141,Beverages_Coffee_1141,2022-06-01,1030.8999767303467,1307.1449747085571,-276.24499797821045,-21.13,122,163
1200,Beverages_Juices_1200,2021-06-01,883.8199729919434,1120.5699672698975,-236.7499942779541,-21.13,118,176
1090,Dairy_Cheese_1090,2021-12-01,3930.236094665527,4982.250117301942,-1052.0140226364147,-21.12,109,144
1066,Household_Cleaning Supplies_1066,2022-02-01,7797.249906539917,9882.019905090332,-2084.769998550415,-21.10,210,279
1142,Electronics_Mobile Accessories_1142,2022-11-01,999.6670206069946,1266.840027809143,-267.1730072021485,-21.09,72,81
1128,Grocery_Spices_1128,2023-05-01,3428.819990158081,4343.797009658814,-914.9770195007331,-21.06,129,198
1116,Personal Care_Skincare_1116,2025-02-01,11356.080308532719,14385.560409545895,-3029.480101013176,-21.06,182,223
1004,Beverages_Juices_1004,2025-08-01,3972.343983459473,5032.283997344968,-1059.9400138854953,-21.06,176,232
1021,Grocery_Canned Goods_1021,2021-02-01,5452.045518779754,6906.595519924165,-1454.550001144411,-21.06,226,282
1029,Grocery_Canned Goods_1029,2023-02-01,5219.243878746031,6611.40785293579,-1392.1639741897588,-21.06,232,288
1167,Grocery_Rice_1167,2022-05-01,6390.690216064453,8095.695213317871,-1705.004997253418,-21.06,150,256
1173,Electronics_Batteries_1173,2022-10-01,9814.800109863281,12432.080139160156,-2617.280029296875,-21.05,60,76
1041,Snacks_Nuts_1041,2022-11-01,923.4550135135651,1169.600019454956,-246.145005941391,-21.05,70,85
1034,Household_Cleaning Supplies_1034,2025-10-01,4547.24010848999,5756.000137329102,-1208.7600288391113,-21.00,79,100
1123,Beverages_Water_1123,2025-02-01,1718.5825114250183,2175.4500217437744,-456.8675103187561,-21.00,208,267
1040,Electronics_Mobile Accessories_1040,2021-04-01,7827.607438087463,9907.560035705566,-2079.952597618103,-20.99,120,117
1030,Dairy_Cream_1030,2021-12-01,1902.4720626831054,2407.9050941467285,-505.43303146362314,-20.99,91,122
1043,Electronics_Batteries_1043,2023-09-01,1969.800064086914,2493.2040466308595,-523.4039825439454,-20.99,84,147
1091,Dairy_Butter_1091,2021-06-01,1022.5799732208252,1293.6919720649719,-271.1119988441467,-20.96,117,187
1029,Grocery_Canned Goods_1029,2022-08-01,3596.3100280761723,4549.359025573731,-953.0489974975585,-20.95,146,184
1040,Electronics_Mobile Accessories_1040,2022-08-01,12846.63894882202,16248.345393943786,-3401.7064451217666,-20.94,169,222
1130,Snacks_Nuts_1130,2025-03-01,2433.9200694084175,3078.4310396194455,-644.510970211028,-20.94,202,222
1092,Household_Detergent_1092,2023-06-01,3454.9600616455077,4369.450082778931,-914.4900211334229,-20.93,124,155
1044,Snacks_Biscuits_1044,2025-10-01,1481.7200622558594,1873.9400787353516,-392.2200164794922,-20.93,68,86
1186,Dairy_Yogurt_1186,2023-06-01,535.3160024642945,677.0400047302246,-141.72400226593015,-20.93,102,124
1190,Dairy_Milk_1190,2024-04-01,2246.521988487244,2841.2079841613768,-594.6859956741328,-20.93,125,158
1006,Beverages_Coffee_1006,2023-08-01,1671.7000211715701,2114.020030784607,-442.320009613037,-20.92,167,215
1041,Snacks_Nuts_1041,2024-03-01,1881.0100096702574,2378.3899956703185,-497.3799860000611,-20.91,155,210
1154,Household_Cleaning Supplies_1154,2025-03-01,2363.5360202789307,2988.1180587768554,-624.5820384979247,-20.90,212,218
1083,Dairy_Cheese_1083,2024-03-01,1892.13002409935,2391.9100296497354,-499.78000555038534,-20.89,166,207
1131,Snacks_Crackers_1131,2023-02-01,3599.6500457763664,4548.895020294188,-949.2449745178214,-20.87,190,231
1146,Snacks_Chocolates_1146,2024-04-01,1994.1120574951171,2519.83257598877,-525.7205184936527,-20.86,111,140
1112,Household_Paper Products_1112,2023-05-01,1183.3200130462646,1495.3100263118743,-311.9900132656096,-20.86,114,189
1151,Electronics_Cables_1151,2021-06-01,18697.629440307617,23624.33007888794,-4926.7006385803215,-20.85,131,194
1196,Grocery_Pasta_1196,2022-11-01,2038.0080265045167,2574.840045928955,-536.8320194244384,-20.85,75,86
1074,Personal Care_Skincare_1074,2024-04-01,7729.147844696045,9764.340882492066,-2035.1930377960216,-20.84,138,183
1073,Electronics_Chargers_1073,2024-08-01,15901.999519348145,20086.41542816162,-4184.415908813477,-20.83,153,187
1186,Dairy_Yogurt_1186,2024-09-01,567.8400039672852,717.2579912185669,-149.41798725128172,-20.83,104,147
1037,Electronics_Cables_1037,2022-05-01,20357.010681152344,25703.14241027832,-5346.131729125977,-20.80,121,196
1133,Electronics_Mobile Accessories_1133,2024-06-01,3888.0598426818847,4908.249778747559,-1020.1899360656739,-20.79,122,145
1122,Dairy_Yogurt_1122,2024-03-01,4422.97307357788,5583.720096588134,-1160.7470230102535,-20.79,163,210
1115,Household_Paper Products_1115,2022-06-01,5129.5201416015625,6475.4101667404175,-1345.890025138855,-20.78,116,153
1095,Snacks_Chocolates_1095,2024-08-01,3044.4439990997316,3843.0629945755013,-798.6189954757697,-20.78,163,212
1130,Snacks_Nuts_1130,2023-05-01,1871.4600677490234,2361.676033973694,-490.2159662246704,-20.76,111,177
1001,Electronics_Chargers_1001,2025-06-01,15777.189765930176,19911.759704589844,-4134.569938659668,-20.76,102,121
1077,Household_Cleaning Supplies_1077,2023-05-01,5235.99983215332,6608.1889894485475,-1372.1891572952272,-20.76,110,171
1199,Electronics_Cables_1199,2024-06-01,25138.439918518066,31724.819915771484,-6586.379997253418,-20.76,117,138
1081,Snacks_Nuts_1081,2024-06-01,1156.0840463638306,1458.7000608444214,-302.6160144805908,-20.75,119,145
1014,Dairy_Butter_1014,2022-05-01,900.8924901485443,1136.5874836444855,-235.69499349594116,-20.74,126,199
1027,Snacks_Chips_1027,2022-02-01,930.8150112628937,1174.3650162220001,-243.55000495910645,-20.74,212,261
1101,Snacks_Crackers_1101,2023-05-01,3189.760009765625,4024.195552539826,-834.4355427742012,-20.74,128,201
1017,Household_Paper Products_1017,2022-02-01,7227.224750518799,9115.769691467285,-1888.5449409484863,-20.72,235,294
1001,Electronics_Chargers_1001,2023-08-01,19694.719335937498,24842.159252929687,-5147.439916992189,-20.72,160,192
1081,Snacks_Nuts_1081,2025-06-01,1116.6000423431396,1408.400058746338,-291.80001640319824,-20.72,118,140
1163,Household_Paper Products_1163,2023-08-01,4824.627951049805,6083.903933715823,-1259.2759826660176,-20.70,169,207
1048,Snacks_Biscuits_1048,2023-06-01,1661.0999897003173,2094.3699827194214,-433.26999301910405,-20.69,123,151
1057,Beverages_Tea_1057,2024-10-01,2478.480049133301,3125.0400619506836,-646.5600128173828,-20.69,92,116
1133,Electronics_Mobile Accessories_1133,2024-04-01,3855.0173921585083,4859.864885330199,-1004.847493171691,-20.68,129,163
1198,Dairy_Cheese_1198,2024-06-01,2486.845984649658,3135.1099815368652,-648.2639968872072,-20.68,97,121
1005,Household_Paper Products_1005,2022-10-01,1292.10005569458,1628.4000701904297,-336.3000144958496,-20.65,73,92
1100,Electronics_Mobile Accessories_1100,2021-09-01,1784.5799102783203,2248.4669036865234,-463.8869934082031,-20.63,98,140
1095,Snacks_Chocolates_1095,2023-10-01,1610.8400058746338,2029.2400074005127,-418.4000015258789,-20.62,77,97
1137,Snacks_Nuts_1137,2025-06-01,821.5199761390686,1034.8799676895142,-213.35999155044556,-20.62,131,154
1137,Snacks_Nuts_1137,2025-03-01,1033.6899627685543,1302.2119873046875,-268.52202453613313,-20.62,236,236
1029,Grocery_Canned Goods_1029,2022-06-01,2901.5999603271484,3654.8399543762207,-753.2399940490723,-20.61,104,138
1079,Beverages_Juices_1079,2024-08-01,738.3479729175566,929.8639658927917,-191.51599297523512,-20.60,157,202
1193,Beverages_Tea_1193,2022-05-01,1834.269980430603,2310.0399594306946,-475.76997900009155,-20.60,141,209
1189,Electronics_Batteries_1189,2022-02-01,12561.007493019104,15817.037472724915,-3256.0299797058105,-20.59,221,275
1053,Snacks_Crackers_1053,2023-08-01,1195.7559608459476,1505.6459506988522,-309.8899898529046,-20.58,130,162
1101,Snacks_Crackers_1101,2025-03-01,4067.3360551834107,5120.438045501709,-1053.1019903182982,-20.57,228,246
1104,Grocery_Pasta_1104,2023-05-01,1858.560073852539,2339.5200222015383,-480.9599483489992,-20.56,88,141
1198,Dairy_Cheese_1198,2023-05-01,3471.9399795532227,4370.285455703735,-898.3454761505127,-20.56,134,203
1161,Electronics_Batteries_1161,2024-03-01,11629.762430572511,14637.95555305481,-3008.1931224822983,-20.55,169,209
1027,Snacks_Chips_1027,2022-08-01,639.4500124454497,804.891019964218,-165.4410075187683,-20.55,120,144
1082,Household_Detergent_1082,2021-12-01,3967.6039848327637,4992.959987640381,-1025.3560028076172,-20.54,91,122
1046,Household_Paper Products_1046,2022-11-01,4809.232890701294,6051.759857177734,-1242.52696647644,-20.53,89,104
1015,Dairy_Cream_1015,2022-08-01,4423.115969467162,5563.365446949004,-1140.2494774818415,-20.50,190,236
1120,Grocery_Cereals_1120,2023-07-01,5461.20002746582,6869.399803161621,-1408.1997756958008,-20.50,150,149
1064,Snacks_Biscuits_1064,2021-10-01,1237.6000213623047,1555.8400268554688,-318.24000549316406,-20.45,70,88
1008,Personal Care_Shampoo_1008,2024-04-01,4997.63237953186,6279.7647750854485,-1282.1323955535881,-20.42,138,169
1109,Electronics_Batteries_1109,2023-05-01,4403.189926147461,5532.3214847564695,-1129.1315586090086,-20.41,121,184
1162,Dairy_Yogurt_1162,2024-03-01,3306.335998916625,4154.436023139953,-848.1000242233281,-20.41,143,189
1151,Electronics_Cables_1151,2022-08-01,16338.53833770752,20527.001373291016,-4188.463035583496,-20.40,131,167
1160,Snacks_Nuts_1160,2025-06-01,733.1399796009064,920.8199744224548,-187.67999482154846,-20.38,123,149
1142,Electronics_Mobile Accessories_1142,2024-08-01,2194.864023208618,2756.2000188827515,-561.3359956741333,-20.37,154,199
1193,Beverages_Tea_1193,2024-08-01,1992.3319561004644,2501.6879413604734,-509.355985260009,-20.36,160,203
1186,Dairy_Yogurt_1186,2024-08-01,717.2579912185669,900.5189859390258,-183.26099472045894,-20.35,147,188
1173,Electronics_Batteries_1173,2023-11-01,11727.05813293457,14722.200164794922,-2995.1420318603523,-20.34,74,90
1152,Personal Care_Toothpaste_1152,2024-08-01,6485.504870223999,8140.484840011599,-1654.9799697875997,-20.33,136,172
1145,Household_Trash Bags_1145,2021-02-01,1818.5999794006348,2282.750978946686,-464.150999546051,-20.33,192,235
1145,Household_Trash Bags_1145,2025-04-01,1093.6180057525635,1372.276041984558,-278.65803623199463,-20.31,99,183
1137,Snacks_Nuts_1137,2024-08-01,961.8300075531006,1206.990002632141,-245.15999507904053,-20.31,164,202
1132,Dairy_Butter_1132,2021-02-01,6029.215829467774,7565.737799930572,-1536.521970462798,-20.31,200,260
1078,Electronics_Cables_1078,2025-03-01,21982.692523193364,27583.123962402344,-5600.43143920898,-20.30,183,179
1070,Grocery_Canned Goods_1070,2023-11-01,2623.440925312042,3290.819892883301,-667.3789675712587,-20.28,72,78
1047,Household_Detergent_1047,2023-09-01,3538.780059814453,4438.845962524414,-900.0659027099609,-20.28,98,169
1137,Snacks_Nuts_1137,2021-08-01,1045.2599987983704,1310.9099962711334,-265.64999747276306,-20.26,173,220
1161,Electronics_Batteries_1161,2022-06-01,8844.620391845703,11092.040435791016,-2247.4200439453125,-20.26,107,146
1012,Beverages_Juices_1012,2024-05-01,1565.1000423431396,1962.4540161132813,-397.3539737701417,-20.25,111,157
1105,Beverages_Water_1105,2024-09-01,1789.200096130371,2242.926071548462,-453.7259754180909,-20.23,105,147
1180,Grocery_Spices_1180,2024-02-01,1352.7359619140625,1695.770948767662,-343.03498685359955,-20.23,201,246
1182,Beverages_Tea_1182,2025-10-01,995.4200325012207,1247.7800407409668,-252.3600082397461,-20.22,71,89
1040,Electronics_Mobile Accessories_1040,2022-02-01,13903.397305488586,17428.20234966278,-3524.8050441741943,-20.22,239,271
1040,Electronics_Mobile Accessories_1040,2025-02-01,13890.698381805412,17410.02643661499,-3519.328054809577,-20.21,199,245
1170,Dairy_Yogurt_1170,2025-03-01,3182.0069156646728,3988.0599761962894,-806.0530605316167,-20.21,206,225
1191,Dairy_Butter_1191,2022-06-01,1168.1999549865723,1464.0149447917938,-295.81498980522156,-20.21,118,154
1047,Household_Detergent_1047,2024-12-01,3165.3610515594482,3966.5010656356812,-801.140014076233,-20.20,93,111
1006,Beverages_Coffee_1006,2024-02-01,1835.3224573135376,2299.7244396209717,-464.4019823074341,-20.19,169,218
1157,Household_Cleaning Supplies_1157,2021-06-01,1960.420015335083,2456.320025253296,-495.9000099182131,-20.19,134,208
1088,Household_Cleaning Supplies_1088,2021-02-01,3245.5909669876096,4066.3699588775635,-820.7789918899539,-20.18,185,231
1041,Snacks_Nuts_1041,2021-06-01,2022.7200336456299,2533.920021057129,-511.199987411499,-20.17,147,214
1157,Household_Cleaning Supplies_1157,2023-05-01,1740.9700136184692,2180.6850008964543,-439.7149872779851,-20.16,119,184
1145,Household_Trash Bags_1145,2025-03-01,1372.276041984558,1718.5989832878113,-346.3229413032532,-20.15,183,178
1044,Snacks_Biscuits_1044,2024-04-01,2249.7460792541506,2817.3880941390994,-567.6420148849488,-20.15,119,154
1076,Snacks_Chocolates_1076,2025-06-01,2882.4950008392334,3609.620012283325,-727.1250114440918,-20.14,143,161
1028,Household_Paper Products_1028,2023-03-01,4391.807849121094,5499.572287559509,-1107.7644384384157,-20.14,117,158
1171,Personal Care_Toothpaste_1171,2023-02-01,5881.347717285156,7362.923652648926,-1481.5759353637695,-20.12,170,205
1009,Electronics_Batteries_1009,2025-03-01,11609.469728469847,14529.228024291991,-2919.7582958221446,-20.10,171,185
1078,Electronics_Cables_1078,2025-09-01,19590.569534301758,24518.987295532224,-4928.417761230467,-20.10,109,152
1079,Beverages_Juices_1079,2025-03-01,801.9959917783738,1003.7299814224243,-201.73398964405055,-20.10,219,218
1003,Household_Cleaning Supplies_1003,2025-02-01,1562.309984922409,1954.9799847602844,-392.66999983787537,-20.09,156,189
1028,Household_Paper Products_1028,2025-02-01,6778.712737655637,8482.643673706054,-1703.9309360504167,-20.09,195,243
1026,Snacks_Biscuits_1026,2022-11-01,473.72498470544815,592.7999801635742,-119.07499545812607,-20.09,86,104
1146,Snacks_Chocolates_1146,2025-03-01,2779.1100660324105,3477.6450576782217,-698.5349916458113,-20.09,189,213
1164,Electronics_Cables_1164,2023-08-01,21947.352685546874,27465.568869018563,-5518.21618347169,-20.09,141,181
1136,Personal Care_Shampoo_1136,2023-11-01,3663.2360351562497,4582.040069580078,-918.8040344238284,-20.05,70,76
1087,Snacks_Crackers_1087,2021-06-01,1055.0400085449219,1319.5660042285917,-264.52599568366986,-20.05,112,172
1025,Household_Detergent_1025,2025-09-01,839.5199546813965,1050.0949835777283,-210.5750288963318,-20.05,99,140
1184,Snacks_Chocolates_1184,2023-08-01,3138.5140251159664,3924.652018737793,-786.1379936218264,-20.03,189,223
1091,Dairy_Butter_1091,2022-09-01,891.4799766540527,1114.5639797210692,-223.0840030670165,-20.02,102,148
1026,Snacks_Biscuits_1026,2024-06-01,674.8229785203935,843.5999717712402,-168.77699325084677,-20.01,124,148
1187,Personal Care_Skincare_1187,2021-08-01,10091.494024658205,12615.653463935849,-2524.159439277644,-20.01,161,201
1077,Household_Cleaning Supplies_1077,2023-10-01,3427.1998901367188,4283.999862670898,-856.7999725341797,-20.00,72,90
1136,Personal Care_Shampoo_1136,2023-10-01,4582.040069580078,5727.550086975098,-1145.5100173950195,-20.00,76,95
1055,Dairy_Butter_1055,2024-05-01,1180.840036392212,1475.95254406929,-295.11250767707816,-19.99,106,147
1041,Snacks_Nuts_1041,2024-02-01,2378.3899956703185,2972.6449927806875,-594.254997110369,-19.99,210,264
1091,Dairy_Butter_1091,2021-08-01,1114.1089793205263,1392.2569724798207,-278.1479931592944,-19.98,147,182
1155,Electronics_Mobile Accessories_1155,2023-02-01,3855.0400192260745,4813.489989089966,-958.4499698638915,-19.91,204,247
1128,Grocery_Spices_1128,2021-06-01,4119.8999881744385,5143.182007980347,-1023.2820198059089,-19.90,155,230
1091,Dairy_Butter_1091,2022-06-01,856.5199775695801,1069.0599731206894,-212.5399955511093,-19.88,98,128
1063,Snacks_Chocolates_1063,2023-06-01,1611.6959335327147,2011.279914855957,-399.58398132324237,-19.87,108,124
1128,Grocery_Spices_1128,2023-06-01,2748.339994430542,3428.819990158081,-680.4799957275391,-19.85,107,129
1052,Snacks_Crackers_1052,2021-11-01,949.4480178833008,1184.2800216674805,-234.83200378417962,-19.83,61,71
1010,Grocery_Rice_1010,2025-06-01,1751.8300285339355,2185.190040588379,-433.36001205444336,-19.83,111,133
1034,Household_Cleaning Supplies_1034,2022-02-01,8097.972412109375,10098.182468414307,-2000.2100563049316,-19.81,198,231
1080,Snacks_Chips_1080,2024-03-01,2843.306991958618,3545.628985214233,-702.3219932556153,-19.81,145,191
1034,Household_Cleaning Supplies_1034,2022-10-01,4432.120105743408,5525.7601318359375,-1093.6400260925293,-19.79,77,96
1098,Electronics_Mobile Accessories_1098,2025-07-01,14597.999954223631,18195.449836730957,-3597.449882507326,-19.77,160,188
1084,Household_Paper Products_1084,2023-02-01,8627.506848907471,10751.020813751216,-2123.5139648437453,-19.75,214,265
1106,Snacks_Chocolates_1106,2023-11-01,887.1294796943665,1105.4399738311768,-218.31049413681023,-19.75,85,98
1010,Grocery_Rice_1010,2024-04-01,1995.1800394058228,2486.089546632767,-490.90950722694424,-19.75,143,171
1149,Electronics_Chargers_1149,2024-02-01,19033.27826728821,23712.192338562018,-4678.914071273808,-19.73,219,270
1037,Electronics_Cables_1037,2023-02-01,23307.917329406737,29033.22240600586,-5725.305076599125,-19.72,158,197
1069,Grocery_Spices_1069,2025-09-01,4634.299907684326,5772.193041229248,-1137.8931335449215,-19.71,121,168
1092,Household_Detergent_1092,2024-04-01,3364.109997177124,4189.851989746094,-825.7419925689696,-19.71,138,170
1114,Electronics_Batteries_1114,2025-02-01,25755.853601074214,32074.52149658204,-6318.667895507828,-19.70,202,254
1005,Household_Paper Products_1005,2022-02-01,2729.790107727051,3398.9326333999634,-669.1425256729126,-19.69,205,259
1198,Dairy_Cheese_1198,2024-05-01,3135.1099815368652,3903.405987930298,-768.2960063934329,-19.68,121,172
1165,Personal Care_Skincare_1165,2021-11-01,1500.9479370117188,1868.399917602539,-367.4519805908203,-19.67,99,108
1055,Dairy_Butter_1055,2024-09-01,1236.5400381088257,1539.2179986953734,-302.67796058654767,-19.66,111,156
1015,Dairy_Cream_1015,2023-11-01,2310.9514252662657,2875.7799110412598,-564.8284857749941,-19.64,95,106
1151,Electronics_Cables_1151,2022-09-01,13131.159606933594,16338.53833770752,-3207.378730773926,-19.63,92,131
1087,Snacks_Crackers_1087,2022-11-01,711.7500030994415,885.4800071716309,-173.73000407218933,-19.62,90,94
1005,Household_Paper Products_1005,2025-03-01,2332.860084533692,2901.896055650711,-569.035971117019,-19.61,193,197
1184,Snacks_Chocolates_1184,2024-10-01,1837.619987487793,2285.819984436035,-448.1999969482422,-19.61,82,102
1120,Grocery_Cereals_1120,2025-03-01,5516.313775634767,6861.0844818115265,-1344.7707061767596,-19.60,181,173
1076,Snacks_Chocolates_1076,2023-06-01,1748.7600059509277,2174.7400074005127,-425.98000144958496,-19.59,78,97
1060,Household_Detergent_1060,2024-05-01,4387.119964599609,5455.372039794922,-1068.2520751953125,-19.58,116,168
1028,Household_Paper Products_1028,2023-11-01,2654.503924942017,3300.619903564453,-646.1159786224362,-19.58,67,79
1078,Electronics_Cables_1078,2022-05-01,17737.139667510986,22050.809940338135,-4313.670272827148,-19.56,107,166
1181,Personal Care_Soap_1181,2022-11-01,2640.170041656494,3281.850051879883,-641.6800102233888,-19.55,73,85
1071,Grocery_Canned Goods_1071,2024-03-01,707.3499889373779,879.1414856910706,-171.79149675369263,-19.54,151,187
1130,Snacks_Nuts_1130,2024-11-01,1560.1440550804139,1938.9000701904297,-378.7560151100158,-19.53,96,115
1191,Dairy_Butter_1191,2022-11-01,724.9599740505219,900.8999652862549,-175.93999123573303,-19.53,79,91
1182,Beverages_Tea_1182,2023-09-01,1289.8400421142578,1602.5320442199704,-312.6920021057126,-19.51,92,151
1002,Dairy_Cream_1002,2024-02-01,2323.034466457368,2886.0254548072817,-562.9909883499136,-19.51,200,246
1164,Electronics_Cables_1164,2024-05-01,21586.400604248047,26809.652715301512,-5223.252111053465,-19.48,110,155
1115,Household_Paper Products_1115,2023-08-01,6428.2161865234375,7982.972229003906,-1554.7560424804688,-19.48,190,223
1093,Snacks_Chips_1093,2025-02-01,1296.2640241622921,1609.2540265560149,-312.99000239372276,-19.45,198,240
1168,Snacks_Chips_1168,2021-06-01,2734.160120010376,3394.2751260757445,-660.1150060653686,-19.45,143,204
1185,Personal Care_Toothpaste_1185,2023-06-01,8543.839935302734,10602.429916381836,-2058.5899810791016,-19.42,114,137
1175,Household_Trash Bags_1175,2025-04-01,5590.861010742187,6934.415961456299,-1343.5549507141113,-19.38,97,173
1098,Electronics_Mobile Accessories_1098,2025-08-01,11770.457923126216,14597.999954223631,-2827.542031097415,-19.37,123,160
1084,Household_Paper Products_1084,2022-02-01,6920.389755249023,8581.579730987549,-1661.1899757385254,-19.36,211,247
1099,Personal Care_Toothpaste_1099,2024-11-01,3738.000011444092,4635.120014190674,-897.120002746582,-19.35,75,93
1076,Snacks_Chocolates_1076,2022-02-01,3136.409980773926,3889.0049743652344,-752.5949935913086,-19.35,188,236
1075,Snacks_Crackers_1075,2023-12-01,1302.829984664917,1615.126484155655,-312.2964994907379,-19.34,103,126
1092,Household_Detergent_1092,2021-12-01,2441.230031967163,3026.73304977417,-585.5030178070069,-19.34,92,114
1111,Snacks_Nuts_1111,2024-02-01,2579.3980791091917,3197.6980993270868,-618.300020217895,-19.34,250,302
1117,Snacks_Crackers_1117,2025-06-01,946.2049629688263,1172.9199504852295,-226.7149875164032,-19.33,100,118
1086,Grocery_Rice_1086,2023-08-01,1865.2000396728515,2312.120056533813,-446.9200168609616,-19.33,162,178
1060,Household_Detergent_1060,2023-03-01,3888.0399856567383,4819.192617416382,-931.1526317596436,-19.32,119,156
1064,Snacks_Biscuits_1064,2025-07-01,1925.9260047912596,2386.8000411987305,-460.87403640747084,-19.31,123,142
1145,Household_Trash Bags_1145,2023-05-01,1432.5000047683716,1775.3860121726989,-342.8860074043273,-19.31,125,197
1090,Dairy_Cheese_1090,2024-02-01,6436.442025184631,7975.336048126221,-1538.8940229415894,-19.30,210,256
1095,Snacks_Chocolates_1095,2025-06-01,2667.300001144409,3305.3600120544434,-638.0600109100342,-19.30,138,158
1101,Snacks_Crackers_1101,2022-08-01,3188.3980255126953,3950.423535823822,-762.0255103111267,-19.29,142,181
1095,Snacks_Chocolates_1095,2025-02-01,3382.5600757598872,4190.325081348419,-807.765005588532,-19.28,195,235
1105,Beverages_Water_1105,2025-03-01,1889.2140747070318,2340.312005996704,-451.09793128967226,-19.28,169,169
1157,Household_Cleaning Supplies_1157,2023-11-01,1169.1610105514526,1448.3700113296509,-279.2090007781983,-19.28,88,99
1080,Snacks_Chips_1080,2022-05-01,3319.4425044059753,4112.327553272247,-792.885048866272,-19.28,154,243
1021,Grocery_Canned Goods_1021,2023-02-01,4577.677524089815,5668.164015960695,-1090.48649187088,-19.24,199,231
1170,Dairy_Yogurt_1170,2023-05-01,2108.699924468994,2611.2119758605954,-502.5120513916013,-19.24,99,148
1066,Household_Cleaning Supplies_1066,2023-09-01,4330.859893798828,5362.067907714844,-1031.2080139160162,-19.23,87,134
1047,Household_Detergent_1047,2021-08-01,5930.800048828125,7342.520064353943,-1411.7200155258179,-19.23,184,228
1148,Household_Cleaning Supplies_1148,2024-11-01,3896.9200393676756,4824.900054931641,-927.980015563965,-19.23,75,90
1123,Beverages_Water_1123,2024-08-01,1386.6639949798582,1716.4519916534425,-329.7879966735843,-19.21,160,197
1050,Snacks_Chips_1050,2021-11-01,1470.2070104598997,1819.6800155639648,-349.4730051040651,-19.21,87,102
1008,Personal Care_Shampoo_1008,2022-10-01,3515.1998901367188,4350.059864044189,-834.8599739074707,-19.19,80,99
1071,Grocery_Canned Goods_1071,2025-08-01,706.2659909248353,873.863987016678,-167.5979960918428,-19.18,145,178
1105,Beverages_Water_1105,2022-02-01,2420.7450664043427,2994.7800493240356,-574.034982919693,-19.17,181,244
1183,Electronics_Batteries_1183,2023-06-01,15573.139251708984,19265.759033203125,-3692.6197814941406,-19.17,120,144
1004,Beverages_Juices_1004,2024-04-01,2554.2929961204527,3159.7049998283387,-605.412003707886,-19.16,117,147
1068,Electronics_Chargers_1068,2022-06-01,9984.449615478516,12349.869579315186,-2365.41996383667,-19.15,105,143
1110,Grocery_Canned Goods_1110,2024-06-01,1801.2679901123047,2227.6099815368652,-426.34199142456055,-19.14,106,121
1133,Electronics_Mobile Accessories_1133,2024-11-01,1970.899917602539,2437.1998901367188,-466.2999725341797,-19.13,64,72
1012,Beverages_Juices_1012,2023-08-01,1933.3920028686523,2390.7960056304933,-457.40400276184096,-19.13,176,216
1062,Personal Care_Deodorant_1062,2022-09-01,2713.7400283813477,3353.816032028198,-640.0760036468505,-19.09,93,129
1119,Grocery_Pasta_1119,2023-02-01,5904.52195930481,7297.65295124054,-1393.13099193573,-19.09,192,242
1023,Personal Care_Toothpaste_1023,2024-11-01,4872.432472229004,6021.179969787598,-1148.7474975585938,-19.08,83,99
1131,Snacks_Crackers_1131,2023-08-01,3075.8640197753907,3799.778029251099,-723.9140094757081,-19.05,171,213
1179,Household_Cleaning Supplies_1179,2025-03-01,3624.222059249878,4477.070032119752,-852.847972869874,-19.05,194,183
1132,Dairy_Butter_1132,2024-03-01,4856.349870204926,5998.65585193634,-1142.3059817314133,-19.04,166,213
1051,Electronics_Cables_1051,2021-02-01,11802.75749473572,14575.030101013186,-2772.2726062774655,-19.02,194,252
1181,Personal Care_Soap_1181,2021-08-01,5890.815045166016,7274.250045776367,-1383.4350006103514,-19.02,171,215
1050,Snacks_Chips_1050,2023-08-01,2443.9200477600098,3017.5840644836426,-573.6640167236328,-19.01,173,221
1195,Snacks_Chocolates_1195,2023-05-01,2196.6000080108643,2711.717491865158,-515.1174838542938,-19.00,105,157
1107,Electronics_Mobile Accessories_1107,2025-02-01,27602.280038452158,34072.15453186037,-6469.87449340821,-18.99,195,258
1090,Dairy_Cheese_1090,2023-05-01,5334.840133666992,6585.576059532165,-1250.7359258651732,-18.99,146,222
1136,Personal Care_Shampoo_1136,2024-02-01,10469.242584228516,12921.627601623535,-2452.3850173950195,-18.98,205,254
1135,Household_Trash Bags_1135,2022-05-01,6885.615190505981,8498.332564353943,-1612.7173738479614,-18.98,146,223
1170,Dairy_Yogurt_1170,2024-04-01,2327.331954574585,2872.094973278045,-544.7630187034601,-18.97,121,159
1175,Household_Trash Bags_1175,2025-07-01,8046.998057556154,9929.700041770935,-1882.701984214781,-18.96,151,176
1181,Personal Care_Soap_1181,2023-10-01,2972.9700469970703,3667.9500579833984,-694.9800109863281,-18.95,77,95
1164,Electronics_Cables_1164,2021-06-01,28062.32078552246,34623.10131530762,-6560.780529785159,-18.95,143,213
1113,Dairy_Cheese_1113,2023-03-01,2772.754075622558,3420.7700576782236,-648.0159820556655,-18.94,119,163
1095,Snacks_Chocolates_1095,2023-08-01,2160.943984222412,2665.559984207153,-504.61599998474094,-18.93,140,167
1181,Personal Care_Soap_1181,2025-03-01,4777.377089500427,5891.226031494139,-1113.8489419937114,-18.91,163,177
1073,Electronics_Chargers_1073,2025-06-01,15912.689643859863,19621.93955230713,-3709.2499084472656,-18.90,137,163
1045,Electronics_Cables_1045,2024-08-01,15969.518981933594,19689.003036499023,-3719.4840545654297,-18.89,130,159
1018,Personal Care_Deodorant_1018,2022-06-01,5846.959983825684,7208.722466468811,-1361.7624826431274,-18.89,106,139
1072,Electronics_Chargers_1072,2025-06-01,26863.85939025879,33118.139236450195,-6254.279846191406,-18.88,118,139
1186,Dairy_Yogurt_1186,2024-04-01,717.2879971504211,884.27199447155,-166.98399732112887,-18.88,150,185
1071,Grocery_Canned Goods_1071,2021-10-01,472.1399803161621,581.9399757385254,-109.79999542236328,-18.87,86,106
1087,Snacks_Crackers_1087,2025-03-01,1314.2950172424319,1619.9580337524415,-305.6630165100096,-18.87,188,213
1053,Snacks_Crackers_1053,2021-11-01,784.5749731063842,966.9499683380127,-182.37499523162853,-18.86,75,83
1065,Electronics_Chargers_1065,2022-09-01,19027.81019592285,23440.04536895752,-4412.235173034667,-18.82,107,151
1138,Household_Cleaning Supplies_1138,2024-03-01,6331.501932144165,7799.620894432068,-1468.1189622879028,-18.82,164,196
1196,Grocery_Pasta_1196,2023-10-01,2065.8600368499756,2544.9000453948975,-479.0400085449219,-18.82,69,85
1090,Dairy_Cheese_1090,2024-08-01,5168.222996520997,6365.259031677248,-1197.0360351562504,-18.81,161,193
1060,Household_Detergent_1060,2023-07-01,3903.279998779297,4807.703964233398,-904.4239654541016,-18.81,132,130
1176,Snacks_Chocolates_1176,2023-02-01,1112.0164882898325,1369.4514856100081,-257.4349973201756,-18.80,193,239
1069,Grocery_Spices_1069,2024-02-01,6349.0520917892445,7817.30807285309,-1468.2559810638459,-18.78,201,241
1114,Electronics_Batteries_1114,2024-03-01,18471.58972167969,22741.773629760737,-4270.183908081046,-18.78,142,185
1137,Snacks_Nuts_1137,2023-02-01,1037.8849878311155,1277.9444871425628,-240.05949931144733,-18.78,185,231
1084,Household_Paper Products_1084,2024-07-01,5967.959834289553,7346.785911941528,-1378.8260776519746,-18.77,144,158
1039,Beverages_Soft Drinks_1039,2024-11-01,1894.3399896621704,2331.89998626709,-437.55999660491943,-18.76,76,90
1082,Household_Detergent_1082,2023-02-01,7514.167895507812,9248.429891586302,-1734.2619960784896,-18.75,201,239
1167,Grocery_Rice_1167,2024-06-01,4627.740141677856,5695.350196838379,-1067.6100551605232,-18.75,114,129
1165,Personal Care_Skincare_1165,2025-08-01,2401.2399215698247,2955.0129043579095,-553.7729827880848,-18.74,154,190
1105,Beverages_Water_1105,2022-06-01,2147.0401153564453,2642.2651240825653,-495.22500872612,-18.74,126,166
1006,Beverages_Coffee_1006,2022-11-01,1087.0399883270263,1337.7199878692627,-250.67999954223637,-18.74,100,106
1117,Snacks_Crackers_1117,2025-03-01,1201.7039752960202,1478.6274504184726,-276.9234751224524,-18.73,178,174
1082,Household_Detergent_1082,2024-08-01,6666.898855972289,8198.628817367555,-1531.7299613952655,-18.68,170,210
1090,Dairy_Cheese_1090,2024-04-01,3807.3710417747498,4682.126021385193,-874.7549796104431,-18.68,120,152
1137,Snacks_Nuts_1137,2024-02-01,1270.109993457794,1561.688490056992,-291.57849659919793,-18.67,239,291
1013,Grocery_Cereals_1013,2025-04-01,4256.714127159119,5233.256140136718,-976.5420129775994,-18.66,121,204
1075,Snacks_Crackers_1075,2021-08-01,1706.6589695930477,2097.8454662799836,-391.1864966869359,-18.65,148,178
1096,Electronics_Mobile Accessories_1096,2023-03-01,13105.328002929688,16109.885344696047,-3004.55734176636,-18.65,129,173
1057,Beverages_Tea_1057,2024-02-01,4507.505000591278,5540.405004024506,-1032.9000034332275,-18.64,202,247
1024,Grocery_Canned Goods_1024,2023-05-01,1098.7499952316284,1350.4365125656127,-251.68651733398428,-18.64,125,192
1026,Snacks_Biscuits_1026,2025-06-01,658.769982457161,809.3999729156494,-150.62999045848846,-18.61,123,142
1095,Snacks_Chocolates_1095,2021-05-01,2630.650487565994,3232.139980316162,-601.4894927501682,-18.61,153,193
1150,Electronics_Batteries_1150,2024-02-01,25619.23424758911,31478.075200653075,-5858.840953063966,-18.61,226,275
1106,Snacks_Chocolates_1106,2024-11-01,817.209981918335,1003.919976234436,-186.70999431610107,-18.60,84,89
1078,Electronics_Cables_1078,2024-04-01,19648.053756713867,24138.150524139404,-4490.096767425537,-18.60,120,159
1154,Household_Cleaning Supplies_1154,2024-05-01,1636.6700353622437,2009.8385375022888,-373.1685021400451,-18.57,103,146
1094,Grocery_Rice_1094,2022-02-01,3298.430064201355,4048.875078678131,-750.4450144767761,-18.53,185,227
1008,Personal Care_Shampoo_1008,2021-06-01,5887.959815979004,7227.059817886353,-1339.100001907349,-18.53,134,191
1071,Grocery_Canned Goods_1071,2024-04-01,576.6659832000732,707.3499889373779,-130.6840057373047,-18.48,120,151
1090,Dairy_Cheese_1090,2025-06-01,4170.120102882385,5115.600128173828,-945.4800252914429,-18.48,115,140
1116,Personal Care_Skincare_1116,2023-05-01,7421.400260925293,9101.48263835907,-1680.0823774337769,-18.46,95,155
1057,Beverages_Tea_1057,2023-07-01,2504.199964904785,3071.1600608825684,-566.9600959777836,-18.46,125,114
1027,Snacks_Chips_1027,2021-12-01,463.18801460266116,568.0600171089172,-104.87200250625608,-18.46,78,99
1043,Electronics_Batteries_1043,2023-08-01,2493.2040466308595,3056.942069244385,-563.7380226135256,-18.44,147,166
1138,Household_Cleaning Supplies_1138,2021-02-01,7345.101945877075,9003.424899101257,-1658.3229532241821,-18.42,197,232
1148,Household_Cleaning Supplies_1148,2022-06-01,6165.15007019043,7555.702562332153,-1390.5524921417236,-18.40,115,151
1022,Household_Cleaning Supplies_1022,2023-06-01,5503.959976196289,6742.859962463379,-1238.8999862670898,-18.37,104,123
1010,Grocery_Rice_1010,2023-02-01,2703.565550851821,3311.9285624980926,-608.3630116462714,-18.37,192,244
1013,Grocery_Cereals_1013,2022-06-01,4026.1901206970215,4932.470113277435,-906.2799925804138,-18.37,113,152
1195,Snacks_Chocolates_1195,2021-10-01,1673.6000061035156,2050.1600074768066,-376.560001373291,-18.37,80,98
1171,Personal Care_Toothpaste_1171,2025-10-01,3708.629837036133,4542.029800415039,-833.3999633789062,-18.35,89,109
1012,Beverages_Juices_1012,2022-05-01,1622.475037097931,1986.750023841858,-364.274986743927,-18.34,126,189
1034,Household_Cleaning Supplies_1034,2023-02-01,9250.300132751465,11328.429198455811,-2078.1290657043464,-18.34,194,224
1025,Household_Detergent_1025,2022-02-01,1423.579968214035,1742.6399602890015,-319.05999207496643,-18.31,223,272
1020,Beverages_Juices_1020,2021-02-01,1806.2975318431859,2210.9260379791253,-404.62850613593946,-18.30,216,263
1148,Household_Cleaning Supplies_1148,2023-06-01,4949.296044921875,6057.930068969727,-1108.6340240478512,-18.30,97,113
1085,Personal Care_Skincare_1085,2021-10-01,1784.2099437713623,2183.6599311828613,-399.449987411499,-18.29,67,82
1076,Snacks_Chocolates_1076,2023-05-01,2174.7400074005127,2661.460027694702,-486.72002029418945,-18.29,97,142
1143,Dairy_Cheese_1143,2024-10-01,1307.9599304199219,1600.529914855957,-292.56998443603516,-18.28,76,93
1041,Snacks_Nuts_1041,2022-10-01,1169.600019454956,1431.040023803711,-261.4400043487549,-18.27,85,104
1077,Household_Cleaning Supplies_1077,2023-08-01,6205.136042785643,7591.248078918457,-1386.112036132814,-18.26,166,207
1004,Beverages_Juices_1004,2023-06-01,2495.9119720458984,3052.859962463379,-556.9479904174805,-18.24,102,123
1170,Dairy_Yogurt_1170,2021-02-01,4354.879956054687,5326.464957141878,-971.5850010871909,-18.24,240,297
1167,Grocery_Rice_1167,2023-05-01,4679.900161743164,5723.003600311279,-1043.103438568115,-18.23,106,167
1006,Beverages_Coffee_1006,2022-02-01,1738.8149936199188,2126.019991874695,-387.204998254776,-18.21,182,221
1028,Household_Paper Products_1028,2023-05-01,4971.819854736328,6078.779777526856,-1106.9599227905283,-18.21,119,176
1174,Electronics_Mobile Accessories_1174,2024-02-01,40069.9345703125,48983.71667480469,-8913.782104492188,-18.20,203,250
1035,Electronics_Batteries_1035,2021-12-01,17520.100341796875,21414.37743988037,-3894.277098083494,-18.19,75,99
1005,Household_Paper Products_1005,2023-02-01,2371.8480602264403,2898.944057273865,-527.0959970474246,-18.18,154,196
1190,Dairy_Milk_1190,2022-10-01,1641.0600185394287,2005.7400226593018,-364.68000411987305,-18.18,81,99
1180,Grocery_Spices_1180,2025-02-01,1561.2869490385056,1907.7029436826706,-346.41599464416504,-18.16,220,279
1133,Electronics_Mobile Accessories_1133,2022-02-01,4976.159820556641,6080.564781188965,-1104.4049606323242,-18.16,196,240
1043,Electronics_Batteries_1043,2025-04-01,2342.6900730133057,2862.1740623474125,-519.4839893341068,-18.15,105,171
1057,Beverages_Tea_1057,2021-04-01,2094.8099822998047,2559.3000507354736,-464.49006843566895,-18.15,104,95
1177,Snacks_Chips_1177,2022-05-01,369.7324903011322,451.7375068664551,-82.00501656532288,-18.15,135,226
1173,Electronics_Batteries_1173,2021-06-01,20120.340225219727,24582.536218261717,-4462.195993041991,-18.15,123,181
1098,Electronics_Mobile Accessories_1098,2021-08-01,14710.817938995362,17971.055937194826,-3260.2379981994636,-18.14,159,196
1023,Personal Care_Toothpaste_1023,2021-08-01,8853.096089172364,10813.89117412567,-1960.7950849533063,-18.13,160,204
1044,Snacks_Biscuits_1044,2023-05-01,2375.1100997924805,2900.3850927352905,-525.2749929428101,-18.11,109,164
1099,Personal Care_Toothpaste_1099,2024-08-01,6567.264060974121,8017.644069671631,-1450.3800086975098,-18.09,150,181
1110,Grocery_Canned Goods_1110,2022-11-01,1222.0739917755127,1491.2099876403809,-269.13599586486816,-18.05,71,81
1171,Personal Care_Toothpaste_1171,2022-11-01,3312.4903657913205,4041.9898223876953,-729.4994565963748,-18.05,87,97
1138,Household_Cleaning Supplies_1138,2021-06-01,6155.239837646484,7510.05481338501,-1354.8149757385254,-18.04,133,200
1026,Snacks_Biscuits_1026,2021-02-01,776.5459978103638,947.4020065307612,-170.85600872039743,-18.03,161,206
1094,Grocery_Rice_1094,2023-11-01,1945.8879984378814,2373.5,-427.6120015621186,-18.02,88,101
1055,Dairy_Butter_1055,2023-04-01,927.6759950637818,1131.3320249557494,-203.6560298919676,-18.00,118,112
1026,Snacks_Biscuits_1026,2025-03-01,795.491987800598,969.9519990921019,-174.46001129150386,-17.99,213,203
1160,Snacks_Nuts_1160,2021-08-01,894.1439831256866,1089.983977675438,-195.83999454975128,-17.97,162,195
1097,Snacks_Crackers_1097,2024-10-01,167.0399932861328,203.57999181747437,-36.53999853134155,-17.95,64,78
1113,Dairy_Cheese_1113,2023-08-01,2640.180038452148,3217.7540298461913,-577.5739913940433,-17.95,126,160
1069,Grocery_Spices_1069,2023-02-01,5784.908070373536,7050.772026252749,-1265.8639558792129,-17.95,181,211
1181,Personal Care_Soap_1181,2024-10-01,2471.0400390625,3011.580047607422,-540.5400085449219,-17.95,64,78
1064,Snacks_Biscuits_1064,2025-02-01,3290.2225053310394,4009.407504320144,-719.1849989891048,-17.94,218,267
1172,Electronics_Chargers_1172,2021-08-01,15602.269704437263,19011.539586639403,-3409.2698822021393,-17.93,159,187
1145,Household_Trash Bags_1145,2021-12-01,1043.8120042800904,1271.3640060424805,-227.5520017623901,-17.90,99,114
1024,Grocery_Canned Goods_1024,2024-02-01,1493.4539766311646,1818.7469670772552,-325.2929904460907,-17.89,201,253
1055,Dairy_Butter_1055,2023-12-01,742.0675227642059,903.5900263786316,-161.52250361442566,-17.88,68,84
1059,Electronics_Cables_1059,2024-02-01,4190.494873428344,5102.837333106994,-912.3424596786499,-17.88,229,290
1061,Personal Care_Skincare_1061,2021-08-01,7883.171869277954,9598.463832855225,-1715.2919635772705,-17.87,163,200
1040,Electronics_Mobile Accessories_1040,2025-06-01,7372.452513694763,8976.080032348633,-1603.6275186538696,-17.87,91,106
1019,Electronics_Cables_1019,2022-05-01,25701.3150100708,31289.504524230957,-5588.189514160156,-17.86,127,198
1063,Snacks_Chocolates_1063,2022-10-01,1119.17995262146,1362.4799423217773,-243.29998970031738,-17.86,69,84
1070,Grocery_Canned Goods_1070,2024-06-01,4574.646859169006,5569.079818725586,-994.4329595565796,-17.86,112,132
1130,Snacks_Nuts_1130,2021-02-01,3273.319038581848,3985.1550683975224,-711.8360298156745,-17.86,238,278
1095,Snacks_Chocolates_1095,2021-10-01,1443.4800052642822,1757.2800064086914,-313.8000011444092,-17.86,69,84
1139,Dairy_Cream_1139,2021-02-01,4123.599835586548,5019.449799728393,-895.8499641418457,-17.85,221,266
1033,Household_Paper Products_1033,2024-04-01,3119.9399002075197,3797.7253971099854,-677.7854969024656,-17.85,108,139
1184,Snacks_Chocolates_1184,2023-05-01,2711.6099815368652,3300.121503734589,-588.5115221977239,-17.83,121,191
1002,Dairy_Cream_1002,2025-08-01,2128.1079375267022,2589.521920967102,-461.41398344039953,-17.82,181,211
1082,Household_Detergent_1082,2021-07-01,5726.199893951415,6966.959976196289,-1240.760082244874,-17.81,147,156
1119,Grocery_Pasta_1119,2024-03-01,5102.861965179443,6207.62096118927,-1104.7589960098267,-17.80,167,214
1124,Dairy_Cheese_1124,2023-08-01,3321.3400211334238,4039.3400592803955,-718.0000381469717,-17.78,182,207
1041,Snacks_Nuts_1041,2025-06-01,1471.4600219726562,1788.8000297546387,-317.3400077819824,-17.74,110,130
1087,Snacks_Crackers_1087,2024-04-01,919.8975098609923,1118.181018257141,-198.2835083961487,-17.73,104,137
1133,Electronics_Mobile Accessories_1133,2024-02-01,5843.577378273009,7102.0839065551745,-1258.5065282821652,-17.72,199,252
1140,Personal Care_Shampoo_1140,2025-06-01,3688.0948486328125,4481.249809265137,-793.1549606323242,-17.70,109,125
1008,Personal Care_Shampoo_1008,2023-11-01,3362.94389629364,4086.4198722839355,-723.4759759902954,-17.70,80,93
1080,Snacks_Chips_1080,2021-02-01,3909.142982101439,4749.803978729247,-840.6609966278083,-17.70,214,259
1132,Dairy_Butter_1132,2025-08-01,4689.929861068725,5697.749843215942,-1007.8199821472172,-17.69,151,191
1077,Household_Cleaning Supplies_1077,2022-02-01,6223.699932098389,7559.474947929382,-1335.7750158309937,-17.67,171,217
1194,Dairy_Butter_1194,2024-07-01,972.7470096588137,1181.5800075531008,-208.83299789428713,-17.67,116,138
1166,Grocery_Spices_1166,2023-03-01,5792.287939453124,7034.719829559325,-1242.4318901062015,-17.66,134,169
1031,Snacks_Chips_1031,2023-08-01,2053.2060539245613,2493.6120666503907,-440.40601272582944,-17.66,169,200
1090,Dairy_Cheese_1090,2022-07-01,3249.4260083198537,3946.320098876953,-696.8940905570994,-17.66,100,108
1005,Household_Paper Products_1005,2025-10-01,1486.800064086914,1805.4000778198242,-318.60001373291016,-17.65,84,102
1115,Household_Paper Products_1115,2023-06-01,4515.772125244141,5483.2801513671875,-967.5080261230469,-17.64,105,124
1155,Electronics_Mobile Accessories_1155,2025-06-01,2336.6199264526367,2837.1198959350586,-500.4999694824219,-17.64,117,124
1151,Electronics_Cables_1151,2021-08-01,19955.354362487793,24225.43858718872,-4270.084224700928,-17.63,159,187
1170,Dairy_Yogurt_1170,2023-11-01,1632.5559461593627,1980.8999290466309,-348.3439828872681,-17.59,83,93
1195,Snacks_Chocolates_1195,2021-08-01,2992.3010026931765,3630.8044983386994,-638.5034956455229,-17.59,155,195
1133,Electronics_Mobile Accessories_1133,2021-06-01,3655.799835205078,4435.534339141846,-779.7345039367683,-17.58,108,159
1109,Electronics_Batteries_1109,2021-08-01,5824.124954223635,7066.552443313599,-1242.4274890899642,-17.58,180,218
1078,Electronics_Cables_1078,2021-06-01,23185.16944885254,28128.233635711673,-4943.064186859134,-17.57,129,189
1172,Electronics_Chargers_1172,2024-03-01,15910.62077407837,19296.182264328,-3385.561490249629,-17.55,163,202
1143,Dairy_Cheese_1143,2025-07-01,2115.3809469223015,2565.4123735427856,-450.0314266204841,-17.54,144,160
1128,Grocery_Spices_1128,2023-02-01,4480.806010055541,5433.32851009369,-952.5225000381488,-17.53,203,243
1038,Electronics_Cables_1038,2024-02-01,18126.691809082025,21978.89179077149,-3852.199981689464,-17.53,207,268
1165,Personal Care_Skincare_1165,2025-06-01,2097.699909210205,2543.0998878479004,-445.3999786376953,-17.51,130,147
1066,Household_Cleaning Supplies_1066,2024-04-01,4427.7579917907715,5366.080032348633,-938.3220405578613,-17.49,108,130
1148,Household_Cleaning Supplies_1148,2021-11-01,4467.357031250001,5414.610061645508,-947.2530303955073,-17.49,92,101
1136,Personal Care_Shampoo_1136,2025-02-01,10298.835067749023,12479.737586975098,-2180.902519226074,-17.48,208,250
1011,Personal Care_Shampoo_1011,2024-02-01,3771.0029878616333,4569.945029258728,-798.9420413970947,-17.48,229,266
1172,Electronics_Chargers_1172,2024-11-01,10581.192715072631,12819.849655151367,-2238.6569400787357,-17.46,95,113
1180,Grocery_Spices_1180,2025-03-01,1288.6439705848695,1561.2869490385056,-272.64297845363603,-17.46,209,220
1009,Electronics_Batteries_1009,2023-03-01,10884.895770263676,13185.95607299805,-2301.060302734373,-17.45,133,178
1199,Electronics_Cables_1199,2024-11-01,15755.516931152344,19080.86994934082,-3325.353018188476,-17.43,72,83
1104,Grocery_Pasta_1104,2024-02-01,3487.5801429748535,4223.397673606873,-735.817530632019,-17.42,194,238
1158,Snacks_Crackers_1158,2024-02-01,1226.54397854805,1485.0719757556917,-258.52799720764165,-17.41,207,247
1069,Grocery_Spices_1069,2022-06-01,4634.299907684326,5608.4398856163025,-974.1399779319763,-17.37,121,160
1053,Snacks_Crackers_1053,2021-08-01,1529.413960647583,1850.8019519805912,-321.38799133300813,-17.36,151,182
1106,Snacks_Chocolates_1106,2024-04-01,1220.6210016250611,1476.7939895629886,-256.1729879379275,-17.35,131,152
1184,Snacks_Chocolates_1184,2021-08-01,3035.960996055603,3673.402500629425,-637.4415045738219,-17.35,152,190
1028,Household_Paper Products_1028,2021-02-01,6741.375750732419,8155.231191444395,-1413.8554407119764,-17.34,188,231
1121,Grocery_Rice_1121,2021-11-01,2609.1039344787596,3156.1199169158936,-547.015982437134,-17.33,90,99
1141,Beverages_Coffee_1141,2021-02-01,1881.1009561777114,2275.43694717884,-394.3359910011286,-17.33,269,319
1144,Household_Detergent_1144,2024-08-01,2044.70702342987,2472.9360212326046,-428.2289978027345,-17.32,161,187
1065,Electronics_Chargers_1065,2021-11-01,13820.928182983398,16716.02017211914,-2895.0919891357426,-17.32,92,94
1179,Household_Cleaning Supplies_1179,2025-02-01,4477.070032119752,5414.494539356233,-937.4245072364811,-17.31,183,223
1144,Household_Detergent_1144,2022-08-01,2205.1080219268797,2666.1870306015007,-461.07900867462104,-17.29,170,211
1020,Beverages_Juices_1020,2024-03-01,1476.3135241985321,1784.6990311622626,-308.38550696373045,-17.28,174,213
1115,Household_Paper Products_1115,2023-04-01,3572.228096008301,4317.72412109375,-745.4960250854492,-17.27,103,107
1124,Dairy_Cheese_1124,2022-10-01,1700.6400604248047,2054.9400730133057,-354.300012588501,-17.24,72,87
1162,Dairy_Yogurt_1162,2024-02-01,4154.436023139953,5018.442024517058,-864.0060013771044,-17.22,189,227
1108,Dairy_Butter_1108,2025-03-01,7131.943996810913,8614.82270736694,-1482.8787105560277,-17.21,238,266
1155,Electronics_Mobile Accessories_1155,2024-10-01,1761.7599353790283,2127.839921951294,-366.0799865722656,-17.20,77,93
1024,Grocery_Canned Goods_1024,2024-05-01,1081.1699953079224,1305.701489663124,-224.53149435520163,-17.20,123,165
1072,Electronics_Chargers_1072,2025-10-01,18346.019577026367,22158.179489135742,-3812.159912109375,-17.20,77,93
1045,Electronics_Cables_1045,2023-10-01,10873.170516967773,13132.530624389648,-2259.360107421875,-17.20,77,93
1017,Household_Paper Products_1017,2023-10-01,2291.1899757385254,2766.719970703125,-475.5299949645996,-17.19,53,64
1139,Dairy_Cream_1139,2021-11-01,1824.3299295425415,2202.8699111938477,-378.5399816513061,-17.18,89,97
1164,Electronics_Cables_1164,2025-08-01,38381.04403076171,46324.868182373044,-7943.824151611334,-17.15,218,260
1002,Dairy_Cream_1002,2022-08-01,1838.183945274353,2218.6589339733123,-380.47498869895935,-17.15,154,182
1067,Grocery_Cereals_1067,2024-06-01,5298.049975585937,6394.529960632324,-1096.479985046387,-17.15,113,129
1069,Grocery_Spices_1069,2023-06-01,4220.659915924072,5093.899898529053,-873.2399826049805,-17.14,112,133
1162,Dairy_Yogurt_1162,2023-03-01,3105.6959789276125,3748.0740195274348,-642.3780405998223,-17.14,127,170
1070,Grocery_Canned Goods_1070,2024-03-01,5707.9228942871105,6887.954008483886,-1180.031114196776,-17.13,150,206
1093,Snacks_Chips_1093,2024-03-01,1014.7710118055344,1224.456018066406,-209.68500626087155,-17.12,143,179
1012,Beverages_Juices_1012,2024-10-01,888.3000240325928,1071.6000289916992,-183.30000495910645,-17.11,63,76
1059,Electronics_Cables_1059,2021-08-01,3205.1940376281727,3866.396040248871,-661.2020026206983,-17.10,173,208
1116,Personal Care_Skincare_1116,2021-06-01,10155.600357055664,12248.652831077576,-2093.0524740219116,-17.09,130,186
1131,Snacks_Crackers_1131,2025-03-01,3622.206958389283,4369.000032424926,-746.7930740356428,-17.09,214,225
1130,Snacks_Nuts_1130,2024-05-01,1989.4800720214844,2399.496067810059,-410.0159957885744,-17.09,118,153
1107,Electronics_Mobile Accessories_1107,2024-11-01,10264.360269165038,12379.290328979492,-2114.9300598144546,-17.08,65,77
1198,Dairy_Cheese_1198,2021-06-01,3135.1099815368652,3780.967990875244,-645.8580093383789,-17.08,121,173
1173,Electronics_Batteries_1173,2021-10-01,11123.440124511719,13413.560150146484,-2290.1200256347656,-17.07,68,82
1065,Electronics_Chargers_1065,2023-09-01,13515.080139160156,16296.097744750974,-2781.0176055908178,-17.07,76,119
1075,Snacks_Crackers_1075,2025-02-01,2097.589954853058,2529.139943838119,-431.5499889850612,-17.06,193,235
1195,Snacks_Chocolates_1195,2022-02-01,2956.2574775218964,3564.244947910309,-607.9874703884125,-17.06,182,250
1147,Snacks_Crackers_1147,2022-03-01,1783.639980316162,2149.52001619339,-365.8800358772278,-17.02,86,143
1026,Snacks_Biscuits_1026,2022-02-01,785.430016875267,946.2899998426437,-160.8599829673767,-17.00,209,218
1116,Personal Care_Skincare_1116,2023-02-01,11451.040329742435,13795.360387420653,-2344.3200576782183,-16.99,176,216
1176,Snacks_Chocolates_1176,2024-06-01,691.6579965114594,833.2599906921387,-141.6019941806793,-16.99,113,122
1028,Household_Paper Products_1028,2024-02-01,7742.037205696105,9325.560127830508,-1583.5229221344025,-16.98,220,274
1101,Snacks_Crackers_1101,2023-03-01,3037.3840251922607,3658.2140312194824,-620.8300060272218,-16.97,137,174
1143,Dairy_Cheese_1143,2023-11-01,1186.0589385032654,1428.4299240112305,-242.3709855079651,-16.97,77,83
1059,Electronics_Cables_1059,2022-08-01,3507.520034790039,4223.122036552428,-715.6020017623887,-16.94,188,226
1172,Electronics_Chargers_1172,2024-04-01,13215.99526863098,15910.62077407837,-2694.6255054473895,-16.94,130,163
1062,Personal Care_Deodorant_1062,2024-08-01,4195.940040588379,5049.66404762268,-853.7240070343014,-16.91,159,197
1127,Grocery_Rice_1127,2022-08-01,3041.495960998536,3660.3839618682864,-618.8880008697506,-16.91,169,203
1118,Dairy_Milk_1118,2024-02-01,3633.0169639587402,4371.673984527588,-738.6570205688477,-16.90,193,225
1059,Electronics_Cables_1059,2021-06-01,2717.43994140625,3269.8919520378113,-552.4520106315613,-16.90,128,196
1197,Electronics_Mobile Accessories_1197,2025-06-01,1870.0499935150146,2250.239990234375,-380.18999671936035,-16.90,109,128
1111,Snacks_Nuts_1111,2023-06-01,1503.200048828125,1808.6400604248047,-305.4400115966796,-16.89,124,144
1127,Grocery_Rice_1127,2025-10-01,1307.52001953125,1573.1100234985352,-265.59000396728516,-16.88,64,77
1032,Snacks_Chocolates_1032,2024-08-01,1980.4960172653198,2382.720027923584,-402.2240106582642,-16.88,147,180
1010,Grocery_Rice_1010,2021-04-01,1270.160005569458,1527.9900283813477,-257.83002281188965,-16.87,97,93
1175,Household_Trash Bags_1175,2024-03-01,9576.066075897219,11514.627093505864,-1938.5610176086448,-16.84,195,236
1171,Personal Care_Toothpaste_1171,2022-02-01,5599.274826049805,6732.037353515625,-1132.7625274658203,-16.83,165,225
1185,Personal Care_Toothpaste_1185,2023-11-01,6372.064946174622,7661.609939575195,-1289.5449934005737,-16.83,91,99
1051,Electronics_Cables_1051,2024-08-01,10046.439971923826,12079.33199615479,-2032.8920242309632,-16.83,156,190
1133,Electronics_Mobile Accessories_1133,2024-03-01,4859.864885330199,5843.577378273009,-983.7124929428101,-16.83,163,199
1085,Personal Care_Skincare_1085,2024-06-01,2923.9599075317383,3515.1598892211914,-591.1999816894531,-16.82,120,132
1154,Household_Cleaning Supplies_1154,2023-06-01,1692.5740331649781,2033.9200439453125,-341.3460107803344,-16.78,113,128
1013,Grocery_Cereals_1013,2024-02-01,5057.038152313233,6076.767683029177,-1019.7295307159438,-16.78,173,208
1099,Personal Care_Toothpaste_1099,2023-03-01,5839.183975982667,7011.892063140869,-1172.708087158202,-16.72,133,169
1020,Beverages_Juices_1020,2021-11-01,754.9399995803833,906.3600034713745,-151.4200038909912,-16.71,86,91
1078,Electronics_Cables_1078,2023-05-01,21387.86949157715,25678.245589447015,-4290.3760978698665,-16.71,119,177
1067,Grocery_Cereals_1067,2023-06-01,4253.169975280762,5105.7099685668945,-852.5399932861328,-16.70,93,103
1108,Dairy_Butter_1108,2022-02-01,5797.242455005646,6959.639945983887,-1162.397490978241,-16.70,196,233
1129,Electronics_Chargers_1129,2024-06-01,17951.064571380615,21550.439483642578,-3599.374912261963,-16.70,120,141
1184,Snacks_Chocolates_1184,2022-04-01,1941.344973564148,2330.6399841308594,-389.2950105667114,-16.70,105,104
1168,Snacks_Chips_1168,2025-03-01,2532.1500763893123,3039.447561264038,-507.2974848747258,-16.69,186,192
1136,Personal Care_Shampoo_1136,2023-05-01,6571.6100997924805,7887.807060241699,-1316.1969604492188,-16.69,109,161
1078,Electronics_Cables_1078,2025-02-01,27583.123962402344,33108.442821502686,-5525.318859100342,-16.69,179,230
1024,Grocery_Canned Goods_1024,2024-10-01,615.2999973297119,738.3599967956543,-123.05999946594238,-16.67,70,84
1137,Snacks_Nuts_1137,2022-10-01,503.9999842643738,604.7999811172485,-100.79999685287476,-16.67,75,90
1028,Household_Paper Products_1028,2022-05-01,5230.374855995178,6275.29491519928,-1044.9200592041016,-16.65,130,204
1032,Snacks_Chocolates_1032,2024-11-01,1402.8149877548217,1682.7599830627441,-279.94499530792245,-16.64,96,111
1068,Electronics_Chargers_1068,2024-02-01,16702.71040725708,20025.37174987793,-3322.6613426208496,-16.59,212,245
1071,Grocery_Canned Goods_1071,2024-11-01,384.6959846019745,461.1599807739258,-76.4639961719513,-16.58,77,84
1008,Personal Care_Shampoo_1008,2022-02-01,7338.5197830200195,8794.159740447998,-1455.6399574279785,-16.55,230,278
1137,Snacks_Nuts_1137,2025-02-01,1302.2119873046875,1560.561982917786,-258.3499956130986,-16.55,236,280
1166,Grocery_Spices_1166,2023-05-01,5573.159965515137,6678.420943069458,-1105.2609775543215,-16.55,113,171
1170,Dairy_Yogurt_1170,2025-06-01,2613.37490940094,3131.0998878479004,-517.7249784469604,-16.53,138,147
1183,Electronics_Batteries_1183,2024-03-01,18249.873478698733,21862.84940338135,-3612.975924682618,-16.53,155,187
1129,Electronics_Chargers_1129,2021-06-01,19410.67953491211,23254.20093803406,-3843.521403121951,-16.53,127,183
1122,Dairy_Yogurt_1122,2025-04-01,2809.240037918091,3365.716080284117,-556.4760423660264,-16.53,94,157
1100,Electronics_Mobile Accessories_1100,2023-09-01,1383.9599304199219,1657.9759460449216,-274.0160156249997,-16.53,76,122
1152,Personal Care_Toothpaste_1152,2022-06-01,6149.159843444824,7366.304815292358,-1217.1449718475342,-16.52,114,151
1158,Snacks_Crackers_1158,2024-03-01,1024.0709858179096,1226.54397854805,-202.4729927301405,-16.51,165,207
1069,Grocery_Spices_1069,2022-02-01,4684.159897327423,5610.4998779296875,-926.3399806022644,-16.51,170,199
1058,Personal Care_Soap_1058,2025-02-01,8760.54514884949,10493.495164871212,-1732.950016021723,-16.51,236,280
1102,Snacks_Biscuits_1102,2023-10-01,1852.4400787353516,2218.6200942993164,-366.18001556396484,-16.50,86,103
1096,Electronics_Mobile Accessories_1096,2022-02-01,17050.430198669434,20420.770217895508,-3370.340019226074,-16.50,217,238
1188,Grocery_Spices_1188,2025-10-01,1446.9799404144287,1732.2999286651611,-285.3199882507324,-16.47,71,85
1069,Grocery_Spices_1069,2021-11-01,3551.9419292449957,4251.299915313721,-699.357986068725,-16.45,106,111
1058,Personal Care_Soap_1058,2022-02-01,6580.0399169921875,7872.859881401062,-1292.8199644088745,-16.42,188,246
1038,Electronics_Cables_1038,2021-11-01,7385.469915771483,8835.919891357422,-1450.4499755859388,-16.42,80,89
1100,Electronics_Mobile Accessories_1100,2023-04-01,1948.7019321441649,2331.6658950805663,-382.96396293640146,-16.42,139,141
1152,Personal Care_Toothpaste_1152,2025-08-01,8155.544834518432,9756.584805679322,-1601.0399711608898,-16.41,170,205
1003,Household_Cleaning Supplies_1003,2025-07-01,1403.76000995636,1679.25,-275.4899900436401,-16.41,128,150
1069,Grocery_Spices_1069,2025-02-01,6091.30806427002,7287.268057632448,-1195.9599933624286,-16.41,189,223
1179,Household_Cleaning Supplies_1179,2021-03-01,3143.56001663208,3760.890528583528,-617.330511951448,-16.41,109,159
1088,Household_Cleaning Supplies_1088,2022-02-01,3237.4799766540527,3872.279972076416,-634.7999954223633,-16.39,202,253
1066,Household_Cleaning Supplies_1066,2024-02-01,8801.509058761596,10525.115637397766,-1723.6065786361705,-16.38,214,265
1088,Household_Cleaning Supplies_1088,2023-02-01,3975.6944609642023,4754.153453159331,-778.4589921951283,-16.37,222,266
1134,Household_Paper Products_1134,2021-08-01,1651.7999818801877,1975.1399803161623,-323.3399984359746,-16.37,135,158
1173,Electronics_Batteries_1173,2023-07-01,16508.244131469724,19740.796212768557,-3232.5520812988325,-16.37,129,125
1125,Personal Care_Toothpaste_1125,2022-05-01,3008.8724241256714,3597.344913482666,-588.4724893569946,-16.36,119,185
1101,Snacks_Crackers_1101,2024-08-01,4066.1920413970947,4860.835037231445,-794.6429958343506,-16.35,189,215
1020,Beverages_Juices_1020,2022-10-01,866.5200033187866,1035.8400039672852,-169.32000064849854,-16.35,87,104
1016,Grocery_Rice_1016,2022-03-01,1846.8000507354736,2207.655025959015,-360.85497522354126,-16.35,95,156
1168,Snacks_Chips_1168,2023-07-01,1863.2800544738766,2227.120095062256,-363.84004058837945,-16.34,123,119
1177,Snacks_Chips_1177,2021-02-01,525.8625009655952,628.4740031242371,-102.61150215864188,-16.33,220,267
1100,Electronics_Mobile Accessories_1100,2021-10-01,1493.2199249267578,1784.5799102783203,-291.3599853515625,-16.33,82,98
1163,Household_Paper Products_1163,2025-04-01,3363.5959465026854,4019.5909692764285,-655.9950227737431,-16.32,92,158
1200,Beverages_Juices_1200,2024-08-01,1100.6819635391234,1315.3579572677613,-214.67599372863788,-16.32,173,199
1040,Electronics_Mobile Accessories_1040,2022-10-01,6520.360023498535,7790.560028076172,-1270.2000045776367,-16.30,77,92
1058,Personal Care_Soap_1058,2021-10-01,3470.389976501465,4146.439971923828,-676.0499954223633,-16.30,77,92
1108,Dairy_Butter_1108,2025-05-01,3617.439971923828,4321.239971160889,-703.7999992370605,-16.29,92,115
1047,Household_Detergent_1047,2021-02-01,6155.779105949403,7353.1946257591235,-1197.4155198097205,-16.28,211,235
1065,Electronics_Chargers_1065,2025-10-01,12803.760131835938,15293.380157470703,-2489.6200256347656,-16.28,72,86
1008,Personal Care_Shampoo_1008,2025-03-01,6749.3799057006845,8061.984714508058,-1312.604808807373,-16.28,225,214
1048,Snacks_Biscuits_1048,2022-08-01,2077.5919506072996,2481.177935409546,-403.58598480224646,-16.27,169,207
1078,Electronics_Cables_1078,2024-02-01,34455.08110809326,41135.194469451904,-6680.113361358643,-16.24,230,268
1100,Electronics_Mobile Accessories_1100,2025-06-01,2013.3749055862427,2403.7198791503906,-390.34497356414795,-16.24,118,132
1150,Electronics_Batteries_1150,2025-02-01,22158.275243377688,26455.70072479248,-4297.4254814147935,-16.24,205,237
1051,Electronics_Cables_1051,2022-11-01,5858.734881401062,6992.299850463867,-1133.5649690628052,-16.21,85,98
1060,Household_Detergent_1060,2023-10-01,3328.1599731445312,3971.099967956543,-642.9399948120117,-16.19,88,105
1084,Household_Paper Products_1084,2025-03-01,6076.04799194336,7249.208869171143,-1173.1608772277832,-16.18,184,183
1147,Snacks_Crackers_1147,2021-12-01,1693.2119815826416,2019.8839824676513,-326.67200088500977,-16.17,82,103
1163,Household_Paper Products_1163,2021-12-01,3284.327947998047,3917.6779438018802,-633.3499958038333,-16.17,90,116
1160,Snacks_Nuts_1160,2022-06-01,599.4599833488464,715.0799800157547,-115.61999666690826,-16.17,97,131
1148,Household_Cleaning Supplies_1148,2022-09-01,5789.880065917969,6905.040039062501,-1115.1599731445322,-16.15,108,144
1097,Snacks_Crackers_1097,2022-06-01,297.5399880409241,354.8399877548218,-57.299999713897705,-16.15,114,146
1109,Electronics_Batteries_1109,2024-02-01,5779.106996917725,6891.005976867678,-1111.8989799499532,-16.14,196,226
1163,Household_Paper Products_1163,2025-08-01,5405.385092926026,6445.555117034912,-1040.1700241088856,-16.14,163,195
1040,Electronics_Mobile Accessories_1040,2024-10-01,6605.040023803711,7875.240028381348,-1270.2000045776367,-16.13,78,93
1185,Personal Care_Toothpaste_1185,2023-03-01,9853.233932495117,11748.427838134767,-1895.1939056396495,-16.13,141,184
1188,Grocery_Spices_1188,2024-03-01,2674.507912063598,3188.6799068450914,-514.1719947814936,-16.12,149,187
1019,Electronics_Cables_1019,2024-06-01,23279.16008911133,27753.660079956055,-4474.499990844724,-16.12,116,131
1072,Electronics_Chargers_1072,2021-02-01,41941.99199066162,50002.92578201293,-8060.933791351308,-16.12,211,244
1120,Grocery_Cereals_1120,2022-11-01,3505.9054083824158,4179.599876403809,-673.6944680213928,-16.12,83,90
1056,Snacks_Nuts_1056,2024-03-01,665.3779965400697,792.929995059967,-127.55199851989732,-16.09,131,159
1097,Snacks_Crackers_1097,2023-08-01,314.7059872150421,374.9799847602844,-60.27399754524231,-16.07,154,185
1109,Electronics_Batteries_1109,2024-05-01,4112.069931030273,4898.474458694458,-786.4045276641846,-16.05,113,151
1105,Beverages_Water_1105,2024-04-01,1859.0400661468507,2214.3400506973267,-355.299984550476,-16.05,121,148
1159,Electronics_Batteries_1159,2022-10-01,12109.440124511719,14424.48014831543,-2315.040023803711,-16.05,68,81
1157,Household_Cleaning Supplies_1157,2022-11-01,1154.5310104370117,1375.2200107574463,-220.68900032043462,-16.05,87,94
1038,Electronics_Cables_1038,2021-10-01,8835.919891357422,10523.679870605469,-1687.7599792480469,-16.04,89,106
1022,Household_Cleaning Supplies_1022,2024-08-01,8797.707992553711,10476.299983978271,-1678.5919914245605,-16.02,181,212
1093,Snacks_Chips_1093,2024-02-01,1224.456018066406,1458.075027346611,-233.6190092802051,-16.02,179,223
1147,Snacks_Crackers_1147,2024-02-01,3625.5389062881477,4316.070369625092,-690.5314633369444,-16.00,202,250
1131,Snacks_Crackers_1131,2023-10-01,1478.609956741333,1760.249948501587,-281.6399917602539,-16.00,63,75
1165,Personal Care_Skincare_1165,2022-10-01,1453.199935913086,1729.9999237060547,-276.79998779296875,-16.00,84,100
1174,Electronics_Mobile Accessories_1174,2023-07-01,24691.9417175293,29393.334637451175,-4701.3929199218765,-15.99,136,126
1109,Electronics_Batteries_1109,2025-02-01,6161.122484207154,7333.777471542362,-1172.6549873352078,-15.99,204,239
1138,Household_Cleaning Supplies_1138,2025-06-01,4743.69987487793,5646.159851074219,-902.4599761962891,-15.98,106,122
1007,Personal Care_Shampoo_1007,2023-07-01,7121.63620147705,8474.760269165039,-1353.1240676879888,-15.97,139,126
1075,Snacks_Crackers_1075,2023-07-01,1383.2199825286866,1646.1399852752684,-262.92000274658176,-15.97,129,126
1068,Electronics_Chargers_1068,2024-03-01,14038.603282928467,16702.71040725708,-2664.1071243286133,-15.95,169,212
1198,Dairy_Cheese_1198,2023-07-01,2872.0339546203613,3417.0379753112793,-545.004020690918,-15.95,149,138
1168,Snacks_Chips_1168,2024-02-01,3445.3175621032715,4098.465110778809,-653.1475486755371,-15.94,221,246
1035,Electronics_Batteries_1035,2022-11-01,18769.75534667969,22329.580444335938,-3559.8250976562485,-15.94,84,91
1037,Electronics_Cables_1037,2025-02-01,31375.114413452146,37318.30554962158,-5943.1911361694365,-15.93,214,252
1113,Dairy_Cheese_1113,2024-04-01,3016.404080200195,3587.835072326661,-571.4309921264658,-15.93,131,166
1100,Electronics_Mobile Accessories_1100,2023-08-01,1657.9759460449216,1971.94193572998,-313.9659896850585,-15.92,122,145
1131,Snacks_Crackers_1131,2024-07-01,3107.4979890823365,3694.886895751953,-587.3889066696165,-15.90,144,161
1189,Electronics_Batteries_1189,2023-08-01,10051.16382751465,11951.041752624511,-1899.8779251098604,-15.90,171,186
1054,Snacks_Chips_1054,2025-06-01,1194.3599631786346,1419.8399505615234,-225.4799873828888,-15.88,129,144
1189,Electronics_Batteries_1189,2023-11-01,6955.304309654236,8266.93977355957,-1311.6354639053343,-15.87,99,106
1099,Personal Care_Toothpaste_1099,2021-02-01,9736.98009109497,11572.722095489502,-1835.7420043945312,-15.86,237,273
1159,Electronics_Batteries_1159,2023-10-01,12287.520126342773,14602.560150146484,-2315.040023803711,-15.85,69,82
1063,Snacks_Chocolates_1063,2025-08-01,2198.9199752807617,2613.2399883270264,-414.32001304626465,-15.85,150,182
1016,Grocery_Rice_1016,2023-10-01,1652.4000453948975,1963.4400539398193,-311.0400085449219,-15.84,85,101
1138,Household_Cleaning Supplies_1138,2022-05-01,4980.884868621826,5918.054843902588,-937.1699752807617,-15.84,112,162
1090,Dairy_Cheese_1090,2024-11-01,2613.8850631713867,3105.900077819824,-492.0150146484375,-15.84,75,85
1197,Electronics_Mobile Accessories_1197,2025-10-01,1494.2999935150146,1775.5799922943115,-281.2799987792969,-15.84,85,101
1186,Dairy_Yogurt_1186,2022-02-01,807.5549932718277,959.4299938678741,-151.87500059604645,-15.83,206,236
1125,Personal Care_Toothpaste_1125,2024-08-01,4402.301988601685,5229.665994644165,-827.3640060424805,-15.82,183,219
1076,Snacks_Chocolates_1076,2022-11-01,1944.161501312256,2309.2600078582764,-365.0985065460204,-15.81,100,103
1187,Personal Care_Skincare_1187,2023-06-01,7149.269859313965,8490.64981842041,-1341.3799591064453,-15.80,102,119
1164,Electronics_Cables_1164,2025-10-01,15699.200439453125,18642.800521850586,-2943.600082397461,-15.79,80,95
1034,Household_Cleaning Supplies_1034,2021-02-01,9115.528147125244,10823.723165893553,-1708.1950187683087,-15.78,185,223
1028,Household_Paper Products_1028,2025-03-01,5709.199914550783,6778.712737655637,-1069.5128231048539,-15.78,206,195
1113,Dairy_Cheese_1113,2021-08-01,3567.0600728988647,4235.472095489502,-668.4120225906372,-15.78,161,188
1124,Dairy_Cheese_1124,2023-06-01,3024.340098190308,3590.2401275634766,-565.9000293731688,-15.76,132,152
1089,Electronics_Mobile Accessories_1089,2024-05-01,7979.949630737305,9471.022739219663,-1491.0731084823583,-15.74,121,161
1021,Grocery_Canned Goods_1021,2022-05-01,3376.650013923645,4007.220043182373,-630.570029258728,-15.74,132,174
1001,Electronics_Chargers_1001,2024-04-01,19281.695971679685,22878.260192871086,-3596.564221191402,-15.72,137,164
1115,Household_Paper Products_1115,2022-12-01,4133.700100708008,4904.634126091004,-770.934025382996,-15.72,95,119
1095,Snacks_Chocolates_1095,2022-11-01,1710.440009689331,2029.2400074005127,-318.79999771118173,-15.71,91,97
1003,Household_Cleaning Supplies_1003,2024-04-01,1572.2400035858154,1865.0099833011627,-292.7699797153473,-15.70,154,184
1160,Snacks_Nuts_1160,2025-02-01,973.6049860954284,1154.8499862670901,-181.24500017166167,-15.69,187,228
1186,Dairy_Yogurt_1186,2025-10-01,469.56000328063965,556.9200038909912,-87.36000061035156,-15.69,86,102
1165,Personal Care_Skincare_1165,2022-06-01,1920.2999153137207,2277.2099018096924,-356.9099864959717,-15.67,111,143
1132,Dairy_Butter_1132,2024-02-01,5998.65585193634,7113.341800403596,-1114.685948467256,-15.67,213,237
1079,Beverages_Juices_1079,2024-06-01,574.4439794301986,681.1999750137329,-106.75599558353429,-15.67,112,131
1127,Grocery_Rice_1127,2024-06-01,2377.8400353431703,2819.340042114258,-441.50000677108756,-15.66,122,138
1104,Grocery_Pasta_1104,2022-02-01,3598.3201007843018,4266.240106582642,-667.9200057983398,-15.66,222,279
1176,Snacks_Chocolates_1176,2022-08-01,922.9050028324127,1094.1350047588348,-171.23000192642212,-15.65,152,182
1153,Electronics_Batteries_1153,2022-05-01,19989.55015182495,23696.155179977417,-3706.605028152466,-15.64,141,203
1010,Grocery_Rice_1010,2022-11-01,1510.8640285491945,1790.8700332641602,-280.0060047149657,-15.64,96,109
1007,Personal Care_Shampoo_1007,2025-10-01,5448.060173034668,6456.960205078125,-1008.900032043457,-15.63,81,96
1082,Household_Detergent_1082,2024-11-01,3617.459987640381,4287.3599853515625,-669.8999977111816,-15.63,81,96
1014,Dairy_Butter_1014,2023-08-01,1154.1480110168457,1367.664015197754,-213.51600418090834,-15.61,182,219
1036,Electronics_Mobile Accessories_1036,2023-09-01,8590.080322265625,10178.97632446289,-1588.8960021972653,-15.61,96,144
1095,Snacks_Chocolates_1095,2022-08-01,3268.727998352051,3871.7829943656925,-603.0549960136414,-15.58,176,213
1138,Household_Cleaning Supplies_1138,2025-10-01,3517.2799072265625,4165.199890136719,-647.9199829101562,-15.56,76,90
1065,Electronics_Chargers_1065,2023-03-01,22662.507977294918,26838.532476806642,-4176.024499511725,-15.56,144,182
1197,Electronics_Mobile Accessories_1197,2024-02-01,3063.1439456939697,3627.6479444503784,-564.5039987564087,-15.56,212,243
1032,Snacks_Chocolates_1032,2022-02-01,2378.2249760627747,2815.9699716567993,-437.74499559402466,-15.55,219,261
1041,Snacks_Nuts_1041,2022-06-01,1155.8400192260742,1368.2600173950195,-212.4199981689453,-15.52,84,106
1163,Household_Paper Products_1163,2022-06-01,3776.389938354492,4470.409944534302,-694.0200061798096,-15.52,101,127
1119,Grocery_Pasta_1119,2022-06-01,4184.119964599609,4952.837452888489,-768.7174882888794,-15.52,116,143
1034,Household_Cleaning Supplies_1034,2021-06-01,6676.960159301758,7902.5675643920895,-1225.6074050903317,-15.51,116,163
1009,Electronics_Batteries_1009,2023-05-01,10095.449661254883,11944.200397109986,-1848.750735855103,-15.48,111,167
1063,Snacks_Chocolates_1063,2023-02-01,2466.2019456863395,2917.764433526992,-451.56248784065247,-15.48,182,214
1077,Household_Cleaning Supplies_1077,2023-02-01,8054.276789474486,9529.400730514526,-1475.1239410400403,-15.48,210,231
1118,Dairy_Milk_1118,2021-06-01,2962.5000953674316,3505.122081756592,-542.6219863891602,-15.48,125,195
1044,Snacks_Biscuits_1044,2025-08-01,2980.9991058349606,3525.9481246948244,-544.9490188598638,-15.46,156,185
1008,Personal Care_Shampoo_1008,2023-10-01,4086.4198722839355,4833.399848937988,-746.9799766540527,-15.45,93,110
1053,Snacks_Crackers_1053,2023-11-01,768.3934767484666,908.6999702453613,-140.30649349689475,-15.44,70,78
1167,Grocery_Rice_1167,2025-03-01,7157.56010837555,8464.327958679203,-1306.7678503036532,-15.44,232,235
1173,Electronics_Batteries_1173,2023-02-01,28567.731525421143,33785.83130264282,-5218.09977722168,-15.44,206,249
1193,Beverages_Tea_1193,2021-06-01,1872.449984550476,2213.7999705314637,-341.34998598098764,-15.42,135,195
1054,Snacks_Chips_1054,2024-08-01,1558.469964981079,1842.5559589385987,-284.0859939575196,-15.42,179,212
1011,Personal Care_Shampoo_1011,2024-06-01,2257.010087966919,2668.470109939575,-411.46002197265625,-15.42,121,131
1156,Personal Care_Soap_1156,2021-08-01,6265.302016639708,7407.77201690674,-1142.4700002670315,-15.42,206,246
1116,Personal Care_Skincare_1116,2022-06-01,9140.040321350098,10804.972861289978,-1664.9325399398804,-15.41,117,144
1113,Dairy_Cheese_1113,2023-06-01,2759.6320922851564,3262.4101181030273,-502.7780258178709,-15.41,112,129
1122,Dairy_Yogurt_1122,2021-06-01,3697.200044631958,4370.6750745773315,-673.4750299453735,-15.41,117,165
1030,Dairy_Cream_1030,2023-08-01,2540.6079772949215,3002.5439788818353,-461.9360015869138,-15.38,152,178
1182,Beverages_Tea_1182,2023-05-01,1598.2800521850586,1888.8580572128299,-290.57800502777127,-15.38,114,164
1030,Dairy_Cream_1030,2022-06-01,2248.080093383789,2655.820110321045,-407.74001693725586,-15.35,102,124
1003,Household_Cleaning Supplies_1003,2024-02-01,1673.0099833011627,1975.769978761673,-302.75999546051025,-15.32,168,201
1079,Beverages_Juices_1079,2021-10-01,488.79998207092285,577.1999788284302,-88.39999675750732,-15.32,94,111
1190,Dairy_Milk_1190,2022-05-01,2618.740019798279,3092.580006122589,-473.8399863243103,-15.32,145,199
1188,Grocery_Spices_1188,2024-11-01,1691.539930343628,1997.239917755127,-305.699987411499,-15.31,83,98
1067,Grocery_Cereals_1067,2025-02-01,8408.56755542755,9926.36809234619,-1517.8005369186412,-15.29,196,238
1120,Grocery_Cereals_1120,2024-10-01,3343.679901123047,3947.3998832702637,-603.7199821472168,-15.29,72,85
1039,Beverages_Soft Drinks_1039,2022-10-01,1580.5099906921387,1865.5199890136719,-285.0099983215332,-15.28,61,72
1140,Personal Care_Shampoo_1140,2023-08-01,4669.103912353516,5510.861915588379,-841.7580032348633,-15.27,163,198
1168,Snacks_Chips_1168,2021-02-01,3872.3525772094727,4570.33009147644,-697.9775142669678,-15.27,245,289
1175,Household_Trash Bags_1175,2022-06-01,5086.400012969971,6002.700024604797,-916.3000116348267,-15.26,85,106
1037,Electronics_Cables_1037,2023-06-01,19521.31474609375,23035.53094482422,-3514.216198730468,-15.26,114,129
1067,Grocery_Cereals_1067,2025-03-01,7125.280042266846,8408.56755542755,-1283.2875131607034,-15.26,208,196
1036,Electronics_Mobile Accessories_1036,2025-06-01,8114.717800140381,9574.360359191895,-1459.6425590515137,-15.25,92,107
1148,Household_Cleaning Supplies_1148,2022-08-01,6905.040039062501,8147.347536849976,-1242.3074977874749,-15.25,144,174
1154,Household_Cleaning Supplies_1154,2022-08-01,1973.9400338172911,2328.800040054321,-354.8600062370299,-15.24,140,168
1092,Household_Detergent_1092,2023-11-01,2341.7160392761234,2762.6200523376465,-420.9040130615231,-15.24,90,98
1091,Dairy_Butter_1091,2024-03-01,1122.3384719133385,1324.043967819214,-201.70549590587552,-15.23,147,187
1128,Grocery_Spices_1128,2023-11-01,2793.8999943733215,3295.919990539551,-502.01999616622925,-15.23,108,124
1063,Snacks_Chocolates_1063,2025-03-01,1866.9999740600585,2202.3104656696314,-335.31049160957286,-15.23,160,171
1085,Personal Care_Skincare_1085,2025-10-01,2077.139934539795,2449.9599227905273,-372.8199882507324,-15.22,78,92
1094,Grocery_Rice_1094,2021-10-01,1833,2162,-329,-15.22,78,92
1098,Electronics_Mobile Accessories_1098,2022-02-01,13730.804973602295,16196.15248298645,-2465.3475093841553,-15.22,165,198
1106,Snacks_Chocolates_1106,2025-08-01,1585.4549501419065,1870.1549428939827,-284.69999275207624,-15.22,159,185
1024,Grocery_Canned Goods_1024,2025-02-01,1475.8949739933014,1740.5669734477997,-264.6719994544983,-15.21,204,233
1018,Personal Care_Deodorant_1018,2023-06-01,7016.3599853515625,8273.999977111816,-1257.639991760254,-15.20,129,150
1058,Personal Care_Soap_1058,2023-03-01,4272.780029296876,5038.860076904297,-766.080047607421,-15.20,111,134
1047,Household_Detergent_1047,2025-02-01,6167.731105995178,7273.133624744414,-1105.4025187492362,-15.20,208,240
1096,Electronics_Mobile Accessories_1096,2025-02-01,18999.710420227046,22404.325426483156,-3404.61500625611,-15.20,206,233
1118,Dairy_Milk_1118,2025-07-01,3131.9550218582153,3692.677617073059,-560.7225952148438,-15.18,154,165
1194,Dairy_Butter_1194,2021-06-01,1473.3900175094604,1737.0349999666214,-263.64498245716095,-15.18,153,220
1013,Grocery_Cereals_1013,2024-08-01,4584.3880393981935,5404.291040039063,-819.9030006408693,-15.17,145,172
1034,Household_Cleaning Supplies_1034,2021-08-01,8055.180021286012,9491.820026779174,-1436.6400054931628,-15.14,158,186
1085,Personal Care_Skincare_1085,2024-10-01,1943.989938735962,2290.1799278259277,-346.1899890899658,-15.12,73,86
1150,Electronics_Batteries_1150,2023-10-01,9719.219955444336,11450.039947509766,-1730.8199920654297,-15.12,73,86
1158,Snacks_Crackers_1158,2021-06-01,1068.6899971961975,1258.9519910812378,-190.26199388504028,-15.11,147,202
1038,Electronics_Cables_1038,2022-08-01,14972.234777069096,17632.63473243713,-2660.399955368035,-15.09,170,204
1004,Beverages_Juices_1004,2023-11-01,2107.5629682540894,2481.999969482422,-374.4370012283325,-15.09,93,100
1023,Personal Care_Toothpaste_1023,2023-05-01,6933.479965209961,8164.973962020876,-1231.4939968109147,-15.08,114,156
1102,Snacks_Biscuits_1102,2023-02-01,3578.7440361022946,4214.481512928009,-635.7374768257141,-15.08,195,237
1174,Electronics_Mobile Accessories_1174,2025-03-01,31154.35093688965,36681.86862945557,-5527.517692565918,-15.07,188,177
1165,Personal Care_Skincare_1165,2023-05-01,2404.699893951416,2831.1259181976316,-426.42602424621555,-15.06,139,196
1189,Electronics_Batteries_1189,2025-02-01,12255.58294754028,14426.977464675902,-2171.394517135621,-15.05,191,228
1150,Electronics_Batteries_1150,2023-08-01,19305.14012145996,22718.768212890624,-3413.6280914306626,-15.03,181,225
1022,Household_Cleaning Supplies_1022,2024-05-01,5372.359970092773,6322.989915847779,-950.6299457550058,-15.03,98,136
1070,Grocery_Canned Goods_1070,2024-04-01,4850.010892486573,5707.9228942871105,-857.9120018005378,-15.03,125,150
1074,Personal Care_Skincare_1074,2021-02-01,12874.200361824038,15148.994916915892,-2274.794555091854,-15.02,244,300
1099,Personal Care_Toothpaste_1099,2024-02-01,9651.134090423584,11357.062107086182,-1705.9280166625977,-15.02,235,277
1173,Electronics_Batteries_1173,2024-09-01,13740.720153808594,16169.73014831543,-2429.009994506836,-15.02,84,115
1181,Personal Care_Soap_1181,2022-10-01,3281.850051879883,3861.0000610351562,-579.1500091552734,-15.00,85,100
1043,Electronics_Batteries_1043,2023-05-01,2907.800094604492,3420.6135812759403,-512.8134866714481,-14.99,124,182
1198,Dairy_Cheese_1198,2022-06-01,2305.9899864196777,2712.447484970093,-406.45749855041504,-14.98,89,106
1015,Dairy_Cream_1015,2021-06-01,3526.899890899658,4147.562434673309,-620.6625437736511,-14.96,130,188
1034,Household_Cleaning Supplies_1034,2022-08-01,9604.580000686645,11292.455000686643,-1687.8749999999982,-14.95,191,225
1152,Personal Care_Toothpaste_1152,2025-02-01,7921.852266311646,9312.43222846985,-1390.5799621582037,-14.93,176,204
1189,Electronics_Batteries_1189,2022-08-01,11951.094081115722,14048.616095352172,-2097.5220142364506,-14.93,173,204
1193,Beverages_Tea_1193,2023-10-01,790.5899934768677,929.2899923324585,-138.69999885559082,-14.93,57,67
1024,Grocery_Canned Goods_1024,2025-03-01,1255.8600039482117,1475.8949739933014,-220.03497004508972,-14.91,199,204
1005,Household_Paper Products_1005,2024-05-01,2159.4000930786133,2537.6160835742953,-378.21599049568204,-14.90,122,156
1064,Snacks_Biscuits_1064,2022-06-01,1785.680030822754,2098.3950362205505,-312.71500539779663,-14.90,101,127
1114,Electronics_Batteries_1114,2024-08-01,22363.263159179693,26275.897076416015,-3912.6339172363223,-14.89,168,195
1101,Snacks_Crackers_1101,2021-06-01,3065.1600093841553,3600.2660469055177,-535.1060375213624,-14.86,123,186
1175,Household_Trash Bags_1175,2021-08-01,8488.610057830814,9969.886081123352,-1481.2760232925375,-14.86,158,193
1169,Beverages_Soft Drinks_1169,2022-08-01,812.4960093975066,954.3240098476413,-141.8280004501347,-14.86,153,188
1022,Household_Cleaning Supplies_1022,2022-02-01,9028.659867286682,10601.379846572876,-1572.7199792861938,-14.84,222,259
1100,Electronics_Mobile Accessories_1100,2025-02-01,2881.0318902969366,3382.8058645248407,-501.7739742279041,-14.83,194,221
1162,Dairy_Yogurt_1162,2024-05-01,2587.199962615967,3037.6500052452084,-450.4500426292416,-14.83,98,134
1053,Snacks_Crackers_1053,2023-05-01,1351.3999557495117,1586.542948436737,-235.1429926872254,-14.82,116,170
1124,Dairy_Cheese_1124,2022-06-01,2905.260103225708,3410.2200994491577,-504.9599962234497,-14.81,123,154
1179,Household_Cleaning Supplies_1179,2023-05-01,3403.120018005371,3994.610976600646,-591.4909585952751,-14.81,118,181
1126,Beverages_Soft Drinks_1126,2024-06-01,2671.258076095581,3135.4000930786133,-464.14201698303214,-14.80,107,122
1092,Household_Detergent_1092,2024-03-01,4189.851989746094,4915.203960418701,-725.3519706726074,-14.76,170,206
1118,Dairy_Milk_1118,2025-02-01,4266.335983276367,5004.993003845215,-738.6570205688477,-14.76,220,252
1118,Dairy_Milk_1118,2024-07-01,3069.387050056458,3600.0301132202153,-530.6430631637572,-14.74,143,157
1132,Dairy_Butter_1132,2022-06-01,3999.6998596191406,4690.8398542404175,-691.1399946212769,-14.73,115,148
1156,Personal Care_Soap_1156,2021-06-01,4820.900108337402,5653.287028121949,-832.386919784547,-14.72,142,207
1108,Dairy_Butter_1108,2022-06-01,3263.55997467041,3826.327470302582,-562.7674956321716,-14.71,83,110
1086,Grocery_Rice_1086,2024-03-01,2373.020056247711,2782.4000570774074,-409.3800008296962,-14.71,177,225
1100,Electronics_Mobile Accessories_1100,2021-06-01,2767.9198608398438,3245.045880889893,-477.1260200500492,-14.70,152,226
1056,Snacks_Nuts_1056,2023-06-01,627.4120024681091,735.5400023460388,-108.12799987792971,-14.70,106,123
1067,Grocery_Cereals_1067,2023-02-01,7152.913576698305,8384.051086044314,-1231.1375093460083,-14.68,174,203
1145,Household_Trash Bags_1145,2023-08-01,1553.6840089797965,1820.9520103454588,-267.26800136566226,-14.68,173,201
1185,Personal Care_Toothpaste_1185,2022-05-01,9697.909936904907,11366.48000717163,-1668.5700702667236,-14.68,131,188
1165,Personal Care_Skincare_1165,2024-05-01,2266.2999000549316,2655.8089100360867,-389.50900998115503,-14.67,131,172
1044,Snacks_Biscuits_1044,2022-06-01,2505.8501052856445,2936.180118560791,-430.3300132751465,-14.66,115,140
1035,Electronics_Batteries_1035,2023-02-01,37372.94253234864,43793.91616821289,-6420.973635864248,-14.66,182,209
1157,Household_Cleaning Supplies_1157,2022-06-01,1828.7500143051147,2142.322520971298,-313.5725066661835,-14.64,125,160
1194,Dairy_Butter_1194,2022-06-01,1136.3400135040283,1331.3100113868713,-194.96999788284302,-14.64,118,147
1156,Personal Care_Soap_1156,2022-06-01,3802.4000854492188,4453.795087814331,-651.3950023651123,-14.63,112,136
1123,Beverages_Water_1123,2023-10-01,687.3999786376953,805.2399749755859,-117.83999633789062,-14.63,70,82
1013,Grocery_Cereals_1013,2025-05-01,3634.260108947754,4256.714127159119,-622.4540182113651,-14.62,102,121
1061,Personal Care_Skincare_1061,2023-05-01,7857.719955444336,9201.96208267212,-1344.2421272277843,-14.61,146,214
1038,Electronics_Cables_1038,2024-03-01,15479.400843811038,18126.691809082025,-2647.2909652709877,-14.60,182,207
1119,Grocery_Pasta_1119,2022-08-01,5471.9339012146,6406.584871292114,-934.6509700775141,-14.59,169,204
1148,Household_Cleaning Supplies_1148,2021-06-01,8470.380096435547,9916.695011138916,-1446.3149147033691,-14.58,158,228
1153,Electronics_Batteries_1153,2022-08-01,22369.149664306646,26188.339401626585,-3819.189737319939,-14.58,154,192
1014,Dairy_Butter_1014,2023-05-01,1072.7099895477295,1255.5690087318421,-182.85901918411264,-14.56,137,200
1049,Electronics_Batteries_1049,2025-08-01,16761.795855712895,19615.305850219727,-2853.5099945068323,-14.55,162,189
1052,Snacks_Crackers_1052,2025-03-01,2339.3920509338377,2737.4030559539797,-398.01100502014197,-14.54,205,206
1044,Snacks_Biscuits_1044,2021-11-01,2011.3950759887696,2353.320098876953,-341.92502288818355,-14.53,102,108
1131,Snacks_Crackers_1131,2022-03-01,2440.879928588867,2855.8199830055237,-414.9400544166565,-14.53,104,165
1088,Household_Cleaning Supplies_1088,2022-05-01,2678.062480688095,3133.0024774074554,-454.93999671936035,-14.52,134,201
1069,Grocery_Spices_1069,2022-08-01,5792.109027099611,6775.593054199218,-983.4840270996074,-14.52,167,205
1105,Beverages_Water_1105,2024-12-01,1441.6140698432923,1686.2540875434875,-244.64001770019513,-14.51,88,103
1003,Household_Cleaning Supplies_1003,2023-07-01,1543.2000274658203,1804.8000030517578,-261.5999755859375,-14.49,161,154
1100,Electronics_Mobile Accessories_1100,2023-10-01,1183.6499404907227,1383.9599304199219,-200.30998992919922,-14.47,65,76
1097,Snacks_Crackers_1097,2025-02-01,493.29599499702454,576.69299274683,-83.39699774980545,-14.46,230,265
1196,Grocery_Pasta_1196,2023-02-01,5749.635135650635,6719.972670555115,-970.33753490448,-14.44,227,278
1106,Snacks_Chocolates_1106,2023-05-01,1342.3199682235718,1568.6760070800783,-226.35603885650653,-14.43,119,170
1053,Snacks_Crackers_1053,2021-10-01,966.9499683380127,1130.0499629974365,-163.09999465942383,-14.43,83,97
1101,Snacks_Crackers_1101,2021-10-01,2367.400007247925,2766.120008468628,-398.7200012207031,-14.41,95,111
1093,Snacks_Chips_1093,2022-06-01,837.9000020027161,978.9750024080276,-141.07500040531158,-14.41,105,131
1137,Snacks_Nuts_1137,2021-02-01,1150.6329857826233,1344.3924791812897,-193.75949339866634,-14.41,204,232
1131,Snacks_Crackers_1131,2022-12-01,2069.9999656677246,2418.1109375953674,-348.1109719276428,-14.40,92,114
1104,Grocery_Pasta_1104,2021-12-01,2131.440082168579,2489.5920917510985,-358.15200958251944,-14.39,102,124
1199,Electronics_Cables_1199,2023-07-01,24956.73219604492,29150.019989013672,-4193.287792968753,-14.39,137,134
1167,Grocery_Rice_1167,2024-04-01,4689.360574340822,5476.153958129883,-786.7933837890614,-14.37,119,154
1157,Household_Cleaning Supplies_1157,2023-08-01,1784.6199970245364,2084.1399921417237,-299.51999511718736,-14.37,149,181
1027,Snacks_Chips_1027,2024-05-01,689.7000217437744,805.3080173492432,-115.60799560546877,-14.36,114,151
1158,Snacks_Crackers_1158,2024-05-01,799.6999979019165,933.6379946231843,-133.93799672126784,-14.35,110,144
1158,Snacks_Crackers_1158,2024-08-01,975.2779959678645,1138.7019949913024,-163.4239990234379,-14.35,149,177
1162,Dairy_Yogurt_1162,2023-07-01,3404.5440093994134,3974.783946228027,-570.2399368286137,-14.35,152,152
1099,Personal Care_Toothpaste_1099,2022-05-01,6363.945033073425,7429.275097846985,-1065.3300647735596,-14.34,136,195
1054,Snacks_Chips_1054,2025-04-01,1147.9899616718292,1340.0199787139895,-192.03001704216035,-14.33,120,191
1081,Snacks_Nuts_1081,2024-11-01,896.4750363826752,1046.2400436401367,-149.76500725746155,-14.31,92,104
1068,Electronics_Chargers_1068,2022-02-01,14323.249759674072,16712.35964202881,-2389.1098823547363,-14.30,225,244
1055,Dairy_Butter_1055,2024-11-01,811.4920244216919,946.9000291824341,-135.4080047607422,-14.30,74,85
1165,Personal Care_Skincare_1165,2023-11-01,1156.4119493484498,1349.3999404907227,-192.9879911422729,-14.30,68,78
1067,Grocery_Cereals_1067,2025-08-01,7267.23901977539,8478.665031433104,-1211.4260116577134,-14.29,162,191
1072,Electronics_Chargers_1072,2023-10-01,14295.599670410156,16678.199615478516,-2382.5999450683594,-14.29,60,70
1159,Electronics_Batteries_1159,2021-10-01,14958.720153808594,17451.84017944336,-2493.1200256347656,-14.29,84,98
1148,Household_Cleaning Supplies_1148,2023-10-01,4503.240051269531,5253.780059814453,-750.5400085449219,-14.29,84,98
1077,Household_Cleaning Supplies_1077,2024-05-01,5902.399810791016,6885.815814208985,-983.4160034179695,-14.28,124,159
1074,Personal Care_Skincare_1074,2021-06-01,6705.689804077148,7820.399826049805,-1114.7100219726562,-14.25,107,149
1024,Grocery_Canned Goods_1024,2021-04-01,783.8475046157837,914.1599960327148,-130.31249141693115,-14.25,115,104
1007,Personal Care_Shampoo_1007,2024-06-01,7324.600234985352,8542.02027130127,-1217.420036315918,-14.25,114,127
1168,Snacks_Chips_1168,2024-08-01,2840.0969547271725,3312.028933334351,-471.93197860717873,-14.25,170,200
1035,Electronics_Batteries_1035,2023-03-01,32056.36062011719,37372.94253234864,-5316.581912231453,-14.23,140,182
1079,Beverages_Juices_1079,2023-02-01,966.2639953613283,1126.5669852256779,-160.30298986434957,-14.23,228,253
1102,Snacks_Biscuits_1102,2025-08-01,3167.834999084472,3693.2639968872068,-525.4289978027346,-14.23,167,195
1037,Electronics_Cables_1037,2023-05-01,23035.53094482422,26854.53765258789,-3819.0067077636704,-14.22,129,185
1014,Dairy_Butter_1014,2024-03-01,1155.4109827041627,1346.9309793472287,-191.51999664306595,-14.22,170,200
1085,Personal Care_Skincare_1085,2023-02-01,4912.037858963013,5725.507831573486,-813.4699726104736,-14.21,228,253
1135,Household_Trash Bags_1135,2025-06-01,5891.587662696838,6866.640228271484,-975.052565574646,-14.20,125,136
1176,Snacks_Chocolates_1176,2021-02-01,1114.430488419533,1298.8404863595963,-184.40999794006325,-14.20,200,227
1180,Grocery_Spices_1180,2024-08-01,1055.1239729404451,1229.6759747982023,-174.5520018577572,-14.19,141,169
1143,Dairy_Cheese_1143,2024-08-01,2495.3489095687864,2907.9059074401853,-412.55699787139883,-14.19,160,191
1102,Snacks_Biscuits_1102,2022-02-01,3378.2400598526,3937.0800590515137,-558.8399991989136,-14.19,215,258
1046,Household_Paper Products_1046,2022-06-01,7855.649814605713,9153.95979309082,-1298.3099784851074,-14.18,135,170
1181,Personal Care_Soap_1181,2024-06-01,4242.492069244385,4942.080078125,-699.5880088806152,-14.16,116,128
1169,Beverages_Soft Drinks_1169,2023-11-01,460.0140112876892,535.9200134277344,-75.90600214004519,-14.16,79,88
1126,Beverages_Soft Drinks_1126,2025-10-01,2184.5000648498535,2544.300075531006,-359.80001068115234,-14.14,85,99
1042,Grocery_Canned Goods_1042,2023-06-01,5282.036177062988,6151.30020904541,-869.2640319824222,-14.13,118,137
1038,Electronics_Cables_1038,2024-11-01,7331.328909301757,8538.079895019531,-1206.7509857177738,-14.13,75,86
1069,Grocery_Spices_1069,2024-06-01,3980.135920715332,4634.299907684326,-654.1639869689943,-14.12,108,121
1137,Snacks_Nuts_1137,2021-10-01,490.5599846839905,571.1999821662903,-80.6399974822998,-14.12,73,85
1168,Snacks_Chips_1168,2021-08-01,2993.0569614410388,3485.0289695739757,-491.97200813293693,-14.12,178,207
1073,Electronics_Chargers_1073,2025-03-01,19885.938414764405,23150.815718460075,-3264.87730369567,-14.10,232,232
1191,Dairy_Butter_1191,2022-08-01,1348.7759658813477,1569.941959762573,-221.1659938812254,-14.09,156,181
1055,Dairy_Butter_1055,2025-10-01,679.540020942688,790.9400243759155,-111.40000343322754,-14.08,61,71
1049,Electronics_Batteries_1049,2023-05-01,13470.240417480469,15675.545186996458,-2205.3047695159894,-14.07,114,169
1057,Beverages_Tea_1057,2024-09-01,3125.0400619506836,3636.240021896362,-511.19995994567853,-14.06,116,157
1069,Grocery_Spices_1069,2024-12-01,4047.211940002441,4709.294906711579,-662.0829667091375,-14.06,109,127
1040,Electronics_Mobile Accessories_1040,2023-02-01,13025.736447143556,15156.471415328977,-2130.734968185421,-14.06,196,217
1186,Dairy_Yogurt_1186,2025-03-01,689.0379965066908,801.7919882535934,-112.75399174690267,-14.06,191,181
1167,Grocery_Rice_1167,2024-02-01,8172.1164978027355,9509.125007629398,-1337.0085098266627,-14.06,222,257
1023,Personal Care_Toothpaste_1023,2023-08-01,7731.783969116212,8994.355961608886,-1262.5719924926743,-14.04,166,181
1134,Household_Paper Products_1134,2025-03-01,2368.3000183105464,2754.642015266419,-386.3419969558727,-14.03,235,233
1173,Electronics_Batteries_1173,2025-02-01,26405.183444976807,30713.81932449341,-4308.635879516602,-14.03,195,228
1185,Personal Care_Toothpaste_1185,2024-03-01,11605.51486968994,13498.766810607909,-1893.2519409179695,-14.03,168,213
1090,Dairy_Cheese_1090,2023-08-01,5239.660026550295,6093.236048889163,-853.5760223388679,-14.01,183,206
1062,Personal Care_Deodorant_1062,2025-03-01,4763.98505783081,5540.019951057435,-776.0348932266252,-14.01,227,224
1003,Household_Cleaning Supplies_1003,2021-06-01,1584,1841.7900085449219,-257.7900085449219,-14.00,132,192
1085,Personal Care_Skincare_1085,2024-04-01,3138.655903625488,3649.521894454956,-510.86599082946805,-14.00,133,167
1134,Household_Paper Products_1134,2024-02-01,2649.6180235862726,3080.676021957398,-431.05799837112545,-13.99,234,266
1064,Snacks_Biscuits_1064,2022-05-01,2098.3950362205505,2439.840042114258,-341.4450058937073,-13.99,127,187
1166,Grocery_Spices_1166,2022-11-01,4328.343989562988,5030.63996887207,-702.2959793090822,-13.96,97,102
1100,Electronics_Mobile Accessories_1100,2021-07-01,2381.9309034347534,2767.9198608398438,-385.98895740509033,-13.95,154,152
1101,Snacks_Crackers_1101,2023-08-01,3279.8400535583496,3811.0960506439205,-531.2559970855709,-13.94,173,190
1011,Personal Care_Shampoo_1011,2023-05-01,2342.550096511841,2722.0699929237367,-379.51989641189584,-13.94,115,176
1122,Dairy_Yogurt_1122,2024-04-01,3807.405055999756,4422.97307357788,-615.5680175781245,-13.92,132,163
1063,Snacks_Chocolates_1063,2023-10-01,1005.6399574279785,1167.8399505615234,-162.19999313354492,-13.89,62,72
1118,Dairy_Milk_1118,2021-12-01,2281.8360710144043,2649.6600799560547,-367.8240089416504,-13.88,97,122
1105,Beverages_Water_1105,2021-11-01,1335.4430686950684,1550.6400833129883,-215.19701461791988,-13.88,85,91
1180,Grocery_Spices_1180,2023-05-01,1201.199945449829,1394.420950078964,-193.221004629135,-13.86,143,208
1181,Personal Care_Soap_1181,2023-02-01,5415.396002960204,6285.810043334959,-870.4140403747551,-13.85,173,185
1149,Electronics_Chargers_1149,2024-03-01,16396.746241378787,19033.27826728821,-2636.5320259094224,-13.85,183,219
1151,Electronics_Cables_1151,2025-02-01,28352.195470809937,32905.97149848938,-4553.776027679443,-13.84,230,278
1140,Personal Care_Shampoo_1140,2024-05-01,3907.649833679199,4535.2023549079895,-627.5525212287903,-13.84,109,146
1103,Dairy_Milk_1103,2024-02-01,7355.320098876954,8536.954090881349,-1181.6339920043947,-13.84,236,269
1004,Beverages_Juices_1004,2021-11-01,1646.7649908065796,1911.1399765014648,-264.37498569488525,-13.83,74,77
1195,Snacks_Chocolates_1195,2024-10-01,1694.5200061798096,1966.4800071716309,-271.9600009918213,-13.83,81,94
1048,Snacks_Biscuits_1048,2024-04-01,1397.640992069244,1621.4969895362856,-223.85599746704156,-13.81,112,133
1137,Snacks_Nuts_1137,2022-03-01,719.0399775505066,834.1199841499329,-115.08000659942627,-13.80,107,174
1094,Grocery_Rice_1094,2021-08-01,3453.3249673843384,4005.159957027436,-551.8349896430977,-13.78,165,195
1076,Snacks_Chocolates_1076,2022-05-01,2824.980005264282,3276.549980163574,-451.569974899292,-13.78,133,196
1169,Beverages_Soft Drinks_1169,2024-08-01,889.6080128192901,1031.5200109481812,-141.911998128891,-13.76,163,196
1007,Personal Care_Shampoo_1007,2022-05-01,7869.480239868164,9122.535223007202,-1253.054983139038,-13.74,124,182
1011,Personal Care_Shampoo_1011,2023-06-01,2020.7200775146484,2342.550096511841,-321.8300189971924,-13.74,101,115
1026,Snacks_Biscuits_1026,2025-08-01,696.9959993362427,807.974992275238,-110.97899293899536,-13.74,139,156
1122,Dairy_Yogurt_1122,2021-12-01,3240.8960403442384,3757.2400493621826,-516.3440090179442,-13.74,104,124
1185,Personal Care_Toothpaste_1185,2025-03-01,13252.774772644043,15360.20380249024,-2107.4290298461965,-13.72,235,234
1200,Beverages_Juices_1200,2024-06-01,866.0679718017577,1003.659969329834,-137.59199752807626,-13.71,134,134
1123,Beverages_Water_1123,2025-08-01,1626.5719886779784,1884.7559841156005,-258.1839954376221,-13.70,185,213
1095,Snacks_Chocolates_1095,2024-03-01,3581.2630717277525,4149.676084899902,-568.4130131721495,-13.70,202,235
1132,Dairy_Butter_1132,2021-12-01,3059.2039001464846,3544.799882507324,-485.59598236083957,-13.70,93,106
1148,Household_Cleaning Supplies_1148,2024-08-01,7456.695040893557,8639.910031127929,-1183.2149902343717,-13.69,156,187
1157,Household_Cleaning Supplies_1157,2023-02-01,2337.0119576454163,2707.827950000763,-370.8159923553467,-13.69,198,230
1122,Dairy_Yogurt_1122,2023-05-01,3823.600046157837,4429.4510854721075,-605.8510393142706,-13.68,121,178
1030,Dairy_Cream_1030,2023-02-01,3786.298035430908,4386.352030944825,-600.053995513917,-13.68,204,239
1060,Household_Detergent_1060,2023-05-01,3819.819969177246,4423.945995330811,-604.1260261535645,-13.66,101,146
1023,Personal Care_Toothpaste_1023,2025-02-01,9202.095015525818,10656.495074272156,-1454.400058746338,-13.65,171,216
1157,Household_Cleaning Supplies_1157,2022-02-01,1824.9200267791748,2112.882533788681,-287.9625070095062,-13.63,165,200
1136,Personal Care_Shampoo_1136,2021-02-01,11468.047576904297,13277.457580566406,-1809.4100036621094,-13.63,231,271
1185,Personal Care_Toothpaste_1185,2023-05-01,10602.429916381836,12275.621950149536,-1673.1920337677002,-13.63,137,198
1063,Snacks_Chocolates_1063,2021-08-01,2501.959987640381,2896.5399894714355,-394.5800018310547,-13.62,174,203
1154,Household_Cleaning Supplies_1154,2021-12-01,1402.7660299301147,1623.7340273857117,-220.96799745559701,-13.61,89,118
1110,Grocery_Canned Goods_1110,2021-02-01,3301.4174420356753,3820.937439441682,-519.5199974060065,-13.60,219,245
1088,Household_Cleaning Supplies_1088,2025-08-01,3341.880065917968,3867.8960678100575,-526.0160018920897,-13.60,176,202
1011,Personal Care_Shampoo_1011,2021-08-01,3250.4730298995964,3762.030059814453,-511.5570299148567,-13.60,186,211
1185,Personal Care_Toothpaste_1185,2024-02-01,13498.766810607909,15622.732792663572,-2123.9659820556626,-13.60,213,241
1008,Personal Care_Shampoo_1008,2022-05-01,5151.979839324951,5962.4198207855225,-810.4399814605713,-13.59,119,172
1081,Snacks_Nuts_1081,2022-11-01,947.4870360851288,1096.5400457382202,-149.0530096530914,-13.59,104,109
1141,Beverages_Coffee_1141,2025-08-01,1075.519982099533,1244.5299768447876,-169.00999474525452,-13.58,145,161
1172,Electronics_Chargers_1172,2022-08-01,18353.31965789795,21238.459552001954,-2885.1398941040025,-13.58,188,211
1159,Electronics_Batteries_1159,2025-03-01,27025.768484497068,31270.19854431153,-4244.430059814462,-13.57,215,215
1119,Grocery_Pasta_1119,2022-11-01,2836.847482872009,3282.369972229004,-445.5224893569948,-13.57,85,91
1151,Electronics_Cables_1151,2023-08-01,17863.865670776366,20667.079589843746,-2803.2139190673806,-13.56,150,170
1088,Household_Cleaning Supplies_1088,2025-03-01,2759.749019527435,3192.440469646453,-432.6914501190181,-13.55,185,175
1062,Personal Care_Deodorant_1062,2023-02-01,4512.279933357238,5219.139932060242,-706.8599987030038,-13.54,191,218
1045,Electronics_Cables_1045,2022-11-01,13430.848127365112,15533.10073852539,-2102.2526111602783,-13.53,98,110
1160,Snacks_Nuts_1160,2025-10-01,395.5199890136719,457.3199872970581,-61.79999828338623,-13.51,64,74
1107,Electronics_Mobile Accessories_1107,2023-02-01,25280.699844360355,29221.40207672119,-3940.702232360836,-13.49,185,222
1003,Household_Cleaning Supplies_1003,2024-08-01,1645.5600125312808,1902.2400157928464,-256.6800032615656,-13.49,151,176
1027,Snacks_Chips_1027,2024-11-01,549.6090172529221,635.2500200271606,-85.64100277423859,-13.48,92,105
1059,Electronics_Cables_1059,2022-02-01,3311.6099739074707,3826.4299640655518,-514.819990158081,-13.45,219,245
1057,Beverages_Tea_1057,2024-05-01,3448.320068359375,3983.73002910614,-535.4099607467651,-13.44,128,167
1062,Personal Care_Deodorant_1062,2022-02-01,4370.969926357269,5049.509955883026,-678.5400295257568,-13.44,215,226
1194,Dairy_Butter_1194,2024-05-01,1155.6000137329102,1335.042487859726,-179.4424741268158,-13.44,120,160
1066,Household_Cleaning Supplies_1066,2025-02-01,7349.355551338193,8489.012568473816,-1139.6570171356225,-13.43,179,208
1030,Dairy_Cream_1030,2021-04-01,1545.555064201355,1785.2400741577148,-239.68500995635986,-13.43,92,81
1042,Grocery_Canned Goods_1042,2021-10-01,3187.9001083374023,3681.8001251220703,-493.90001678466797,-13.41,71,82
1016,Grocery_Rice_1016,2024-02-01,3179.7320877075194,3672.296101379395,-492.5640136718757,-13.41,193,230
1162,Dairy_Yogurt_1162,2023-10-01,1874.3999729156494,2164.7999687194824,-290.399995803833,-13.41,71,82
1128,Grocery_Spices_1128,2024-10-01,2232.7199935913086,2578.2599925994873,-345.5399990081787,-13.40,84,97
1114,Electronics_Batteries_1114,2021-12-01,16010.231842041016,18486.962832641602,-2476.7309906005867,-13.40,109,132
1007,Personal Care_Shampoo_1007,2022-08-01,12449.430084228516,14375.001080322265,-1925.5709960937493,-13.40,206,239
1069,Grocery_Spices_1069,2024-10-01,3217.199935913086,3715.099925994873,-497.8999900817871,-13.40,84,97
1071,Grocery_Canned Goods_1071,2021-04-01,523.019980430603,603.899974822998,-80.87999439239502,-13.39,118,110
1037,Electronics_Cables_1037,2021-11-01,14537.390563964844,16785.580688476562,-2248.1901245117188,-13.39,86,94
1005,Household_Paper Products_1005,2024-02-01,3372.904083538056,3894.108073329926,-521.2039897918698,-13.38,220,265
1177,Snacks_Chips_1177,2025-02-01,431.86350191831576,498.58000111579884,-66.71649919748307,-13.38,183,209
1139,Dairy_Cream_1139,2022-11-01,1633.17594165802,1884.9299240112305,-251.7539823532104,-13.36,80,83
1086,Grocery_Rice_1086,2024-06-01,1618.190043926239,1867.4400520324707,-249.2500081062317,-13.35,110,124
1080,Snacks_Chips_1080,2023-08-01,2530.269955444336,2920.0899444580077,-389.8199890136716,-13.35,140,164
1087,Snacks_Crackers_1087,2024-08-01,1656.7919631958005,1911.8759429931645,-255.083979797364,-13.34,196,232
1197,Electronics_Mobile Accessories_1197,2023-06-01,2132.7639957427978,2461.1999893188477,-328.4359935760499,-13.34,126,140
1197,Electronics_Mobile Accessories_1197,2022-07-01,1859.5649757385258,2144.7599906921387,-285.1950149536128,-13.30,125,122
1049,Electronics_Batteries_1049,2023-06-01,11678.944342041015,13470.240417480469,-1791.2960754394535,-13.30,101,114
1162,Dairy_Yogurt_1162,2021-08-01,3611.7839998245236,4165.589975357056,-553.8059755325321,-13.29,156,184
1029,Grocery_Canned Goods_1029,2023-05-01,3571.199951171875,4117.979948043823,-546.7799968719482,-13.28,128,187
1156,Personal Care_Soap_1156,2023-08-01,4518.0660423278805,5207.93003463745,-689.8639923095698,-13.25,168,202
1190,Dairy_Milk_1190,2021-10-01,1458.7200164794922,1681.5800189971924,-222.8600025177002,-13.25,72,83
1150,Electronics_Batteries_1150,2024-03-01,22230.804285430913,25619.23424758911,-3388.429962158196,-13.23,195,226
1004,Beverages_Juices_1004,2023-04-01,2355.302025794983,2714.4720001220703,-359.1699743270874,-13.23,124,127
1130,Snacks_Nuts_1130,2024-06-01,1726.9600613594057,1989.4800720214844,-262.5200106620787,-13.20,106,118
1175,Household_Trash Bags_1175,2023-02-01,10966.05409088135,12631.56109390259,-1665.507003021241,-13.19,226,253
1026,Snacks_Biscuits_1026,2025-02-01,969.9519990921019,1117.1619981765748,-147.20999908447288,-13.18,203,233
1054,Snacks_Chips_1054,2023-08-01,1576.6439611434937,1816.047953033447,-239.4039918899532,-13.18,211,236
1110,Grocery_Canned Goods_1110,2022-08-01,2122.1809722900393,2443.594468259812,-321.4134959697726,-13.15,128,150
1025,Household_Detergent_1025,2025-10-01,729.2799606323242,839.5199546813965,-110.23999404907227,-13.13,86,99
1049,Electronics_Batteries_1049,2024-09-01,11579.680358886719,13328.159912109373,-1748.4795532226544,-13.12,98,128
1073,Electronics_Chargers_1073,2022-06-01,13602.93968963623,15656.8296585083,-2053.8899688720703,-13.12,113,141
1090,Dairy_Cheese_1090,2025-02-01,5254.718022346497,6048.459041118622,-793.7410187721252,-13.12,171,193
1092,Household_Detergent_1092,2021-02-01,4750.7819538116455,5468.309923171997,-717.5279693603516,-13.12,201,237
1127,Grocery_Rice_1127,2025-06-01,2378.7600231170654,2737.6200408935547,-358.86001777648926,-13.11,130,134
1108,Dairy_Butter_1108,2023-12-01,3779.217951965332,4349.01196231842,-569.7940103530882,-13.10,100,121
1015,Dairy_Cream_1015,2022-11-01,2640.722415447235,3038.5599060058594,-397.83749055862427,-13.09,106,112
1053,Snacks_Crackers_1053,2022-08-01,1660.3779567718502,1910.1859519958493,-249.80799522399911,-13.08,163,195
1036,Electronics_Mobile Accessories_1036,2022-09-01,11006.040412902832,12660.292982482913,-1654.2525695800814,-13.07,123,166
1151,Electronics_Cables_1151,2023-03-01,17110.33761291504,19683.861625671387,-2573.5240127563484,-13.07,135,159
1148,Household_Cleaning Supplies_1148,2024-02-01,11460.283516311647,13181.695538711549,-1721.4120223999016,-13.06,259,290
1032,Snacks_Chocolates_1032,2024-02-01,3137.4250206947327,3608.69154047966,-471.26651978492737,-13.06,243,291
1176,Snacks_Chocolates_1176,2021-04-01,676.89998960495,778.6199913024902,-101.72000169754028,-13.06,128,114
1055,Dairy_Butter_1055,2024-02-01,2383.7395713329315,2741.58358168602,-357.8440103530884,-13.05,242,283
1082,Household_Detergent_1082,2022-11-01,3883.526490306854,4465.999984741211,-582.4734944343568,-13.04,91,100
1018,Personal Care_Deodorant_1018,2022-02-01,8391.214906692505,9649.552376747131,-1258.3374700546265,-13.04,195,234
1094,Grocery_Rice_1094,2024-10-01,1880,2162,-282,-13.04,80,92
1008,Personal Care_Shampoo_1008,2023-09-01,4833.399848937988,5557.360050964356,-723.9602020263674,-13.03,110,165
1042,Grocery_Canned Goods_1042,2022-02-01,6526.834922790527,7503.424964904785,-976.5900421142578,-13.02,204,224
1145,Household_Trash Bags_1145,2023-02-01,1875.2889771461487,2156.079976081848,-280.79099893569946,-13.02,200,227
1156,Personal Care_Soap_1156,2023-06-01,4223.380088806152,4854.850109100342,-631.4700202941895,-13.01,128,143
1172,Electronics_Chargers_1172,2022-06-01,13273.649642944336,15259.039581298828,-1985.3899383544922,-13.01,117,138
1198,Dairy_Cheese_1198,2024-04-01,3903.405987930298,4487.141020011903,-583.7350320816045,-13.01,172,199
1161,Electronics_Batteries_1161,2021-11-01,6975.662294006347,8018.020355224609,-1042.3580612182623,-13.00,90,97
1092,Household_Detergent_1092,2024-10-01,1888.7300357818604,2170.6300411224365,-281.9000053405762,-12.99,67,77
1093,Snacks_Chips_1093,2025-03-01,1127.8330144882202,1296.2640241622921,-168.4310096740719,-12.99,203,198
1083,Dairy_Cheese_1083,2024-11-01,1268.344012451172,1457.4000120162964,-189.05599956512447,-12.97,96,105
1175,Household_Trash Bags_1175,2024-06-01,9061.581019592286,10412.160026550293,-1350.579006958007,-12.97,155,174
1119,Grocery_Pasta_1119,2022-02-01,4555.887417793274,5234.4449100494385,-678.5574922561646,-12.96,174,195
1090,Dairy_Cheese_1090,2022-06-01,3946.320098876953,4533.210106372833,-586.8900074958801,-12.95,108,128
1018,Personal Care_Deodorant_1018,2025-02-01,9232.240927886964,10604.84992980957,-1372.6090019226067,-12.94,199,220
1084,Household_Paper Products_1084,2021-11-01,3085.5379650115965,3543.8599548339844,-458.3219898223879,-12.93,68,74
1173,Electronics_Batteries_1173,2023-05-01,16030.84017944336,18411.416135406493,-2380.5759559631333,-12.93,98,150
1135,Household_Trash Bags_1135,2025-07-01,5130.21596031189,5891.587662696838,-761.3717023849485,-12.92,117,125
1022,Household_Cleaning Supplies_1022,2023-08-01,5813.388026428222,6675.152020263672,-861.7639938354505,-12.91,137,152
1097,Snacks_Crackers_1097,2021-02-01,547.1879904270172,628.2059925794601,-81.01800215244293,-12.90,244,290
1124,Dairy_Cheese_1124,2025-02-01,3522.952055358887,4044.2960450172413,-521.3439896583545,-12.89,178,212
1054,Snacks_Chips_1054,2022-06-01,1104.3199615478516,1267.749964594841,-163.43000304698944,-12.89,112,143
1126,Beverages_Soft Drinks_1126,2022-05-01,3387.562600135803,3888.322606086731,-500.76000595092773,-12.88,134,199
1180,Grocery_Spices_1180,2024-03-01,1178.456955075264,1352.7359619140625,-174.27900683879852,-12.88,155,201
1196,Grocery_Pasta_1196,2023-05-01,3502.980062484741,4019.6850910186786,-516.7050285339374,-12.85,117,176
1103,Dairy_Milk_1103,2024-05-01,4491.629928588867,5153.49748210907,-661.8675535202028,-12.84,117,150
1033,Household_Paper Products_1033,2024-08-01,4977.639974594116,5710.199975967407,-732.560001373291,-12.83,173,199
1017,Household_Paper Products_1017,2022-06-01,5230.829944610596,6000.824913024902,-769.9949684143066,-12.83,121,148
1179,Household_Cleaning Supplies_1179,2023-02-01,4356.806529712678,4997.907536983491,-641.1010072708132,-12.83,173,208
1049,Electronics_Batteries_1049,2021-10-01,8034.8802490234375,9216.480285644531,-1181.6000366210938,-12.82,68,78
1079,Beverages_Juices_1079,2024-03-01,691.9769869804383,793.7149901390076,-101.73800315856931,-12.82,150,179
1150,Electronics_Batteries_1150,2023-05-01,13580.27993774414,15577.30003356934,-1997.020095825199,-12.82,102,135
1138,Household_Cleaning Supplies_1138,2025-02-01,8738.585905075073,10021.584872245789,-1282.9989671707153,-12.80,226,254
1008,Personal Care_Shampoo_1008,2023-02-01,7015.022240829467,8044.962213516235,-1029.9399726867687,-12.80,196,215
1049,Electronics_Batteries_1049,2023-02-01,19297.430526733402,22126.452618408202,-2829.0220916748003,-12.79,198,220
1047,Household_Detergent_1047,2023-07-01,3978.0279846191406,4561.436065673828,-583.4080810546875,-12.79,144,131
1076,Snacks_Chocolates_1076,2023-02-01,3605.6559532165525,4134.069937705995,-528.4139844894421,-12.78,193,226
1153,Electronics_Batteries_1153,2021-12-01,14143.360107421875,16216.6201171875,-2073.260009765625,-12.78,88,106
1143,Dairy_Cheese_1143,2025-03-01,2355.939939880371,2700.626927661896,-344.68698778152475,-12.76,194,183
1135,Household_Trash Bags_1135,2022-06-01,6008.310199737549,6885.615190505981,-877.3049907684326,-12.74,119,146
1082,Household_Detergent_1082,2021-08-01,4996.758906173707,5726.199893951415,-729.440987777708,-12.74,125,147
1111,Snacks_Nuts_1111,2022-08-01,2036.1900486946106,2333.2700581550594,-297.08000946044876,-12.73,184,211
1111,Snacks_Nuts_1111,2023-05-01,1808.6400604248047,2072.1050534248357,-263.464993000031,-12.71,144,212
1037,Electronics_Cables_1037,2024-05-01,19464.130798339844,22296.216687011718,-2832.0858886718743,-12.70,109,138
1016,Grocery_Rice_1016,2024-06-01,2546.640069961548,2916.0000801086426,-369.3600101470947,-12.67,131,150
1190,Dairy_Milk_1190,2024-02-01,4229.490925693512,4842.999919891358,-613.5089941978467,-12.67,254,289
1192,Dairy_Milk_1192,2023-06-01,2513.3999252319336,2878.0699100494385,-364.6699848175049,-12.67,118,131
1027,Snacks_Chips_1027,2021-09-01,641.3000202178955,734.2220147132874,-92.92199449539191,-12.66,106,137
1050,Snacks_Chips_1050,2022-03-01,1908.8800163269043,2185.4000186920166,-276.5200023651123,-12.65,107,168
1141,Beverages_Coffee_1141,2024-06-01,1055.5459760665894,1208.3499727249146,-152.8039966583251,-12.65,129,143
1156,Personal Care_Soap_1156,2025-03-01,5161.5900850296,5908.548129272461,-746.9580442428605,-12.64,226,204
1155,Electronics_Mobile Accessories_1155,2024-02-01,4111.885022354127,4706.61997795105,-594.7349555969231,-12.64,218,239
1088,Household_Cleaning Supplies_1088,2023-06-01,2532.4479858398436,2898.919979095459,-366.4719932556154,-12.64,124,137
1091,Dairy_Butter_1091,2022-02-01,1429.0399762392044,1635.839965581894,-206.7999893426895,-12.64,233,230
1038,Electronics_Cables_1038,2023-11-01,8066.71039276123,9233.03988647461,-1166.3294937133796,-12.63,98,93
1082,Household_Detergent_1082,2024-06-01,4838.889986991881,5537.839981079102,-698.9499940872201,-12.62,116,124
1094,Grocery_Rice_1094,2023-08-01,2761.7199432373054,3160.279949951172,-398.56000671386664,-12.61,151,164
1029,Grocery_Canned Goods_1029,2021-02-01,4356.96390285492,4985.037885951997,-628.073983097077,-12.60,190,220
1126,Beverages_Soft Drinks_1126,2022-08-01,4680.226959037781,5354.247466087341,-674.0205070495604,-12.59,207,238
1105,Beverages_Water_1105,2022-08-01,2269.0440650939936,2595.6870756626136,-326.64301056861996,-12.58,151,173
1039,Beverages_Soft Drinks_1039,2021-06-01,3860.5899772644043,4415.691488265991,-555.1015110015869,-12.57,149,202
1003,Household_Cleaning Supplies_1003,2024-11-01,1133.0700001239777,1296,-162.9299998760223,-12.57,95,108
1192,Dairy_Milk_1192,2025-02-01,3879.2079483032226,4437.0724482536325,-557.8644999504099,-12.57,211,245
1161,Electronics_Batteries_1161,2021-02-01,15726.776583862307,17985.884693908698,-2259.1081100463907,-12.56,228,252
1154,Household_Cleaning Supplies_1154,2022-12-01,1434.0500283241272,1639.5865321159363,-205.53650379180908,-12.54,95,113
1062,Personal Care_Deodorant_1062,2021-12-01,2598.1520263671873,2970.580032348633,-372.4280059814455,-12.54,93,112
1067,Grocery_Cereals_1067,2024-05-01,6394.529960632324,7310.843514442443,-916.3135538101187,-12.53,129,171
1073,Electronics_Chargers_1073,2024-04-01,13112.811880493164,14989.255766677858,-1876.4438861846938,-12.52,129,142
1060,Household_Detergent_1060,2022-05-01,4621.029979705811,5282.610019683838,-661.5800399780273,-12.52,134,183
1160,Snacks_Nuts_1160,2022-05-01,715.0799800157547,817.3199769258499,-102.23999691009521,-12.51,131,179
1084,Household_Paper Products_1084,2024-03-01,8887.980850982665,10157.21233177185,-1269.2314807891853,-12.50,215,244
1183,Electronics_Batteries_1183,2022-08-01,15621.23405456543,17850.18782043457,-2228.9537658691406,-12.49,135,149
1151,Electronics_Cables_1151,2024-04-01,18240.49157142639,20841.403579711914,-2600.9120082855225,-12.48,140,166
1070,Grocery_Canned Goods_1070,2024-08-01,6581.550006866456,7520.255031585693,-938.7050247192374,-12.48,175,202
1020,Beverages_Juices_1020,2023-02-01,1291.5125238895416,1475.7170228004456,-184.20449891090402,-12.48,156,172
1022,Household_Cleaning Supplies_1022,2022-11-01,4749.99448261261,5427.179969787598,-677.1854871749874,-12.48,93,99
1146,Snacks_Chocolates_1146,2022-12-01,2217.6700839996333,2533.683600473404,-316.0135164737708,-12.47,115,137
1092,Household_Detergent_1092,2023-07-01,3024.1400077819826,3454.9600616455077,-430.8200538635251,-12.47,126,124
1101,Snacks_Crackers_1101,2022-02-01,3228.6975560188293,3688.160057067871,-459.46250104904175,-12.46,186,204
1059,Electronics_Cables_1059,2024-12-01,2004.0024526596071,2288.649953508377,-284.64750084877005,-12.44,98,113
1055,Dairy_Butter_1055,2022-02-01,1608.1099932193756,1836.5099966526031,-228.40000343322754,-12.44,199,223
1028,Household_Paper Products_1028,2024-04-01,4729.805838775634,5397.588281822203,-667.7824430465689,-12.37,125,160
1113,Dairy_Cheese_1113,2023-12-01,2047.1950668334962,2336.298084259033,-289.103017425537,-12.37,84,97
1065,Electronics_Chargers_1065,2024-10-01,13870.740142822266,15826.870162963867,-1956.1300201416016,-12.36,78,89
1158,Snacks_Crackers_1158,2023-02-01,1161.1139787197112,1324.7109771013259,-163.59699838161464,-12.35,198,223
1173,Electronics_Batteries_1173,2025-08-01,24258.680221557617,27677.520263671875,-3418.840042114258,-12.35,173,192
1101,Snacks_Crackers_1101,2025-07-01,3344.193031311035,3814.3175206184387,-470.12448930740356,-12.33,153,164
1010,Grocery_Rice_1010,2022-05-01,2073.210027694702,2364.6699962615967,-291.45996856689453,-12.33,138,196
1158,Snacks_Crackers_1158,2023-05-01,719.7299981117249,820.8625056743622,-101.13250756263733,-12.32,99,134
1019,Electronics_Cables_1019,2023-07-01,21236.992425537104,24211.364077758786,-2974.371652221682,-12.29,133,115
1157,Household_Cleaning Supplies_1157,2021-11-01,1155.1820081710814,1316.7000102996826,-161.5180021286012,-12.27,81,90
1041,Snacks_Nuts_1041,2023-05-01,1747.5200290679932,1991.7000274658203,-244.17999839782715,-12.26,127,180
1179,Household_Cleaning Supplies_1179,2024-08-01,4994.423897552491,5692.059902191161,-697.6360046386699,-12.26,199,223
1052,Snacks_Crackers_1052,2024-05-01,2018.2800369262695,2300.0520431518553,-281.77200622558576,-12.25,121,157
1050,Snacks_Chips_1050,2024-06-01,2113.5090173721314,2408.4000205993652,-294.8910032272338,-12.24,120,135
1036,Electronics_Mobile Accessories_1036,2021-11-01,5810.848205566406,6621.520248413086,-810.6720428466797,-12.24,68,74
1061,Personal Care_Skincare_1061,2022-08-01,7590.923873901367,8648.543830871582,-1057.6199569702148,-12.23,157,186
1193,Beverages_Tea_1193,2024-05-01,1595.0499868392944,1817.3374915599825,-222.28750472068805,-12.23,115,143
1144,Household_Detergent_1144,2025-06-01,1675.500005722046,1908.7200050354004,-233.2199993133545,-12.22,122,132
1180,Grocery_Spices_1180,2024-06-01,973.5599584579467,1108.799949645996,-135.23999118804943,-12.20,121,132
1100,Electronics_Mobile Accessories_1100,2023-07-01,1971.94193572998,2245.6778915405275,-273.73595581054747,-12.19,145,128
1121,Grocery_Rice_1121,2022-06-01,3761.839900970459,4283.874900817871,-522.0349998474121,-12.19,118,151
1116,Personal Care_Skincare_1116,2024-04-01,9106.760276031495,10370.080302047727,-1263.320026016232,-12.18,133,158
1132,Dairy_Butter_1132,2024-05-01,4834.419830322266,5504.495829391481,-670.075999069215,-12.17,139,173
1049,Electronics_Batteries_1049,2024-06-01,13699.462409973145,15597.120483398438,-1897.658073425293,-12.17,119,132
1192,Dairy_Milk_1192,2021-06-01,3141.7099018096924,3576.0598936080933,-434.3499917984009,-12.15,143,200
1188,Grocery_Spices_1188,2024-05-01,2139.899911880493,2435.7739223480226,-295.8740104675294,-12.15,105,141
1199,Electronics_Cables_1199,2023-05-01,26897.129928588867,30615.530128479004,-3718.4001998901367,-12.15,117,168
1182,Beverages_Tea_1182,2022-11-01,960.8490288734436,1093.5600357055664,-132.71100683212285,-12.14,72,78
1018,Personal Care_Deodorant_1018,2024-03-01,7141.540950012207,8128.703938293459,-987.1629882812522,-12.14,150,174
1148,Household_Cleaning Supplies_1148,2023-05-01,6057.930068969727,6892.55697555542,-834.6269065856932,-12.11,113,171
1001,Electronics_Chargers_1001,2024-05-01,16949.679748535156,19281.695971679685,-2332.0162231445283,-12.09,103,137
1026,Snacks_Biscuits_1026,2024-11-01,385.8199875354767,438.8999853134155,-53.07999777793884,-12.09,70,77
1094,Grocery_Rice_1094,2023-02-01,4590.633922958375,5221.292403697966,-630.6584807395911,-12.08,232,268
1088,Household_Cleaning Supplies_1088,2023-05-01,2898.919979095459,3297.378513479233,-398.4585343837739,-12.08,137,199
1149,Electronics_Chargers_1149,2025-03-01,17423.553385162348,19815.35829200745,-2391.8049068451037,-12.07,234,221
1166,Grocery_Spices_1166,2024-06-01,5333.859983444215,6066.359962463379,-732.4999790191641,-12.07,126,123
1145,Household_Trash Bags_1145,2024-11-01,967.482503080368,1100.1600036621094,-132.67750058174136,-12.06,85,96
1107,Electronics_Mobile Accessories_1107,2025-08-01,23073.462496948236,26237.340545654293,-3163.8780487060576,-12.06,161,186
1053,Snacks_Crackers_1053,2024-06-01,1239.8849588394164,1409.649953842163,-169.76499500274667,-12.04,110,121
1010,Grocery_Rice_1010,2022-06-01,1823.7300338745117,2073.210027694702,-249.47999382019043,-12.03,111,138
1074,Personal Care_Skincare_1074,2025-09-01,7081.70979309082,8049.000119018553,-967.2903259277327,-12.02,113,152
1010,Grocery_Rice_1010,2023-11-01,1214.428023529053,1380.1200256347656,-165.69200210571262,-12.01,82,84
1139,Dairy_Cream_1139,2023-06-01,2338.2439147949217,2657.069892883301,-318.8259780883791,-12.00,108,117
1158,Snacks_Crackers_1158,2022-11-01,729.4974983930588,828.7799978256226,-99.28249943256378,-11.98,109,114
1077,Household_Cleaning Supplies_1077,2025-02-01,7535.674798965454,8556.694772720335,-1021.019973754881,-11.93,193,220
1056,Snacks_Nuts_1056,2021-08-01,857.8160121917723,974.0155099868775,-116.19949779510523,-11.93,164,182
1040,Electronics_Mobile Accessories_1040,2021-02-01,16440.406380462642,18661.610462188724,-2221.204081726082,-11.90,228,262
1129,Electronics_Chargers_1129,2022-10-01,11310.159729003906,12838.559692382812,-1528.3999633789062,-11.90,74,84
1125,Personal Care_Toothpaste_1125,2025-06-01,3469.034912109375,3937.619899749756,-468.58498764038086,-11.90,133,146
1169,Beverages_Soft Drinks_1169,2023-01-01,845.9849942922594,960.246021080017,-114.2610267877576,-11.90,168,163
1136,Personal Care_Shampoo_1136,2023-08-01,7921.970039367676,8987.838020324707,-1065.8679809570312,-11.86,162,193
1021,Grocery_Canned Goods_1021,2022-02-01,4513.485064029694,5120.670079231262,-607.1850152015686,-11.86,206,238
1119,Grocery_Pasta_1119,2025-10-01,2957.739974975586,3354.5099716186523,-396.7699966430664,-11.83,82,93
1106,Snacks_Chocolates_1106,2023-08-01,1554.0800142288203,1762.4320264816283,-208.35201225280798,-11.82,172,202
1040,Electronics_Mobile Accessories_1040,2024-04-01,7291.374069976807,8267.651232528684,-976.2771625518772,-11.81,98,119
1200,Beverages_Juices_1200,2024-02-01,1141.4619716644286,1294.2404678821565,-152.77849621772793,-11.80,179,203
1036,Electronics_Mobile Accessories_1036,2023-08-01,10178.97632446289,11539.056372070316,-1360.0800476074255,-11.79,144,161
1120,Grocery_Cereals_1120,2021-11-01,3891.6998748779292,4411.7998695373535,-520.0999946594243,-11.79,94,95
1014,Dairy_Butter_1014,2024-08-01,1091.2050110816954,1236.7350138664249,-145.5300027847295,-11.77,157,179
1011,Personal Care_Shampoo_1011,2024-03-01,3327.2430543899536,3771.0029878616333,-443.7599334716797,-11.77,185,229
1127,Grocery_Rice_1127,2024-02-01,4108.657618045807,4656.316656780243,-547.6590387344359,-11.76,233,277
1177,Snacks_Chips_1177,2025-10-01,212.99999356269836,241.39999270439148,-28.399999141693115,-11.76,75,85
1030,Dairy_Cream_1030,2024-07-01,3059.440078735351,3466.701139068604,-407.2610603332528,-11.75,154,168
1053,Snacks_Crackers_1053,2022-05-01,1292.4349579811096,1464.4449563026428,-172.0099983215332,-11.75,114,169
1048,Snacks_Biscuits_1048,2025-06-01,1702.4899797439575,1927.9299840927124,-225.44000434875488,-11.69,135,139
1119,Grocery_Pasta_1119,2022-10-01,3282.369972229004,3715.2099685668945,-432.8399963378906,-11.65,91,103
1085,Personal Care_Skincare_1085,2024-03-01,3649.521894454956,4130.621881484985,-481.0999870300293,-11.65,167,192
1139,Dairy_Cream_1139,2022-08-01,3157.026020622253,3573.047969627381,-416.02194900512814,-11.64,162,175
1031,Snacks_Chips_1031,2022-10-01,1160.520034790039,1313.2200393676758,-152.70000457763672,-11.63,76,86
1026,Snacks_Biscuits_1026,2021-04-01,528.8999981880188,598.4999799728394,-69.59998178482056,-11.63,119,105
1018,Personal Care_Deodorant_1018,2022-11-01,4875.019979095459,5515.999984741211,-640.9800056457516,-11.62,93,100
1060,Household_Detergent_1060,2022-06-01,4084.5599670410156,4621.029979705811,-536.4700126647949,-11.61,108,134
1048,Snacks_Biscuits_1048,2024-02-01,2574.9864853382105,2912.592483758927,-337.60599842071633,-11.59,222,253
1139,Dairy_Cream_1139,2023-12-01,2109.519915008545,2386.127910232544,-276.60799522399884,-11.59,94,112
1113,Dairy_Cheese_1113,2025-02-01,4469.46005859375,5055.3750778198255,-585.9150192260759,-11.59,220,244
1095,Snacks_Chocolates_1095,2022-02-01,3672.7674787044525,4153.9274690151215,-481.15999031066895,-11.58,218,255
1060,Household_Detergent_1060,2021-11-01,3076.6149702072144,3479.439971923828,-402.82500171661377,-11.58,89,92
1028,Household_Paper Products_1028,2021-11-01,2918.789923095703,3300.619903564453,-381.8299804687499,-11.57,77,79
1149,Electronics_Chargers_1149,2023-07-01,9309.556118774412,10527.868185424804,-1218.3120666503928,-11.57,114,102
1088,Household_Cleaning Supplies_1088,2024-08-01,2716.0320533752433,3070.96008682251,-354.9280334472669,-11.56,143,167
1141,Beverages_Coffee_1141,2023-03-01,1011.9719875335694,1144.0669730424881,-132.09498550891874,-11.55,132,174
1168,Snacks_Chips_1168,2022-02-01,2911.020086288452,3291.030086517334,-380.01000022888184,-11.55,203,243
1055,Dairy_Butter_1055,2023-02-01,1495.1255433559418,1690.0400495529175,-194.9145061969757,-11.53,170,185
1165,Personal Care_Skincare_1165,2024-06-01,2005.7619123458862,2266.2999000549316,-260.5379877090454,-11.50,119,131
1022,Household_Cleaning Supplies_1022,2021-08-01,8221.015998840332,9288.675992965698,-1067.6599941253662,-11.49,172,196
1081,Snacks_Nuts_1081,2022-02-01,1572.1550409793854,1775.6150314807892,-203.4599905014038,-11.46,197,247
1188,Grocery_Spices_1188,2025-02-01,4452.519886016847,5028.6498432159415,-576.1299571990949,-11.46,274,287
1108,Dairy_Butter_1108,2024-06-01,4735.287966537476,5347.519958496094,-612.231991958618,-11.45,124,136
1194,Dairy_Butter_1194,2023-08-01,1270.4899950027466,1434.549994468689,-164.05999946594238,-11.44,164,185
1111,Snacks_Nuts_1111,2024-04-01,1161.6840372085574,1311.4620416641233,-149.7780044555659,-11.42,100,118
1089,Electronics_Mobile Accessories_1089,2022-05-01,8153.049633026123,9203.874723434448,-1050.8250904083252,-11.42,128,203
1134,Household_Paper Products_1134,2023-05-01,1382.9999923706055,1561.2000141143797,-178.2000217437742,-11.41,100,138
1161,Electronics_Batteries_1161,2024-02-01,14637.95555305481,16521.739599990848,-1883.784046936038,-11.40,209,244
1108,Dairy_Butter_1108,2025-09-01,3971.319969177246,4482.2289413452145,-510.9089721679684,-11.40,101,129
1101,Snacks_Crackers_1101,2024-02-01,4353.320037841797,4912.646039962769,-559.3260021209717,-11.39,208,231
1070,Grocery_Canned Goods_1070,2021-02-01,8045.667946624755,9079.416926574706,-1033.7489799499508,-11.39,229,256
1037,Electronics_Cables_1037,2023-03-01,20657.09669189453,23307.917329406737,-2650.8206375122063,-11.37,129,158
1122,Dairy_Yogurt_1122,2022-05-01,4175.150056838989,4710.375100135803,-535.225043296814,-11.36,140,202
1144,Household_Detergent_1144,2024-05-01,1561.680004119873,1761.7959966659546,-200.11599254608154,-11.36,108,142
1196,Grocery_Pasta_1196,2024-10-01,2574.840045928955,2904.180051803589,-329.3400058746338,-11.34,86,97
1011,Personal Care_Shampoo_1011,2022-08-01,2676.9510332107548,3019.1250567436214,-342.1740235328666,-11.33,151,167
1045,Electronics_Cables_1045,2023-07-01,15346.842440795897,17306.704809570314,-1959.8623687744166,-11.32,140,124
1090,Dairy_Cheese_1090,2025-03-01,4661.538070106506,5254.718022346497,-593.1799522399906,-11.29,175,171
1038,Electronics_Cables_1038,2025-03-01,14017.709906005857,15799.595843505855,-1781.8859374999975,-11.28,208,188
1165,Personal Care_Skincare_1165,2024-02-01,3273.6199085235594,3689.784892892837,-416.1649843692776,-11.28,227,253
1147,Snacks_Crackers_1147,2024-11-01,1545.8519817352294,1742.1599807739258,-196.30799903869638,-11.27,78,84
1157,Household_Cleaning Supplies_1157,2024-11-01,1285.1730102539063,1448.3700113296509,-163.19700107574454,-11.27,89,99
1175,Household_Trash Bags_1175,2024-04-01,8497.716012573243,9576.066075897219,-1078.3500633239764,-11.26,161,195
1095,Snacks_Chocolates_1095,2021-08-01,2822.0230012893685,3179.6159946441653,-357.5929933547968,-11.25,148,176
1081,Snacks_Nuts_1081,2025-10-01,714.2600297927856,804.8000335693359,-90.5400037765503,-11.25,71,80
1050,Snacks_Chips_1050,2024-11-01,1393.5400128364563,1569.9200134277344,-176.38000059127808,-11.23,81,88
1065,Electronics_Chargers_1065,2022-08-01,23440.04536895752,26397.345378112794,-2957.300009155275,-11.20,151,169
1146,Snacks_Chocolates_1146,2024-11-01,1567.7605687618257,1765.230079650879,-197.46951088905325,-11.19,79,87
1047,Household_Detergent_1047,2025-08-01,4757.560043334961,5356.280044555664,-598.7200012207031,-11.18,146,166
1064,Snacks_Biscuits_1064,2021-08-01,2524.6990047454833,2841.5580079078672,-316.85900316238394,-11.15,162,185
1019,Electronics_Cables_1019,2025-02-01,34103.54821090697,38378.32026672363,-4274.772055816662,-11.14,189,220
1136,Personal Care_Shampoo_1136,2025-04-01,6748.8501029968265,7595.120124053956,-846.2700210571293,-11.14,115,178
1082,Household_Detergent_1082,2025-03-01,6657.266010856626,7491.941889572143,-834.6758787155168,-11.14,222,203
1008,Personal Care_Shampoo_1008,2025-08-01,6091.329853057861,6853.299835205078,-761.9699821472168,-11.12,158,178
1022,Household_Cleaning Supplies_1022,2023-05-01,6742.859962463379,7586.4919918060305,-843.6320293426515,-11.12,123,164
1025,Household_Detergent_1025,2021-11-01,746.2399597167969,839.5199546813965,-93.27999496459961,-11.11,88,99
1016,Grocery_Rice_1016,2021-10-01,1710.7200469970703,1924.560052871704,-213.8400058746338,-11.11,88,99
1054,Snacks_Chips_1054,2022-10-01,788.7999725341797,887.3999691009521,-98.59999656677246,-11.11,80,90
1170,Dairy_Yogurt_1170,2024-03-01,2872.094973278045,3230.669973564147,-358.57500028610184,-11.10,159,180
1178,Beverages_Soft Drinks_1178,2022-05-01,3053.910051345825,3434.369951248169,-380.45989990234375,-11.08,135,199
1018,Personal Care_Deodorant_1018,2021-08-01,8767.815926361085,9860.055931854247,-1092.2400054931622,-11.08,181,197
1127,Grocery_Rice_1127,2021-08-01,4212.215954589844,4736.672956848147,-524.457002258303,-11.07,232,259
1046,Household_Paper Products_1046,2025-02-01,8933.90681419373,10043.389797210695,-1109.4829830169656,-11.05,186,217
1023,Personal Care_Toothpaste_1023,2021-02-01,8871.9750623703,9970.600078582764,-1098.6250162124634,-11.02,180,205
1132,Dairy_Butter_1132,2023-11-01,2909.2814079284667,3269.3198852539062,-360.03847732543954,-11.01,90,94
1198,Dairy_Cheese_1198,2022-10-01,2513.2699851989746,2824.18998336792,-310.9199981689453,-11.01,97,109
1190,Dairy_Milk_1190,2021-06-01,2897.1800327301025,3255.379999399185,-358.19996666908264,-11.00,143,205
1100,Electronics_Mobile Accessories_1100,2025-10-01,1475.0099258422852,1657.1099166870117,-182.09999084472656,-10.99,81,91
1085,Personal Care_Skincare_1085,2022-11-01,2583.848418712616,2902.6699085235596,-318.8214898109436,-10.98,108,109
1134,Household_Paper Products_1134,2022-10-01,1009.589994430542,1134.0599937438965,-124.46999931335449,-10.98,73,82
1147,Snacks_Crackers_1147,2022-10-01,1514.019983291626,1700.6799812316895,-186.65999794006348,-10.98,73,82
1016,Grocery_Rice_1016,2022-02-01,2207.655025959015,2479.8150277137756,-272.16000175476074,-10.98,156,177
1136,Personal Care_Shampoo_1136,2021-07-01,7997.540921401978,8983.210136413574,-985.669215011596,-10.97,150,149
1033,Household_Paper Products_1033,2023-02-01,6252.924367904663,7022.175796508789,-769.251428604126,-10.95,243,252
1161,Electronics_Batteries_1161,2022-08-01,12406.119236755374,13930.283219909667,-1524.1639831542925,-10.94,167,190
1100,Electronics_Mobile Accessories_1100,2024-11-01,1232.6439399719238,1383.9599304199219,-151.31599044799805,-10.93,70,76
1116,Personal Care_Skincare_1116,2023-04-01,9101.48263835907,10218.16032409668,-1116.6776857376099,-10.93,155,138
1053,Snacks_Crackers_1053,2025-02-01,1958.629929924011,2198.794920063019,-240.16499013900807,-10.92,202,234
1173,Electronics_Batteries_1173,2021-08-01,20074.336181640625,22531.714208602905,-2457.3780269622803,-10.91,144,160
1190,Dairy_Milk_1190,2023-11-01,1588.8405179023744,1782.8800201416016,-194.0395022392272,-10.88,79,88
1055,Dairy_Butter_1055,2023-11-01,903.5900263786316,1013.7400312423706,-110.15000486373901,-10.87,84,91
1065,Electronics_Chargers_1065,2022-02-01,29808.464584350586,33442.867126464844,-3634.402542114258,-10.87,235,255
1087,Snacks_Crackers_1087,2021-10-01,772.4400062561035,866.640007019043,-94.20000076293945,-10.87,82,92
1151,Electronics_Cables_1151,2022-10-01,11703.859649658203,13131.159606933594,-1427.2999572753906,-10.87,82,92
1097,Snacks_Crackers_1097,2024-02-01,454.39199435710907,509.7659913301468,-55.37399697303772,-10.86,209,228
1130,Snacks_Nuts_1130,2021-12-01,1630.0440521240234,1828.4600653648376,-198.4160132408142,-10.85,101,111
1116,Personal Care_Skincare_1116,2022-05-01,10804.972861289978,12118.365217208862,-1313.3923559188843,-10.84,144,219
1014,Dairy_Butter_1014,2023-11-01,684.1879943847655,767.3399925231934,-83.15199813842787,-10.84,92,98
1057,Beverages_Tea_1057,2023-02-01,3614.92503118515,4054.0399894714355,-439.1149582862854,-10.83,150,186
1146,Snacks_Chocolates_1146,2023-11-01,1736.9430665016173,1947.840087890625,-210.8970213890077,-10.83,96,96
1071,Grocery_Canned Goods_1071,2023-06-01,631.551974105835,708.2099704742432,-76.65799636840813,-10.82,119,129
1008,Personal Care_Shampoo_1008,2024-08-01,6089.629859924316,6828.264837265015,-738.6349773406982,-10.82,161,178
1154,Household_Cleaning Supplies_1154,2023-10-01,1048.7400226593018,1175.8600254058838,-127.12000274658203,-10.81,66,74
1138,Household_Cleaning Supplies_1138,2022-02-01,6800.267320632935,7624.62979888916,-824.3624782562256,-10.81,213,226
1127,Grocery_Rice_1127,2022-02-01,3342.599994659424,3747.29998588562,-404.6999912261963,-10.80,224,260
1015,Dairy_Cream_1015,2023-02-01,4653.754876613616,5217.384857654571,-563.6299810409546,-10.80,209,227
1082,Household_Detergent_1082,2023-10-01,4064.059986114502,4555.319984436035,-491.2599983215332,-10.78,91,102
1146,Snacks_Chocolates_1146,2024-08-01,3750.0720926284794,4203.154116821289,-453.0820241928095,-10.78,212,233
1116,Personal Care_Skincare_1116,2023-03-01,10218.16032409668,11451.040329742435,-1232.8800056457549,-10.77,138,176
1093,Snacks_Chips_1093,2023-05-01,798.0000019073486,894.2330082654953,-96.23300635814667,-10.76,100,142
1135,Household_Trash Bags_1135,2022-08-01,7391.123936843873,8282.410493278505,-891.2865564346321,-10.76,169,185
1091,Dairy_Butter_1091,2022-05-01,1069.0599731206894,1197.7999782562256,-128.7400051355362,-10.75,128,186
1190,Dairy_Milk_1190,2024-05-01,2005.7400226593018,2246.521988487244,-240.78196582794226,-10.72,99,125
1101,Snacks_Crackers_1101,2022-12-01,2450.658010482788,2744.72001953125,-294.06200904846173,-10.71,101,124
1006,Beverages_Coffee_1006,2025-03-01,1924.645982933044,2155.392436027527,-230.74645309448283,-10.71,227,211
1006,Beverages_Coffee_1006,2021-08-01,1711.7079624176029,1916.8719621658329,-205.16399974823003,-10.70,155,174
1127,Grocery_Rice_1127,2022-11-01,1587.2080224990846,1777.410026550293,-190.2020040512084,-10.70,80,87
1051,Electronics_Cables_1051,2023-06-01,7774.295867919922,8704.699813842773,-930.4039459228516,-10.69,114,122
1171,Personal Care_Toothpaste_1171,2023-10-01,3833.6398315429688,4292.009811401367,-458.36997985839844,-10.68,92,103
1176,Snacks_Chocolates_1176,2021-10-01,457.60999488830566,512.2499942779541,-54.63999938964844,-10.67,67,75
1125,Personal Care_Toothpaste_1125,2024-06-01,2939.1919246673583,3290.339916229248,-351.14799156188974,-10.67,110,122
1054,Snacks_Chips_1054,2025-08-01,1542.028964328766,1726.0899591445923,-184.06099481582623,-10.66,176,196
1139,Dairy_Cream_1139,2021-08-01,4399.727985191345,4923.583464717866,-523.8554795265209,-10.64,219,243
1087,Snacks_Crackers_1087,2023-10-01,791.2800064086914,885.4800071716309,-94.20000076293945,-10.64,84,94
1179,Household_Cleaning Supplies_1179,2022-06-01,3951.080020904541,4421.532502651215,-470.4524817466736,-10.64,137,166
1024,Grocery_Canned Goods_1024,2024-03-01,1334.7374783754349,1493.4539766311646,-158.71649825572968,-10.63,181,201
1091,Dairy_Butter_1091,2022-11-01,781.1759794235229,873.9999771118164,-92.8239976882935,-10.62,94,100
1119,Grocery_Pasta_1119,2021-02-01,7353.552948951721,8227.540944099426,-873.9879951477051,-10.62,238,270
1163,Household_Paper Products_1163,2024-11-01,3442.4699409484865,3851.169937133789,-408.69999618530255,-10.61,99,103
1147,Snacks_Crackers_1147,2022-06-01,2385.099973678589,2667.7799820899963,-282.68000841140747,-10.60,115,140
1021,Grocery_Canned Goods_1021,2025-02-01,4868.920517826083,5445.733520793913,-576.8130029678305,-10.59,203,228
1191,Dairy_Butter_1191,2025-07-01,1187.9009677886963,1328.5574511289597,-140.65648334026332,-10.59,135,146
1200,Beverages_Juices_1200,2022-02-01,1027.2199721336365,1148.514969587326,-121.29499745368958,-10.56,173,201
1025,Household_Detergent_1025,2025-08-01,1050.0949835777283,1174.11598777771,-124.02100419998169,-10.56,140,159
1124,Dairy_Cheese_1124,2024-05-01,2881.6401023864746,3221.800074958802,-340.1599725723272,-10.56,122,153
1050,Snacks_Chips_1050,2021-02-01,2865.477997398376,3203.4639976501467,-337.98600025177075,-10.55,192,214
1023,Personal Care_Toothpaste_1023,2024-04-01,5704.903012657165,6376.955012321472,-672.051999664307,-10.54,109,119
1034,Household_Cleaning Supplies_1034,2023-06-01,6849.640163421631,7655.480182647705,-805.8400192260742,-10.53,119,133
1075,Snacks_Crackers_1075,2021-10-01,1136.449990272522,1270.1499891281128,-133.69999885559082,-10.53,85,95
1066,Household_Cleaning Supplies_1066,2025-10-01,3385.0399169921875,3783.2799072265625,-398.239990234375,-10.53,68,76
1122,Dairy_Yogurt_1122,2025-10-01,2148.8000259399414,2401.600028991699,-252.8000030517578,-10.53,68,76
1171,Personal Care_Toothpaste_1171,2025-03-01,5198.003891372681,5809.570720672607,-611.5668292999262,-10.53,189,168
1165,Personal Care_Skincare_1165,2024-03-01,2929.529915142059,3273.6199085235594,-344.08999338150034,-10.51,201,227
1055,Dairy_Butter_1055,2024-06-01,1056.760032081604,1180.840036392212,-124.08000431060782,-10.51,102,106
1039,Beverages_Soft Drinks_1039,2021-12-01,1979.5399856567383,2211.4499816894527,-231.9099960327144,-10.49,80,93
1178,Beverages_Soft Drinks_1178,2022-02-01,3575.12992477417,3994.0499420166016,-418.92001724243164,-10.49,218,232
1082,Household_Detergent_1082,2022-05-01,5953.687497138977,6651.042658805847,-697.3551616668701,-10.48,139,208
1107,Electronics_Mobile Accessories_1107,2022-10-01,15112.380401611328,16880.8504486084,-1768.4700469970703,-10.48,94,105
1176,Snacks_Chocolates_1176,2023-10-01,525.9099941253662,587.3799934387207,-61.46999931335449,-10.47,77,86
1008,Personal Care_Shampoo_1008,2022-06-01,4613.699855804443,5151.979839324951,-538.2799835205078,-10.45,105,119
1051,Electronics_Cables_1051,2021-04-01,6519.564851760864,7277.699844360352,-758.1349925994873,-10.42,101,102
1058,Personal Care_Soap_1058,2025-08-01,6139.662081527713,6852.610109329223,-712.9480278015099,-10.40,152,172
1107,Electronics_Mobile Accessories_1107,2022-05-01,24406.96561050415,27240.70559310913,-2833.7399826049805,-10.40,168,225
1098,Electronics_Mobile Accessories_1098,2025-02-01,15780.249920654294,17609.619909667963,-1829.3699890136686,-10.39,186,207
1072,Electronics_Chargers_1072,2023-02-01,48824.143725585935,54478.617876434306,-5654.474150848371,-10.38,236,270
1027,Snacks_Chips_1027,2021-08-01,734.2220147132874,819.2360190391538,-85.01400432586638,-10.38,137,148
1177,Snacks_Chips_1177,2024-04-01,312.9154942393303,349.1319991588593,-36.21650491952897,-10.37,122,143
1169,Beverages_Soft Drinks_1169,2021-11-01,354.81601085662834,395.8500099182129,-41.03399906158455,-10.37,70,65
1136,Personal Care_Shampoo_1136,2021-10-01,4702.620071411133,5245.230079650879,-542.6100082397461,-10.34,78,87
1145,Household_Trash Bags_1145,2025-10-01,893.8800029754639,997.0200033187866,-103.14000034332275,-10.34,78,87
1161,Electronics_Batteries_1161,2025-10-01,6447.480285644531,7191.420318603516,-743.9400329589844,-10.34,78,87
1124,Dairy_Cheese_1124,2024-08-01,3543.4540685653683,3951.5860887527465,-408.1320201873782,-10.33,173,188
1065,Electronics_Chargers_1065,2025-02-01,31225.644543457034,34822.29459838868,-3596.650054931648,-10.33,210,233
1161,Electronics_Batteries_1161,2023-02-01,14523.65852890015,16195.448594665528,-1671.7900657653772,-10.32,214,237
1029,Grocery_Canned Goods_1029,2022-10-01,2427.299966812134,2706.2999629974365,-278.99999618530273,-10.31,87,97
1007,Personal Care_Shampoo_1007,2023-05-01,8205.720260620117,9149.009767723084,-943.289507102967,-10.31,122,163
1134,Household_Paper Products_1134,2022-03-01,1438.3199920654297,1603.2524874210358,-164.93249535560608,-10.29,104,154
1199,Electronics_Cables_1199,2023-11-01,19592.3849029541,21839.5499420166,-2247.1650390625,-10.29,91,95
1051,Electronics_Cables_1051,2025-02-01,12917.115026092528,14396.062540054327,-1478.947513961799,-10.27,216,242
1046,Household_Paper Products_1046,2024-05-01,5469.8598709106445,6094.90086708069,-625.0409961700452,-10.26,94,119
1057,Beverages_Tea_1057,2025-10-01,1885.8000373840332,2101.320041656494,-215.52000427246094,-10.26,70,78
1074,Personal Care_Skincare_1074,2021-08-01,9808.289916229247,10930.260010528567,-1121.9700942993204,-10.26,170,203
1200,Beverages_Juices_1200,2025-08-01,1098.7759645462033,1224.367960357666,-125.59199581146277,-10.26,164,184
1146,Snacks_Chocolates_1146,2023-05-01,1907.2600860595703,2124.7810486316685,-217.52096257209814,-10.24,94,128
1104,Grocery_Pasta_1104,2023-07-01,2222.1599998474117,2475.2800941467285,-253.12009429931686,-10.23,143,119
1109,Electronics_Batteries_1109,2024-10-01,2874.8099517822266,3202.3199462890625,-327.50999450683594,-10.23,79,88
1114,Electronics_Batteries_1114,2023-05-01,16613.77980041504,18505.919984817505,-1892.1401844024658,-10.22,109,147
1018,Personal Care_Deodorant_1018,2024-08-01,9716.019924163817,10821.959918975832,-1105.9399948120154,-10.22,198,219
1003,Household_Cleaning Supplies_1003,2023-02-01,2111.159976005554,2351.159976005554,-240,-10.21,217,237
1186,Dairy_Yogurt_1186,2023-08-01,786.2039922714234,875.567990112305,-89.36399784088155,-10.21,185,210
1187,Personal Care_Skincare_1187,2024-06-01,9162.021802139283,10203.049781799316,-1041.0279796600335,-10.20,133,143
1019,Electronics_Cables_1019,2022-12-01,18745.344036865234,20875.629084777833,-2130.285047912599,-10.20,90,102
1151,Electronics_Cables_1151,2024-11-01,12560.239624023438,13987.539581298828,-1427.2999572753906,-10.20,88,98
1098,Electronics_Mobile Accessories_1098,2024-05-01,13769.489837646484,15330.915856933594,-1561.4260192871097,-10.18,133,163
1096,Electronics_Mobile Accessories_1096,2023-08-01,16318.073753356934,18167.025871276855,-1848.9521179199219,-10.18,193,196
1058,Personal Care_Soap_1058,2024-12-01,4078.9514848709105,4541.299963378906,-462.3484785079954,-10.18,93,110
1074,Personal Care_Skincare_1074,2021-12-01,5510.035858154297,6134.147822570801,-624.1119644165037,-10.17,98,104
1080,Snacks_Chips_1080,2025-08-01,3060.234056854248,3406.653055000305,-346.41899814605677,-10.17,155,170
1008,Personal Care_Shampoo_1008,2021-12-01,3780.5799049377442,4208.603886795044,-428.02398185729953,-10.17,90,107
1197,Electronics_Mobile Accessories_1197,2022-06-01,2144.7599906921387,2387.5049953460693,-242.74500465393066,-10.17,122,145
1012,Beverages_Juices_1012,2025-02-01,2631.17298412323,2928.8289709091187,-297.6559867858887,-10.16,223,253
1078,Electronics_Cables_1078,2025-07-01,23818.067297363283,26510.219482421875,-2692.1521850585923,-10.16,150,158
1121,Grocery_Rice_1121,2022-05-01,4283.874900817871,4768.052414894104,-484.1775140762329,-10.15,151,199
1058,Personal Care_Soap_1058,2024-10-01,3199.9699783325195,3560.5299758911133,-360.55999755859375,-10.13,71,79
1071,Grocery_Canned Goods_1071,2022-11-01,528.0584788918495,587.4299755096436,-59.37149661779404,-10.11,106,107
1027,Snacks_Chips_1027,2025-06-01,783.125022649765,871.2000274658203,-88.0750048160553,-10.11,136,144
1041,Snacks_Nuts_1041,2023-06-01,1570.8720268249508,1747.5200290679932,-176.64800224304236,-10.11,121,127
1096,Electronics_Mobile Accessories_1096,2023-04-01,11780.360893249512,13105.328002929688,-1324.9671096801758,-10.11,135,129
1090,Dairy_Cheese_1090,2021-08-01,5777.370002746583,6427.0829990386965,-649.7129962921135,-10.11,179,201
1002,Dairy_Cream_1002,2023-07-01,1627.4159362792973,1810.0639373779297,-182.64800109863245,-10.09,165,143
1166,Grocery_Spices_1166,2025-03-01,8166.008016204834,9079.431742095949,-913.4237258911144,-10.06,238,226
1192,Dairy_Milk_1192,2023-02-01,3037.0109712600724,3376.370971870423,-339.36000061035065,-10.05,171,192
1028,Household_Paper Products_1028,2022-11-01,3081.7239166259765,3425.9598999023438,-344.2359832763673,-10.05,83,82
1066,Household_Cleaning Supplies_1066,2022-08-01,7774.959839248657,8642.389824295045,-867.4299850463885,-10.04,175,196
1110,Grocery_Canned Goods_1110,2021-11-01,1672.7619905471802,1859.409984588623,-186.64799404144287,-10.04,98,101
1017,Household_Paper Products_1017,2021-08-01,6859.592952346803,7623.485945892333,-763.8929935455299,-10.02,179,198
1068,Electronics_Chargers_1068,2024-10-01,8558.099670410156,9508.999633789062,-950.8999633789062,-10.00,90,100
1048,Snacks_Biscuits_1048,2022-06-01,1622.7899866104126,1803.0399780273438,-180.24999141693115,-10.00,117,144
1123,Beverages_Water_1123,2023-05-01,1217.6799621582031,1353.0359848737717,-135.35602271556854,-10.00,124,172
1168,Snacks_Chips_1168,2025-10-01,1548.7200679779053,1720.8000755310059,-172.0800075531006,-10.00,81,90
1168,Snacks_Chips_1168,2021-10-01,1032.4800453186035,1147.200050354004,-114.72000503540039,-10.00,54,60
1186,Dairy_Yogurt_1186,2022-05-01,648.8550010919571,720.7649954557419,-71.90999436378479,-9.98,135,177
1159,Electronics_Batteries_1159,2024-03-01,30595.200778198243,33988.97227478028,-3393.771496582038,-9.98,199,220
1159,Electronics_Batteries_1159,2022-06-01,24931.200256347656,27691.440216064453,-2760.239959716797,-9.97,140,166
1191,Dairy_Butter_1191,2024-03-01,1352.3899717330933,1502.2139768600464,-149.82400512695312,-9.97,156,180
1167,Grocery_Rice_1167,2022-12-01,3837.126135635376,4262.030146408081,-424.9040107727051,-9.97,89,100
1172,Electronics_Chargers_1172,2022-05-01,15259.039581298828,16946.784439086914,-1687.744857788086,-9.96,138,194
1189,Electronics_Batteries_1189,2025-03-01,11035.269870758057,12255.58294754028,-1220.313076782224,-9.96,218,191
1113,Dairy_Cheese_1113,2023-09-01,2377.2600860595703,2640.180038452148,-262.91995239257767,-9.96,94,126
1151,Electronics_Cables_1151,2023-07-01,20667.079589843746,22950.919372558594,-2283.8397827148474,-9.95,170,168
1147,Snacks_Crackers_1147,2022-08-01,2919.7079921722407,3242.3379980087275,-322.6300058364868,-9.95,159,182
1048,Snacks_Biscuits_1048,2021-12-01,1197.2999950408935,1329.5879901885987,-132.28799514770526,-9.95,91,103
1003,Household_Cleaning Supplies_1003,2024-05-01,1416,1572.2400035858154,-156.24000358581543,-9.94,118,154
1023,Personal Care_Toothpaste_1023,2025-08-01,7859.918106460572,8726.00210914612,-866.0840026855485,-9.93,145,160
1071,Grocery_Canned Goods_1071,2024-02-01,879.1414856910706,976.0919952392578,-96.95050954818726,-9.93,187,221
1103,Dairy_Milk_1103,2024-12-01,3363.9089588165284,3734.092442893982,-370.1834840774536,-9.91,91,99
1063,Snacks_Chocolates_1063,2021-02-01,2961.102437257767,3286.5799350738516,-325.47749781608445,-9.90,220,247
1061,Personal Care_Skincare_1061,2021-11-01,4510.059951782227,5005.259971618652,-495.2000198364258,-9.89,94,93
1104,Grocery_Pasta_1104,2025-06-01,2416.920090675354,2682.2401065826416,-265.3200159072876,-9.89,121,127
1108,Dairy_Butter_1108,2023-06-01,4429.007965087891,4914.999961853027,-485.9919967651367,-9.89,113,125
1120,Grocery_Cereals_1120,2025-07-01,6309.179849624633,7000.829818725586,-691.6499691009531,-9.88,152,156
1138,Household_Cleaning Supplies_1138,2024-06-01,5588.839892578125,6201.519836425781,-612.6799438476564,-9.88,133,134
1192,Dairy_Milk_1192,2025-10-01,1603.809949874878,1779.5699443817139,-175.75999450683594,-9.88,73,81
1097,Snacks_Crackers_1097,2025-06-01,296.4299895763397,328.859986782074,-32.42999720573425,-9.86,121,126
1018,Personal Care_Deodorant_1018,2021-12-01,6380.927993774414,7078.658988952637,-697.7309951782227,-9.86,120,137
1020,Beverages_Juices_1020,2023-11-01,502.8714999437332,557.7600021362305,-54.88850219249724,-9.84,58,56
1043,Electronics_Batteries_1043,2022-11-01,1522.234042930603,1688.4000549316406,-166.16601200103764,-9.84,73,72
1071,Grocery_Canned Goods_1071,2022-06-01,576.4499759674072,639.2999746799469,-62.84999871253967,-9.83,105,130
1006,Beverages_Coffee_1006,2024-06-01,1172.6279893875123,1299.8599882125854,-127.2319988250731,-9.79,97,103
1139,Dairy_Cream_1139,2022-10-01,1884.9299240112305,2089.3199157714844,-204.3899917602539,-9.78,83,92
1191,Dairy_Butter_1191,2024-06-01,1062.9629599094392,1178.0999546051025,-115.13699469566336,-9.77,114,119
1196,Grocery_Pasta_1196,2021-10-01,2215.5600395202637,2455.0800437927246,-239.52000427246094,-9.76,74,82
1112,Household_Paper Products_1112,2021-10-01,768.1200084686279,851.1600093841553,-83.04000091552734,-9.76,74,82
1111,Snacks_Nuts_1111,2022-05-01,1415.355043888092,1568.4300384521484,-153.0749945640564,-9.76,121,159
1125,Personal Care_Toothpaste_1125,2023-06-01,3164.1619243621826,3506.099910736084,-341.93798637390137,-9.75,122,130
1033,Household_Paper Products_1033,2024-02-01,5628.895334243774,6236.3508224487305,-607.455488204956,-9.74,201,225
1126,Beverages_Soft Drinks_1126,2022-06-01,3058.300090789795,3387.562600135803,-329.2625093460083,-9.72,119,134
1107,Electronics_Mobile Accessories_1107,2021-10-01,10450.050277709961,11575.440307617188,-1125.3900299072266,-9.72,65,72
1140,Personal Care_Shampoo_1140,2024-06-01,3528.029858970642,3907.649833679199,-379.61997470855704,-9.71,103,109
1061,Personal Care_Skincare_1061,2025-08-01,9934.30782699585,11003.183815002441,-1068.8759880065918,-9.71,207,228
1179,Household_Cleaning Supplies_1179,2024-10-01,2682.120014190674,2970.5200157165527,-288.4000015258789,-9.71,93,103
1183,Electronics_Batteries_1183,2022-06-01,15653.429214477539,17334.134147644043,-1680.704933166504,-9.70,117,137
1072,Electronics_Chargers_1072,2024-02-01,46759.61581878661,51780.298166656496,-5020.682347869886,-9.70,229,267
1114,Electronics_Batteries_1114,2024-05-01,21643.639739990234,23966.679815673826,-2323.0400756835916,-9.69,142,175
1026,Snacks_Biscuits_1026,2023-02-01,1009.1120084762573,1117.2099933624268,-108.09798488616946,-9.68,221,228
1010,Grocery_Rice_1010,2023-10-01,1380.1200256347656,1527.9900283813477,-147.87000274658203,-9.68,84,93
1196,Grocery_Pasta_1196,2024-11-01,2326.036038208008,2574.840045928955,-248.80400772094708,-9.66,80,86
1177,Snacks_Chips_1177,2024-11-01,251.45499271154404,278.31999158859253,-26.864998877048492,-9.65,92,98
1034,Household_Cleaning Supplies_1034,2024-11-01,4420.728599357605,4892.600116729736,-471.87151737213117,-9.64,82,85
1057,Beverages_Tea_1057,2021-02-01,5317.409998893738,5884.854992389679,-567.4449934959412,-9.64,239,267
1002,Dairy_Cream_1002,2022-02-01,2536.8799715042114,2807.22497010231,-270.34499859809875,-9.63,246,274
1108,Dairy_Butter_1108,2022-05-01,3826.327470302582,4234.272467136383,-407.94499683380127,-9.63,110,144
1198,Dairy_Cheese_1198,2025-08-01,3626.1899642944345,4011.495957946778,-385.30599365234366,-9.61,158,178
1080,Snacks_Chips_1080,2024-04-01,2570.324987411499,2843.306991958618,-272.9820045471188,-9.60,133,145
1137,Snacks_Nuts_1137,2025-10-01,443.5199861526489,490.5599846839905,-47.03999853134155,-9.59,66,73
1144,Household_Detergent_1144,2024-04-01,1761.7959966659546,1948.3714996814729,-186.57550301551828,-9.58,142,160
1107,Electronics_Mobile Accessories_1107,2024-07-01,19895.085433959957,22002.99256439209,-2107.9071304321333,-9.58,138,144
1195,Snacks_Chocolates_1195,2022-06-01,2405.8000087738037,2660.7625057697296,-254.9624969959259,-9.58,115,132
1184,Snacks_Chocolates_1184,2023-10-01,1904.8499870300293,2106.5399856567383,-201.68999862670898,-9.57,85,94
1094,Grocery_Rice_1094,2022-12-01,2276.2099979400637,2517.1599991321564,-240.9500011920927,-9.57,98,110
1175,Household_Trash Bags_1175,2022-11-01,5033.3050174713135,5565.120014190674,-531.8149967193604,-9.56,87,93
1099,Personal Care_Toothpaste_1099,2022-11-01,4418.220023727417,4884.320014953613,-466.0999912261959,-9.54,95,98
1071,Grocery_Canned Goods_1071,2025-02-01,1001.7784819602966,1107.4344840049744,-105.65600204467773,-9.54,211,238
1061,Personal Care_Skincare_1061,2023-07-01,6768.672070312498,7480.979957580566,-712.307887268068,-9.52,156,139
1044,Snacks_Biscuits_1044,2022-02-01,3162.030080795288,3494.320093154907,-332.29001235961914,-9.51,202,219
1031,Snacks_Chips_1031,2024-02-01,3141.8870157241827,3472.1639831542966,-330.2769674301139,-9.51,236,274
1106,Snacks_Chocolates_1106,2021-08-01,1673.5499479293824,1849.394945573807,-175.84499764442467,-9.51,167,182
1126,Beverages_Soft Drinks_1126,2021-11-01,2093.2650594711304,2313.000068664551,-219.7350091934204,-9.50,84,90
1010,Grocery_Rice_1010,2022-02-01,3030.0099925994873,3347.2599868774414,-317.2499942779541,-9.48,254,286
1080,Snacks_Chips_1080,2024-08-01,3431.173061180115,3789.4430673599236,-358.27000617980866,-9.45,173,191
1086,Grocery_Rice_1086,2021-06-01,2093.340058326721,2311.7450573444366,-218.40499901771545,-9.45,139,183
1141,Beverages_Coffee_1141,2022-08-01,1186.1799788475037,1309.8449792861938,-123.66500043869019,-9.44,156,178
1153,Electronics_Batteries_1153,2022-11-01,12225.986096191406,13500.480102539062,-1274.494006347657,-9.44,83,84
1075,Snacks_Crackers_1075,2024-03-01,1909.671965456009,2108.733959150314,-199.0619936943051,-9.44,167,188
1067,Grocery_Cereals_1067,2023-11-01,4175.029983520508,4610.009971618652,-434.97998809814453,-9.44,90,93
1178,Beverages_Soft Drinks_1178,2025-03-01,4175.8360771179205,4610.710095214844,-434.87401809692346,-9.43,255,227
1176,Snacks_Chocolates_1176,2023-08-01,1083.9819965362549,1196.7559967041016,-112.77400016784668,-9.42,198,221
1056,Snacks_Nuts_1056,2022-11-01,530.8160026550294,586.0400018692017,-55.223999214172295,-9.42,98,98
1179,Household_Cleaning Supplies_1179,2024-04-01,3729.68602104187,4116.445527935029,-386.7595068931587,-9.40,147,163
1187,Personal Care_Skincare_1187,2025-10-01,4138.299911499023,4566.39990234375,-428.09999084472656,-9.38,58,64
1127,Grocery_Rice_1127,2022-10-01,1777.410026550293,1961.280029296875,-183.87000274658203,-9.38,87,96
1128,Grocery_Spices_1128,2025-08-01,4056.227998924255,4475.820005416869,-419.592006492614,-9.37,168,195
1138,Household_Cleaning Supplies_1138,2023-05-01,5090.799865722656,5616.303936767577,-525.5040710449211,-9.36,110,155
1043,Electronics_Batteries_1043,2022-02-01,3472.232584953308,3829.912585258484,-357.6800003051758,-9.34,187,218
1001,Electronics_Chargers_1001,2021-12-01,15501.559753417969,17097.769775390625,-1596.2100219726562,-9.34,96,109
1165,Personal Care_Skincare_1165,2024-04-01,2655.8089100360867,2929.529915142059,-273.7210051059724,-9.34,172,201
1008,Personal Care_Shampoo_1008,2024-06-01,4821.135872650148,5316.739833831787,-495.60396118163953,-9.32,124,121
1080,Snacks_Chips_1080,2023-07-01,2920.0899444580077,3220.0199859619142,-299.9300415039065,-9.31,164,153
1113,Dairy_Cheese_1113,2021-11-01,1995.3600730895998,2200.230079650879,-204.87000656127907,-9.31,84,87
1151,Electronics_Cables_1151,2023-10-01,11132.939666748047,12274.77963256836,-1141.8399658203125,-9.30,78,86
1187,Personal Care_Skincare_1187,2024-10-01,5565.299880981445,6136.099868774414,-570.7999877929688,-9.30,78,86
1140,Personal Care_Shampoo_1140,2025-02-01,6177.1373019218445,6808.534777641296,-631.3974757194519,-9.27,207,226
1193,Beverages_Tea_1193,2022-06-01,1664.3999862670898,1834.269980430603,-169.86999416351318,-9.26,120,141
1182,Beverages_Tea_1182,2022-02-01,2432.0100889205933,2680.1801013946533,-248.17001247406006,-9.26,222,262
1073,Electronics_Chargers_1073,2023-08-01,14122.70004730225,15562.479968261721,-1439.7799209594705,-9.25,149,157
1069,Grocery_Spices_1069,2021-08-01,5646.569064331056,6221.315089702605,-574.746025371549,-9.24,167,191
1160,Snacks_Nuts_1160,2021-04-01,521.6399853229523,574.739984035492,-53.09999871253967,-9.24,108,93
1114,Electronics_Batteries_1114,2025-03-01,23376.339013671874,25755.853601074214,-2379.51458740234,-9.24,211,202
1180,Grocery_Spices_1180,2024-09-01,957.5999565124512,1055.1239729404451,-97.52401642799396,-9.24,114,141
1152,Personal Care_Toothpaste_1152,2024-11-01,4406.355893707276,4854.599876403809,-448.24398269653284,-9.23,84,90
1075,Snacks_Crackers_1075,2024-05-01,1791.579984664917,1973.563973283768,-181.98398861885107,-9.22,134,166
1078,Electronics_Cables_1078,2023-11-01,15337.664659500122,16894.619598388672,-1556.9549388885498,-9.22,94,94
1125,Personal Care_Toothpaste_1125,2024-02-01,5836.583939456938,6428.531940650938,-591.9480011939995,-9.21,260,290
1093,Snacks_Chips_1093,2024-10-01,630.4200015068054,694.2600016593933,-63.84000015258789,-9.20,79,87
1186,Dairy_Yogurt_1186,2021-08-01,754.6919904708863,831.1739842414855,-76.48199377059927,-9.20,155,178
1173,Electronics_Batteries_1173,2024-05-01,16685.160186767578,18373.607968902586,-1688.4477821350083,-9.19,102,124
1060,Household_Detergent_1060,2025-06-01,4637.579978942871,5105.6999588012695,-468.11997985839844,-9.17,134,135
1014,Dairy_Butter_1014,2024-02-01,1346.9309793472287,1482.9029748916623,-135.97199554443364,-9.17,200,229
1107,Electronics_Mobile Accessories_1107,2024-02-01,33329.15235137941,36689.826960754406,-3360.674609374997,-9.16,242,279
1041,Snacks_Nuts_1041,2024-04-01,1708.890020275116,1881.0100096702574,-172.11998939514137,-9.15,135,155
1117,Snacks_Crackers_1117,2022-02-01,1556.1199703216553,1712.6599626541138,-156.5399923324585,-9.14,216,230
1124,Dairy_Cheese_1124,2023-11-01,2231.887577915192,2456.4800872802734,-224.59250936508124,-9.14,102,104
1190,Dairy_Milk_1190,2025-06-01,2669.3000268936157,2937.700033187866,-268.4000062942505,-9.14,137,145
1017,Household_Paper Products_1017,2025-08-01,6130.229953765869,6746.324953079224,-616.0949993133545,-9.13,157,176
1145,Household_Trash Bags_1145,2022-07-01,1343.949033355713,1478.3400049209595,-134.39097156524645,-9.09,134,129
1164,Electronics_Cables_1164,2022-10-01,11774.400329589844,12951.840362548828,-1177.4400329589844,-9.09,60,66
1098,Electronics_Mobile Accessories_1098,2021-10-01,8282.39990234375,9110.639892578125,-828.239990234375,-9.09,80,88
1190,Dairy_Milk_1190,2025-03-01,2758.076039886474,3033.8929526329034,-275.81691274642935,-9.09,180,180
1107,Electronics_Mobile Accessories_1107,2022-08-01,22914.243466186526,25202.949568176267,-2288.706101989741,-9.08,164,176
1180,Grocery_Spices_1180,2024-12-01,906.2759594917297,996.638956785202,-90.36299729347229,-9.07,109,125
1195,Snacks_Chocolates_1195,2024-05-01,2343.040008544922,2576.2260175704955,-233.18600902557364,-9.05,112,139
1123,Beverages_Water_1123,2024-04-01,1155.5239810943604,1270.5600128173828,-115.03603172302246,-9.05,129,156
1053,Snacks_Crackers_1053,2025-03-01,1781.3249292373653,1958.629929924011,-177.30500068664583,-9.05,232,202
1106,Snacks_Chocolates_1106,2024-06-01,1426.3699672222135,1567.9199628829956,-141.5499956607821,-9.03,129,139
1089,Electronics_Mobile Accessories_1089,2024-03-01,10234.774779319763,11250.673897552491,-1015.8991182327281,-9.03,176,205
1157,Household_Cleaning Supplies_1157,2023-06-01,1584.1300119400025,1740.9700136184692,-156.8400016784667,-9.01,109,119
1189,Electronics_Batteries_1189,2023-06-01,8160.87177734375,8968.849754333496,-807.9779769897459,-9.01,105,115
1017,Household_Paper Products_1017,2021-11-01,2478.363980293274,2723.4899711608887,-245.12599086761475,-9.00,66,63
1010,Grocery_Rice_1010,2025-03-01,2291.4200271606446,2517.6105475902555,-226.19052042961084,-8.98,192,189
1174,Electronics_Mobile Accessories_1174,2021-06-01,32514.75082397461,35723.59656448364,-3208.8457405090303,-8.98,135,180
1044,Snacks_Biscuits_1044,2024-05-01,2048.2600860595703,2249.7460792541506,-201.48599319458026,-8.96,94,119
1158,Snacks_Crackers_1158,2025-03-01,953.2670136451721,1047.0999853610992,-93.8329717159271,-8.96,202,169
1081,Snacks_Nuts_1081,2024-03-01,1881.4300632476807,2066.4825665950775,-185.05250334739685,-8.95,217,244
1200,Beverages_Juices_1200,2021-12-01,735.5099773406982,807.68797454834,-72.17799720764174,-8.94,100,116
1188,Grocery_Spices_1188,2024-04-01,2435.7739223480226,2674.507912063598,-238.73398971557526,-8.93,141,149
1107,Electronics_Mobile Accessories_1107,2022-11-01,13762.710333251953,15112.380401611328,-1349.6700683593754,-8.93,96,94
1093,Snacks_Chips_1093,2023-10-01,734.1600017547607,805.9800019264221,-71.82000017166138,-8.91,92,101
1052,Snacks_Crackers_1052,2023-12-01,1273.2780235290527,1397.8140253067015,-124.53600177764883,-8.91,78,89
1059,Electronics_Cables_1059,2025-10-01,1740.859962463379,1910.6999588012695,-169.83999633789062,-8.89,82,90
1091,Dairy_Butter_1091,2025-07-01,1127.4939752578737,1237.3199690580368,-109.82599380016313,-8.88,140,149
1088,Household_Cleaning Supplies_1088,2021-12-01,1896.7839866638183,2081.4909897804264,-184.70700311660812,-8.87,90,105
1075,Snacks_Crackers_1075,2022-06-01,1631.139986038208,1789.9349827766418,-158.79499673843384,-8.87,122,140
1084,Household_Paper Products_1084,2025-10-01,3448.0799560546875,3783.3099517822266,-335.22999572753906,-8.86,72,79
1133,Electronics_Mobile Accessories_1133,2024-10-01,2437.1998901367188,2674.1498794555664,-236.94998931884766,-8.86,72,79
1141,Beverages_Coffee_1141,2022-12-01,742.7899839878082,814.9699802398682,-72.17999625205994,-8.86,90,108
1174,Electronics_Mobile Accessories_1174,2021-10-01,17341.200439453125,19027.150482177734,-1685.9500427246094,-8.86,72,79
1150,Electronics_Batteries_1150,2025-07-01,14966.487062072756,16417.7774143219,-1451.2903522491433,-8.84,124,129
1074,Personal Care_Skincare_1074,2025-08-01,8049.000119018553,8829.959999084473,-780.9598800659196,-8.84,152,158
1058,Personal Care_Soap_1058,2021-02-01,7703.645128250123,8449.778120422363,-746.1329921722399,-8.83,207,223
1158,Snacks_Crackers_1158,2024-04-01,933.6379946231843,1024.0709858179096,-90.43299119472522,-8.83,144,165
1138,Household_Cleaning Supplies_1138,2021-08-01,6483.630088806154,7111.302572250368,-627.6724834442139,-8.83,161,175
1125,Personal Care_Toothpaste_1125,2021-12-01,2273.0379428863525,2492.841934776306,-219.80399188995352,-8.82,85,96
1112,Household_Paper Products_1112,2023-11-01,814.0275089263916,892.680009841919,-78.6525009155273,-8.81,79,86
1017,Household_Paper Products_1017,2024-05-01,4712.06995010376,5167.119475555421,-455.0495254516609,-8.81,109,136
1038,Electronics_Cables_1038,2022-11-01,9144.922386169434,10027.279876708984,-882.3574905395508,-8.80,95,101
1034,Household_Cleaning Supplies_1034,2023-05-01,7655.480182647705,8393.77509689331,-738.2949142456055,-8.80,133,170
1176,Snacks_Chocolates_1176,2023-11-01,479.6399953365326,525.9099941253662,-46.26999878883362,-8.80,76,77
1184,Snacks_Chocolates_1184,2022-03-01,2330.6399841308594,2554.9799423217773,-224.33995819091797,-8.78,104,170
1188,Grocery_Spices_1188,2023-05-01,2629.0198917388916,2882.099880027771,-253.07998828887958,-8.78,129,169
1097,Snacks_Crackers_1097,2023-09-01,287.09998846054077,314.7059872150421,-27.605998754501343,-8.77,110,154
1038,Electronics_Cables_1038,2021-02-01,19424.106308746334,21289.65230178833,-1865.5459930419966,-8.76,232,263
1023,Personal Care_Toothpaste_1023,2024-02-01,9206.310052871704,10088.725071907043,-882.4150190353394,-8.75,183,205
1168,Snacks_Chips_1168,2023-08-01,1700.4000446319585,1863.2800544738766,-162.88000984191808,-8.74,117,123
1134,Household_Paper Products_1134,2025-02-01,2754.642015266419,3017.4120138168337,-262.7699985504146,-8.71,233,252
1143,Dairy_Cheese_1143,2025-10-01,1445.6399230957031,1583.3199157714844,-137.67999267578125,-8.70,84,92
1088,Household_Cleaning Supplies_1088,2021-08-01,3294.632082366943,3607.5560886383046,-312.9240062713616,-8.67,177,197
1149,Electronics_Chargers_1149,2023-05-01,13568.980239868164,14855.888191604614,-1286.9079517364498,-8.66,131,181
1172,Electronics_Chargers_1172,2023-11-01,9119.09775390625,9983.599731445312,-864.5019775390629,-8.66,85,88
1186,Dairy_Yogurt_1186,2024-10-01,518.7000036239624,567.8400039672852,-49.140000343322754,-8.65,95,104
1139,Dairy_Cream_1139,2022-05-01,3129.6524119377136,3426.105008125305,-296.45259618759155,-8.65,154,213
1009,Electronics_Batteries_1009,2023-06-01,9222.329727172852,10095.449661254883,-873.1199340820312,-8.65,105,111
1036,Electronics_Mobile Accessories_1036,2024-05-01,11185.0004196167,12242.373335266115,-1057.3729156494155,-8.64,125,154
1031,Snacks_Chips_1031,2024-09-01,1527.0000457763672,1671.2760120391845,-144.2759662628173,-8.63,100,122
1192,Dairy_Milk_1192,2023-11-01,1807.0779469013214,1977.2999382019043,-170.22199130058289,-8.61,99,90
1084,Household_Paper Products_1084,2025-02-01,7249.208869171143,7930.7668510437015,-681.5579818725582,-8.59,183,205
1042,Grocery_Canned Goods_1042,2024-05-01,5118.600173950195,5597.172112846374,-478.57193889617884,-8.55,114,140
1081,Snacks_Nuts_1081,2024-02-01,2066.4825665950775,2259.375069141388,-192.89250254631042,-8.54,244,274
1127,Grocery_Rice_1127,2024-10-01,1532.2500228881836,1675.260025024414,-143.01000213623047,-8.54,75,82
1023,Personal Care_Toothpaste_1023,2022-05-01,7039.959957122803,7694.179885864258,-654.2199287414551,-8.50,121,179
1091,Dairy_Butter_1091,2021-04-01,895.9999799728394,978.8799743652344,-82.87999439239502,-8.47,120,112
1117,Snacks_Crackers_1117,2022-08-01,1525.8049502372742,1667.064948797226,-141.25999855995178,-8.47,170,190
1193,Beverages_Tea_1193,2023-02-01,2248.925986671447,2456.9759849548336,-208.04999828338669,-8.47,191,206
1186,Dairy_Yogurt_1186,2021-11-01,449.8340024232864,491.40000343322754,-41.56600100994115,-8.46,88,90
1042,Grocery_Canned Goods_1042,2024-04-01,5597.172112846374,6114.352137565613,-517.1800247192386,-8.46,140,152
1047,Household_Detergent_1047,2022-08-01,5190.88005065918,5670.900042057037,-480.01999139785767,-8.46,158,178
1011,Personal Care_Shampoo_1011,2022-02-01,3048.120032787323,3329.4600517749786,-281.34001898765564,-8.45,210,219
1112,Household_Paper Products_1112,2024-03-01,1408.247986793518,1538.0069789886475,-129.7589921951294,-8.44,159,179
1161,Electronics_Batteries_1161,2021-08-01,14037.633119201662,15332.368218994143,-1294.7350997924805,-8.44,197,212
1136,Personal Care_Shampoo_1136,2024-07-01,7831.589916229247,8552.710131072998,-721.1202148437505,-8.43,147,149
1105,Beverages_Water_1105,2021-02-01,2991.656011581421,3267.116042137146,-275.4600305557251,-8.43,215,227
1116,Personal Care_Skincare_1116,2024-10-01,5937.120208740234,6483.960227966309,-546.8400192260742,-8.43,76,83
1031,Snacks_Chips_1031,2024-12-01,1361.589038658142,1487.0160446166992,-125.42700595855717,-8.43,90,102
1061,Personal Care_Skincare_1061,2024-10-01,4090.3199768066406,4467.05997467041,-376.73999786376953,-8.43,76,83
1030,Dairy_Cream_1030,2022-05-01,2655.820110321045,2899.637620449066,-243.81751012802124,-8.41,124,181
1089,Electronics_Mobile Accessories_1089,2021-11-01,4772.755797195435,5210.049758911133,-437.29396171569806,-8.39,79,79
1100,Electronics_Mobile Accessories_1100,2023-03-01,2331.6658950805663,2544.917896842956,-213.25200176238968,-8.38,141,165
1108,Dairy_Butter_1108,2025-08-01,4482.2289413452145,4892.341937255859,-410.1129959106447,-8.38,129,140
1019,Electronics_Cables_1019,2024-08-01,34886.60087127685,38077.11882476807,-3190.5179534912168,-8.38,185,205
1074,Personal Care_Skincare_1074,2024-05-01,7081.70979309082,7729.147844696045,-647.4380516052242,-8.38,113,138
1168,Snacks_Chips_1168,2025-08-01,2951.9219821929937,3221.531978988648,-269.6099967956543,-8.37,173,189
1058,Personal Care_Soap_1058,2025-04-01,3554.229970550537,3877.8899368286143,-323.65996627807726,-8.35,86,135
1163,Household_Paper Products_1163,2025-06-01,5208.8399448394775,5683.2799072265625,-474.43996238708496,-8.35,152,152
1135,Household_Trash Bags_1135,2021-08-01,7718.291926956177,8420.521543693543,-702.2296167373661,-8.34,177,185
1018,Personal Care_Deodorant_1018,2025-10-01,4854.079986572266,5295.3599853515625,-441.2799987792969,-8.33,88,96
1154,Household_Cleaning Supplies_1154,2023-05-01,2033.9200439453125,2218.2440327644345,-184.32398881912195,-8.31,128,169
1006,Beverages_Coffee_1006,2025-06-01,1377.0899891853333,1501.7799863815308,-124.68999719619751,-8.30,117,119
1078,Electronics_Cables_1078,2024-08-01,31334.435086059577,34166.96902465821,-2832.5339385986335,-8.29,196,211
1140,Personal Care_Shampoo_1140,2023-02-01,5842.349303722382,6370.430800437927,-528.0814967155457,-8.29,191,216
1114,Electronics_Batteries_1114,2025-08-01,20677.45131225586,22543.079269409183,-1865.6279571533232,-8.28,152,165
1012,Beverages_Juices_1012,2022-02-01,2689.980043411255,2932.6050295829773,-242.6249861717224,-8.27,238,288
1018,Personal Care_Deodorant_1018,2022-10-01,5515.999984741211,6012.43998336792,-496.439998626709,-8.26,100,109
1030,Dairy_Cream_1030,2021-07-01,2527.4675536155696,2755.000114440918,-227.53256082534836,-8.26,133,125
1144,Household_Detergent_1144,2024-10-01,1446.0000038146973,1576.14000415802,-130.14000034332275,-8.26,100,109
1110,Grocery_Canned Goods_1110,2025-02-01,3242.0324446678164,3533.734935188294,-291.70249052047757,-8.25,213,238
1043,Electronics_Batteries_1043,2021-02-01,4548.677602767944,4957.9166049957275,-409.2390022277832,-8.25,237,265
1094,Grocery_Rice_1094,2024-06-01,2889.56000213623,3149,-259.4399978637698,-8.24,125,134
1194,Dairy_Butter_1194,2021-02-01,1543.7069664955143,1682.2394703388213,-138.53250384330704,-8.24,193,206
1108,Dairy_Butter_1108,2024-10-01,2634.4399795532227,2870.359977722168,-235.9199981689453,-8.22,67,73
1146,Snacks_Chocolates_1146,2022-08-01,3358.5020910263065,3658.965100049971,-300.46300902366465,-8.21,187,207
1078,Electronics_Cables_1078,2022-12-01,16655.597593688966,18145.07057991028,-1489.4729862213135,-8.21,94,105
1023,Personal Care_Toothpaste_1023,2024-08-01,10264.802154159546,11183.202167129515,-918.4000129699689,-8.21,191,208
1029,Grocery_Canned Goods_1029,2024-11-01,2612.7294600486757,2845.799961090088,-233.07050104141217,-8.19,100,102
1065,Electronics_Chargers_1065,2021-08-01,30341.63044128417,33043.297943115234,-2701.6675018310634,-8.18,190,207
1170,Dairy_Yogurt_1170,2021-11-01,1838.4029392242433,2002.1999282836914,-163.79698905944815,-8.18,96,94
1172,Electronics_Chargers_1172,2021-02-01,22946.10771789551,24988.20766296388,-2042.0999450683703,-8.17,240,258
1148,Household_Cleaning Supplies_1148,2024-10-01,4824.900054931641,5253.780059814453,-428.8800048828125,-8.16,90,98
1086,Grocery_Rice_1086,2025-02-01,2729.6600568771364,2972.340061664581,-242.68000478744443,-8.16,219,239
1091,Dairy_Butter_1091,2023-11-01,826.8359780788422,900.2199764251709,-73.38399834632867,-8.15,105,103
1062,Personal Care_Deodorant_1062,2025-08-01,4822.966045951845,5251.02405014038,-428.05800418853414,-8.15,186,202
1041,Snacks_Nuts_1041,2023-10-01,1087.040018081665,1183.360019683838,-96.32000160217285,-8.14,79,86
1132,Dairy_Butter_1132,2025-10-01,2747.619903564453,2991.0798950195312,-243.45999145507812,-8.14,79,86
1162,Dairy_Yogurt_1162,2024-04-01,3037.6500052452084,3306.335998916625,-268.6859936714168,-8.13,134,143
1162,Dairy_Yogurt_1162,2022-08-01,3965.015993690491,4315.937990951539,-350.9219972610481,-8.13,169,186
1044,Snacks_Biscuits_1044,2024-02-01,4120.156136894226,4484.710142135621,-364.5540052413953,-8.13,226,253
1054,Snacks_Chips_1054,2021-05-01,1379.4239665985106,1501.559974193573,-122.13600759506244,-8.13,167,196
1147,Snacks_Crackers_1147,2021-11-01,2019.8839824676513,2198.4399757385254,-178.55599327087407,-8.12,103,106
1142,Electronics_Mobile Accessories_1142,2023-04-01,2077.022040557861,2260.2240480422975,-183.2020074844363,-8.11,163,160
1092,Household_Detergent_1092,2022-11-01,2253.9860397338866,2452.5300464630127,-198.54400672912607,-8.10,84,87
1047,Household_Detergent_1047,2025-03-01,5668.04411468506,6167.731105995178,-499.6869913101182,-8.10,210,208
1178,Beverages_Soft Drinks_1178,2023-03-01,2747.2600231170654,2989.2975602149963,-242.0375370979309,-8.10,136,154
1198,Dairy_Cheese_1198,2023-11-01,1833.375991821289,1995.0699882507324,-161.69399642944336,-8.10,80,77
1169,Beverages_Soft Drinks_1169,2024-06-01,772.4220207214355,840.4200210571289,-67.9980003356934,-8.09,135,138
1105,Beverages_Water_1105,2021-05-01,1991.9600620269775,2167.2750627994537,-175.3150007724762,-8.09,145,160
1112,Household_Paper Products_1112,2024-08-01,1511.9280223846436,1644.3180227279663,-132.39000034332275,-8.05,170,178
1002,Dairy_Cream_1002,2021-06-01,1826.0899391174316,1985.992958211899,-159.90301909446725,-8.05,133,181
1081,Snacks_Nuts_1081,2022-06-01,1036.18004322052,1126.6600427627563,-90.47999954223633,-8.03,103,119
1083,Dairy_Cheese_1083,2022-02-01,2166.1474933624268,2355.262493133545,-189.11499977111816,-8.03,216,234
1121,Grocery_Rice_1121,2022-12-01,3306.571926879883,3594.7679039001464,-288.1959770202634,-8.02,106,122
1138,Household_Cleaning Supplies_1138,2024-04-01,5823.522895240783,6331.501932144165,-507.9790369033817,-8.02,140,164
1101,Snacks_Crackers_1101,2024-04-01,2849.7140193939213,3097.3730239868164,-247.65900459289514,-8.00,127,144
1188,Grocery_Spices_1188,2023-06-01,2418.659899520874,2629.0198917388916,-210.3599922180174,-8.00,123,129
1157,Household_Cleaning Supplies_1157,2024-05-01,1682.4500131607056,1828.3359971046448,-145.8859839439392,-7.98,115,138
1150,Electronics_Batteries_1150,2025-10-01,10784.339950561523,11716.319946289062,-931.9799957275391,-7.95,81,88
1066,Household_Cleaning Supplies_1066,2025-08-01,7547.919852066043,8199.559832763673,-651.6399806976297,-7.95,175,186
1178,Beverages_Soft Drinks_1178,2024-02-01,4526.9875927925095,4918.052601146696,-391.06500835418683,-7.95,226,244
1052,Snacks_Crackers_1052,2021-05-01,2768.8545491218565,3007.612555027008,-238.75800590515155,-7.94,202,228
1173,Electronics_Batteries_1173,2021-12-01,12556.372134399415,13637.701160430908,-1081.3290260314934,-7.93,80,90
1011,Personal Care_Shampoo_1011,2022-06-01,2057.3700847625732,2234.340090036392,-176.97000527381897,-7.92,101,111
1004,Beverages_Juices_1004,2024-02-01,4672.96001663208,5074.415023136138,-401.4550065040585,-7.91,226,248
1009,Electronics_Batteries_1009,2022-08-01,13959.491857910152,15157.106344985956,-1197.6144870758035,-7.90,174,190
1061,Personal Care_Skincare_1061,2021-06-01,8449.739952087402,9174.48402557373,-724.7440734863285,-7.90,157,212
1164,Electronics_Cables_1164,2023-06-01,21327.344607543946,23156.32064819336,-1828.9760406494133,-7.90,113,118
1110,Grocery_Canned Goods_1110,2025-10-01,1288.6999893188477,1399.1599884033203,-110.45999908447266,-7.89,70,76
1199,Electronics_Cables_1199,2022-02-01,36049.81480026245,39139.019760131836,-3089.2049598693848,-7.89,201,228
1067,Grocery_Cereals_1067,2024-02-01,9088.967072677611,9866.041122055052,-777.074049377441,-7.88,215,244
1153,Electronics_Batteries_1153,2024-08-01,22120.114370727537,24008.529547119146,-1888.4151763916088,-7.87,161,168
1058,Personal Care_Soap_1058,2021-08-01,7043.696113967893,7644.892130661011,-601.1960166931176,-7.86,177,193
1076,Snacks_Chocolates_1076,2024-03-01,2957.457980537414,3209.4639579772956,-252.00597743988146,-7.85,148,172
1026,Snacks_Biscuits_1026,2024-02-01,982.9859935760496,1066.7560054779053,-83.7700119018557,-7.85,200,230
1163,Household_Paper Products_1163,2024-02-01,6760.1739900589,7335.847012424471,-575.6730223655713,-7.85,208,232
1119,Grocery_Pasta_1119,2024-08-01,5130.315896606445,5566.7358871459965,-436.4199905395517,-7.84,162,176
1036,Electronics_Mobile Accessories_1036,2022-06-01,9932.280372619629,10776.747859954834,-844.4674873352051,-7.84,111,134
1178,Beverages_Soft Drinks_1178,2021-05-01,2837.9699993133545,3079.500011444092,-241.5300121307373,-7.84,148,154
1067,Grocery_Cereals_1067,2024-10-01,2924.629981994629,3172.47998046875,-247.8499984741211,-7.81,59,64
1164,Electronics_Cables_1164,2024-04-01,26809.652715301512,29081.900661468506,-2272.2479461669936,-7.81,155,179
1140,Personal Care_Shampoo_1140,2021-04-01,3603.0598754882812,3907.649833679199,-304.58995819091797,-7.79,132,109
1178,Beverages_Soft Drinks_1178,2021-12-01,2137.3600463867188,2317.4200496673584,-180.06000328063965,-7.77,90,107
1037,Electronics_Cables_1037,2023-11-01,12353.913950729371,13392.750549316406,-1038.836598587035,-7.76,79,75
1005,Household_Paper Products_1005,2022-11-01,1191.8250465393066,1292.10005569458,-100.27500915527344,-7.76,76,73
1014,Dairy_Butter_1014,2023-02-01,1635.7499713897705,1773.3059688568114,-137.55599746704092,-7.76,256,278
1086,Grocery_Rice_1086,2025-08-01,2064.990041732788,2238.5850443840027,-173.5950026512146,-7.75,155,169
1137,Snacks_Nuts_1137,2021-12-01,628.207981967926,680.8899782180787,-52.68199625015268,-7.74,96,110
1151,Electronics_Cables_1151,2022-03-01,14272.999572753906,15468.555015563965,-1195.5554428100586,-7.73,100,153
1108,Dairy_Butter_1108,2021-12-01,3803.103958129883,4121.471976470948,-318.3680183410652,-7.72,105,114
1159,Electronics_Batteries_1159,2023-05-01,21903.840225219727,23734.256521606447,-1830.4162963867202,-7.71,123,168
1108,Dairy_Butter_1108,2024-04-01,4605.721907043457,4989.805883789063,-384.0839767456064,-7.70,132,143
1100,Electronics_Mobile Accessories_1100,2022-10-01,1311.1199340820312,1420.3799285888672,-109.25999450683594,-7.69,72,78
1152,Personal Care_Toothpaste_1152,2021-10-01,3883.679901123047,4207.319892883301,-323.6399917602539,-7.69,72,78
1031,Snacks_Chips_1031,2023-02-01,2455.534003067017,2660.126986885071,-204.5929838180541,-7.69,188,210
1004,Beverages_Juices_1004,2023-07-01,2304.548027038574,2495.9119720458984,-191.36394500732422,-7.67,122,102
1007,Personal Care_Shampoo_1007,2023-11-01,5403.51016998291,5851.620185852051,-448.1100158691406,-7.66,89,87
1187,Personal Care_Skincare_1187,2021-04-01,6720.197339057922,7277.699844360352,-557.5025053024292,-7.66,113,102
1034,Household_Cleaning Supplies_1034,2024-04-01,7114.686632156371,7704.435646438597,-589.7490142822262,-7.65,136,148
1017,Household_Paper Products_1017,2022-12-01,4179.0629573822025,4523.914956951141,-344.8519995689385,-7.62,98,111
1172,Electronics_Chargers_1172,2023-08-01,17158.177963256836,18574.033950805664,-1415.8559875488281,-7.62,193,208
1064,Snacks_Biscuits_1064,2024-11-01,1502.8000259399414,1626.5600280761719,-123.76000213623047,-7.61,85,92
1069,Grocery_Spices_1069,2022-05-01,5608.4398856163025,6067.679868221283,-459.23998260498047,-7.57,160,214
1143,Dairy_Cheese_1143,2024-02-01,2978.982428789138,3222.8089180946354,-243.8264893054975,-7.57,205,220
1136,Personal Care_Shampoo_1136,2022-05-01,6541.510108947754,7076.700141906738,-535.1900329589844,-7.56,119,155
1197,Electronics_Mobile Accessories_1197,2021-08-01,2830.199966430664,3061.6889709472666,-231.48900451660256,-7.56,180,193
1176,Snacks_Chocolates_1176,2022-06-01,867.409990310669,938.1999878883362,-70.78999757766724,-7.55,127,154
1099,Personal Care_Toothpaste_1099,2022-10-01,4884.320014953613,5283.040016174316,-398.7200012207031,-7.55,98,106
1088,Household_Cleaning Supplies_1088,2022-11-01,1839.0849876403809,1989.0399856567383,-149.95499801635742,-7.54,95,94
1162,Dairy_Yogurt_1162,2023-08-01,3147.9360607147214,3404.5440093994134,-256.607948684692,-7.54,161,152
1081,Snacks_Nuts_1081,2023-08-01,1365.920044326782,1477.3800493240356,-111.46000499725346,-7.54,175,185
1140,Personal Care_Shampoo_1140,2025-03-01,5712.389875602722,6177.1373019218445,-464.7474263191225,-7.52,219,207
1182,Beverages_Tea_1182,2023-02-01,2649.06005191803,2864.0720573425288,-215.01200542449897,-7.51,225,242
1193,Beverages_Tea_1193,2024-06-01,1475.3609889030456,1595.0499868392944,-119.68899793624882,-7.50,113,115
1122,Dairy_Yogurt_1122,2024-11-01,2338.4000282287598,2528.000030517578,-189.60000228881836,-7.50,74,80
1118,Dairy_Milk_1118,2023-02-01,3863.35200881958,4176.783988952637,-313.43198013305664,-7.50,193,214
1011,Personal Care_Shampoo_1011,2023-08-01,2865.1600021362315,3097.4100002288824,-232.2499980926509,-7.50,177,192
1025,Household_Detergent_1025,2023-06-01,1043.3439487457276,1127.8399391174316,-84.49599037170401,-7.49,127,133
1143,Dairy_Cheese_1143,2021-08-01,2748.881913757324,2971.3734052658083,-222.49149150848416,-7.49,181,196
1102,Snacks_Biscuits_1102,2025-02-01,4485.037506580354,4847.484045410158,-362.446538829804,-7.48,254,265
1089,Electronics_Mobile Accessories_1089,2024-04-01,9471.022739219663,10234.774779319763,-763.7520401001002,-7.46,161,176
1039,Beverages_Soft Drinks_1039,2024-02-01,5818.910045623779,6288.30405883789,-469.3940132141106,-7.46,269,296
1006,Beverages_Coffee_1006,2021-02-01,2566.9749307632446,2773.9904193878174,-207.01548862457275,-7.46,245,270
1171,Personal Care_Toothpaste_1171,2021-12-01,3945.353842163086,4263.270830726623,-317.91698856353696,-7.46,99,112
1147,Snacks_Crackers_1147,2024-05-01,2156.959976196289,2330.7144640922547,-173.75448789596567,-7.45,104,122
1186,Dairy_Yogurt_1186,2022-06-01,600.600004196167,648.8550010919571,-48.2549968957901,-7.44,110,135
1142,Electronics_Mobile Accessories_1142,2021-08-01,2435.8640146255493,2631.312008857727,-195.44799423217773,-7.43,177,195
1074,Personal Care_Skincare_1074,2022-08-01,9632.75997848511,10406.37000045776,-773.6100219726504,-7.43,171,190
1044,Snacks_Biscuits_1044,2022-05-01,2936.180118560791,3171.6551008224487,-235.47498226165771,-7.42,140,181
1126,Beverages_Soft Drinks_1126,2024-03-01,3348.344069480896,3616.876061439514,-268.53199195861816,-7.42,150,171
1130,Snacks_Nuts_1130,2025-02-01,3078.4310396194455,3324.931527805328,-246.50048818588266,-7.41,222,248
1134,Household_Paper Products_1134,2024-10-01,1037.249994277954,1120.2299938201904,-82.97999954223633,-7.41,75,81
1137,Snacks_Nuts_1137,2022-06-01,719.0399775505066,776.579977273941,-57.53999972343445,-7.41,107,123
1148,Household_Cleaning Supplies_1148,2022-10-01,5361.000061035156,5789.880065917969,-428.8800048828125,-7.41,100,108
1156,Personal Care_Soap_1156,2024-07-01,4490.868027305603,4850.048106002808,-359.1800786972044,-7.41,145,150
1101,Snacks_Crackers_1101,2024-11-01,2145.9300088882446,2317.560007095337,-171.62999820709229,-7.41,89,93
1037,Electronics_Cables_1037,2023-10-01,13392.750549316406,14464.170593261719,-1071.4200439453125,-7.41,75,81
1058,Personal Care_Soap_1058,2023-08-01,5284.298081970215,5706.150077819824,-421.851995849609,-7.39,150,159
1088,Household_Cleaning Supplies_1088,2024-10-01,1862.0799865722656,2010.1999855041504,-148.11999893188477,-7.37,88,95
1123,Beverages_Water_1123,2024-05-01,1070.3799667358398,1155.5239810943604,-85.14401435852051,-7.37,109,129
1057,Beverages_Tea_1057,2025-07-01,3520.6350234985343,3800.3175506591797,-279.68252716064535,-7.36,151,152
1044,Snacks_Biscuits_1044,2023-02-01,3737.544125175476,4032.9961332321186,-295.4520080566426,-7.33,204,222
1170,Dairy_Yogurt_1170,2023-02-01,3351.4199954986575,3616.489987754822,-265.06999225616437,-7.33,194,207
1083,Dairy_Cheese_1083,2025-06-01,1659.5275106430054,1790.5200147628784,-130.99250411987305,-7.32,127,129
1096,Electronics_Mobile Accessories_1096,2025-10-01,8610.040069580078,9289.780075073242,-679.7400054931641,-7.32,76,82
1125,Personal Care_Toothpaste_1125,2022-10-01,2049.7199478149414,2211.5399436950684,-161.81999588012695,-7.32,76,82
1077,Household_Cleaning Supplies_1077,2024-06-01,5471.143827819825,5902.399810791016,-431.25598297119086,-7.31,118,124
1070,Grocery_Canned Goods_1070,2023-03-01,5158.949855804443,5565.75001525879,-406.8001594543466,-7.31,132,168
1188,Grocery_Spices_1188,2021-08-01,3341.295957183837,3604.901947689056,-263.6059905052193,-7.31,186,200
1007,Personal Care_Shampoo_1007,2025-02-01,11275.21756362915,12161.182026672363,-885.9644630432122,-7.29,194,213
1152,Personal Care_Toothpaste_1152,2023-11-01,4051.5649042129517,4369.139888763428,-317.5749845504761,-7.27,78,81
1058,Personal Care_Soap_1058,2021-11-01,3218.4549747467045,3470.389976501465,-251.93500175476038,-7.26,76,77
1049,Electronics_Batteries_1049,2024-04-01,10048.392279052734,10833.724298095702,-785.3320190429677,-7.25,92,110
1071,Grocery_Canned Goods_1071,2023-05-01,708.2099704742432,763.4999706745149,-55.29000020027172,-7.24,129,162
1076,Snacks_Chocolates_1076,2021-10-01,1726.3400058746338,1860.8600063323975,-134.52000045776367,-7.23,77,83
1056,Snacks_Nuts_1056,2023-10-01,460.46000146865845,496.34000158309937,-35.88000011444092,-7.23,77,83
1088,Household_Cleaning Supplies_1088,2024-12-01,1751.6519866943358,1887.9749870300293,-136.32300033569345,-7.22,85,95
1132,Dairy_Butter_1132,2023-05-01,5251.779815673828,5659.98386411667,-408.20404844284167,-7.21,151,205
1151,Electronics_Cables_1151,2025-07-01,17234.85019683838,18572.774528503418,-1337.924331665039,-7.20,135,138
1166,Grocery_Spices_1166,2025-08-01,5695.136938476562,6136.541937255858,-441.40499877929597,-7.19,132,140
1095,Snacks_Chocolates_1095,2023-02-01,3877.7160839080802,4176.625113010405,-298.90902910232444,-7.16,222,251
1103,Dairy_Milk_1103,2024-04-01,5153.49748210907,5550.314030456542,-396.81654834747224,-7.15,150,169
1058,Personal Care_Soap_1058,2022-06-01,5273.189964294434,5678.78995513916,-405.59999084472656,-7.14,117,133
1013,Grocery_Cereals_1013,2023-02-01,4870.833146667482,5245.3186580657975,-374.4855113983158,-7.14,165,183
1171,Personal Care_Toothpaste_1171,2021-02-01,6620.060680389404,7129.264659881592,-509.2039794921875,-7.14,193,203
1187,Personal Care_Skincare_1187,2025-03-01,11560.325721359251,12449.815084075932,-889.4893627166803,-7.14,237,215
1192,Dairy_Milk_1192,2024-10-01,1999.2699375152588,2153.0599327087402,-153.78999519348145,-7.14,91,98
1171,Personal Care_Toothpaste_1171,2024-08-01,5980.229873657227,6438.959884643555,-458.7300109863281,-7.12,161,176
1180,Grocery_Spices_1180,2024-04-01,1094.5199575424194,1178.456955075264,-83.93699753284454,-7.12,145,155
1084,Household_Paper Products_1084,2025-07-01,5827.689882659912,6273.619903564453,-445.9300209045414,-7.11,131,138
1083,Dairy_Cheese_1083,2025-03-01,2481.2640369415294,2671.030031633377,-189.76599469184748,-7.10,243,226
1086,Grocery_Rice_1086,2022-03-01,1506.00004196167,1621.1700367927551,-115.1699948310852,-7.10,100,147
1051,Electronics_Cables_1051,2022-08-01,12092.075944519043,13016.889579963685,-924.8136354446415,-7.10,186,213
1040,Electronics_Mobile Accessories_1040,2023-05-01,10330.960037231445,11119.895872497558,-788.9358352661129,-7.09,122,163
1084,Household_Paper Products_1084,2024-12-01,4874.267935180664,5245.636931419373,-371.36899623870886,-7.08,104,113
1107,Electronics_Mobile Accessories_1107,2024-05-01,20900.100555419922,22489.883975219727,-1589.7834197998054,-7.07,130,162
1007,Personal Care_Shampoo_1007,2024-08-01,9357.621090698241,10069.16706237793,-711.5459716796886,-7.07,153,167
1133,Electronics_Mobile Accessories_1133,2023-05-01,3621.949836730957,3897.244384002686,-275.2945472717288,-7.06,107,140
1187,Personal Care_Skincare_1187,2022-02-01,9631.949729919434,10363.399738311768,-731.450008392334,-7.06,205,189
1192,Dairy_Milk_1192,2022-05-01,2830.0199117660522,3044.4299097061157,-214.40999794006348,-7.04,131,188
1087,Snacks_Crackers_1087,2025-02-01,1619.9580337524415,1742.6985281944278,-122.74049444198636,-7.04,213,213
1100,Electronics_Mobile Accessories_1100,2022-06-01,2258.0398864746094,2428.7698802948,-170.72999382019043,-7.03,124,136
1062,Personal Care_Deodorant_1062,2024-11-01,2604.83152551651,2801.280029296875,-196.44850378036517,-7.01,91,96
1078,Electronics_Cables_1078,2022-10-01,16714.889602661133,17972.999572753906,-1258.1099700927734,-7.00,93,100
1001,Electronics_Chargers_1001,2022-05-01,23645.21464920044,25424.519622802734,-1779.304973602295,-7.00,159,207
1157,Household_Cleaning Supplies_1157,2024-04-01,1828.3359971046448,1966.053973197937,-137.71797609329224,-7.00,138,161
1162,Dairy_Yogurt_1162,2022-10-01,2111.999969482422,2270.3999671936035,-158.39999771118164,-6.98,80,86
1096,Electronics_Mobile Accessories_1096,2022-11-01,10221.600074768066,10989.130088806152,-767.5300140380859,-6.98,96,97
1145,Household_Trash Bags_1145,2023-11-01,1002.1900005340577,1077.2400035858154,-75.0500030517577,-6.97,99,94
1188,Grocery_Spices_1188,2024-02-01,3188.6799068450914,3427.74991607666,-239.07000923156875,-6.97,187,214
1189,Electronics_Batteries_1189,2022-10-01,8344.92977142334,8968.849754333496,-623.9199829101562,-6.96,107,115
1191,Dairy_Butter_1191,2021-12-01,851.3999671936035,915.0569652080535,-63.65699801444998,-6.96,86,96
1153,Electronics_Batteries_1153,2024-06-01,15252.300109863281,16393.44012451172,-1141.1400146484375,-6.96,100,102
1153,Electronics_Batteries_1153,2025-02-01,28952.697175598136,31113.574191284188,-2160.877015686052,-6.95,214,228
1163,Household_Paper Products_1163,2022-05-01,4470.409944534302,4804.390045166016,-333.98010063171387,-6.95,127,181
1184,Snacks_Chocolates_1184,2023-06-01,2523.3899879455566,2711.6099815368652,-188.2199935913086,-6.94,118,121
1171,Personal Care_Toothpaste_1171,2024-02-01,7432.949638366699,7986.006618499756,-553.0569801330566,-6.93,220,228
1145,Household_Trash Bags_1145,2024-08-01,1780.8570416450495,1913.4990483283996,-132.64200668335002,-6.93,175,190
1122,Dairy_Yogurt_1122,2024-08-01,5295.528084182739,5689.58008670807,-394.05200252533086,-6.93,190,200
1037,Electronics_Cables_1037,2021-10-01,16785.580688476562,18035.570739746094,-1249.9900512695312,-6.93,94,101
1199,Electronics_Cables_1199,2025-09-01,26897.129928588867,28897.109573364254,-1999.979644775387,-6.92,117,139
1121,Grocery_Rice_1121,2023-08-01,4241.039934539795,4554.719929504395,-313.67999496460016,-6.89,164,176
1162,Dairy_Yogurt_1162,2021-02-01,4662.108036231993,5006.694023227691,-344.5859869956985,-6.88,216,226
1144,Household_Detergent_1144,2024-02-01,2735.701500558853,2937.486998271943,-201.78549771309008,-6.87,220,247
1002,Dairy_Cream_1002,2021-07-01,1700.82394990921,1826.0899391174316,-125.26598920822175,-6.86,141,133
1002,Dairy_Cream_1002,2025-02-01,2196.4404738426215,2358.237478733063,-161.7970048904417,-6.86,193,212
1172,Electronics_Chargers_1172,2022-12-01,10200.239737701419,10951.885704803466,-751.6459671020475,-6.86,92,100
1184,Snacks_Chocolates_1184,2024-02-01,4602.644887924194,4941.389878082276,-338.74499015808124,-6.86,247,266
1124,Dairy_Cheese_1124,2022-11-01,1584.1700550079345,1700.6400604248047,-116.47000541687021,-6.85,74,72
1108,Dairy_Butter_1108,2025-02-01,8614.82270736694,9248.27470779419,-633.452000427249,-6.85,266,281
1130,Snacks_Nuts_1130,2021-06-01,2191.800079345703,2352.680069923401,-160.87999057769775,-6.84,130,166
1089,Electronics_Mobile Accessories_1089,2024-02-01,11250.673897552491,12075.232889747622,-824.5589921951305,-6.83,205,220
1043,Electronics_Batteries_1043,2021-08-01,3098.260074996948,3324.662585067749,-226.40251007080133,-6.81,150,158
1039,Beverages_Soft Drinks_1039,2022-06-01,3109.199981689453,3335.8899841308594,-226.69000244140625,-6.80,120,134
1042,Grocery_Canned Goods_1042,2025-08-01,6161.627095413205,6608.831088638307,-447.20399322510184,-6.77,153,166
1065,Electronics_Chargers_1065,2023-04-01,21128.177276611324,22662.507977294918,-1534.330700683593,-6.77,148,144
1116,Personal Care_Skincare_1116,2023-11-01,5098.701173400878,5468.400192260742,-369.6990188598638,-6.76,67,70
1012,Beverages_Juices_1012,2023-02-01,2505.065999984741,2685.9989709854126,-180.9329710006714,-6.74,206,233
1177,Snacks_Chips_1177,2023-11-01,214.534993827343,230.03999304771423,-15.504999220371246,-6.74,79,81
1190,Dairy_Milk_1190,2022-08-01,3209.4209747314453,3441.372978925705,-231.95200419425964,-6.74,178,190
1175,Household_Trash Bags_1175,2024-11-01,5972.205023574829,6402.880016326904,-430.674992752075,-6.73,105,107
1179,Household_Cleaning Supplies_1179,2023-06-01,3174.672009277344,3403.120018005371,-228.44800872802716,-6.71,118,118
1180,Grocery_Spices_1180,2025-08-01,1114.7639728069307,1194.8159725189205,-80.05199971198977,-6.70,150,162
1179,Household_Cleaning Supplies_1179,2022-05-01,4421.532502651215,4736.96990776062,-315.4374051094055,-6.66,166,236
1102,Snacks_Biscuits_1102,2024-03-01,2571.971554660797,2755.369012260436,-183.39745759963898,-6.66,133,154
1125,Personal Care_Toothpaste_1125,2023-05-01,3506.099910736084,3756.3754415512085,-250.2755308151245,-6.66,130,179
1161,Electronics_Batteries_1161,2022-11-01,6017.86075000763,6447.480285644531,-429.6195356369017,-6.66,78,78
1050,Snacks_Chips_1050,2025-07-01,2084.909966468811,2233.3450191020966,-148.43505263328552,-6.65,133,130
1174,Electronics_Mobile Accessories_1174,2025-02-01,36681.86862945557,39293.214584350586,-2611.3459548950195,-6.65,177,197
1148,Household_Cleaning Supplies_1148,2021-04-01,4905.3900146484375,5253.780059814453,-348.3900451660156,-6.63,109,98
1134,Household_Paper Products_1134,2023-08-01,1714.0020343780516,1835.8020221710206,-121.79998779296898,-6.63,165,163
1117,Snacks_Crackers_1117,2024-08-01,1809.9549412727356,1938.4949412345886,-128.53999996185303,-6.63,202,221
1183,Electronics_Batteries_1183,2025-02-01,26927.693661499023,28837.23545379638,-1909.5417922973575,-6.62,249,258
1194,Dairy_Butter_1194,2022-05-01,1331.3100113868713,1425.6449936628342,-94.33498227596283,-6.62,147,194
1145,Household_Trash Bags_1145,2022-05-01,1301.4900088310242,1393.4700303077698,-91.9800214767456,-6.60,121,164
1011,Personal Care_Shampoo_1011,2024-11-01,1997.6820762634277,2138.850088119507,-141.16801185607915,-6.60,105,105
1194,Dairy_Butter_1194,2023-06-01,1241.490014076233,1328.9400157928467,-87.45000171661377,-6.58,130,138
1160,Snacks_Nuts_1160,2023-06-01,548.507986164093,587.0999836921692,-38.59199752807615,-6.57,92,95
1119,Grocery_Pasta_1119,2023-08-01,4654.828036499021,4982.254014587403,-327.42597808838127,-6.57,169,168
1112,Household_Paper Products_1112,2021-12-01,1045.02001247406,1118.212010383606,-73.19199790954599,-6.55,105,122
1072,Electronics_Chargers_1072,2024-05-01,27161.639373779297,29062.337812042235,-1900.698438262938,-6.54,114,143
1011,Personal Care_Shampoo_1011,2025-10-01,1751.8200721740723,1874.0400772094727,-122.22000503540039,-6.52,86,92
1041,Snacks_Nuts_1041,2022-02-01,2481.0999794006348,2653.9599933624268,-172.860013961792,-6.51,256,255
1063,Snacks_Chocolates_1063,2024-02-01,2720.2729321479796,2909.590929698945,-189.31799755096517,-6.51,196,211
1011,Personal Care_Shampoo_1011,2021-12-01,1844.7200714111327,1973.048077774048,-128.32800636291518,-6.50,92,104
1092,Household_Detergent_1092,2025-08-01,3981.1991022109974,4258.005114555359,-276.80601234436153,-6.50,157,171
1160,Snacks_Nuts_1160,2025-07-01,685.4759874343872,733.1399796009064,-47.663992166519165,-6.50,125,123
1138,Household_Cleaning Supplies_1138,2024-12-01,4170.545904159546,4460.455886077881,-289.9099819183348,-6.50,94,101
1132,Dairy_Butter_1132,2021-11-01,3544.799882507324,3791.0198669433594,-246.21998443603525,-6.49,106,109
1086,Grocery_Rice_1086,2023-10-01,1084.3200302124023,1159.6200323104858,-75.3000020980835,-6.49,72,77
1198,Dairy_Cheese_1198,2024-08-01,4231.219955444334,4524.773954772949,-293.55399932861474,-6.49,188,198
1082,Household_Detergent_1082,2021-02-01,9035.377873611445,9661.033847427369,-625.6559738159231,-6.48,242,266
1021,Grocery_Canned Goods_1021,2024-12-01,2292.091496181488,2450.5499935150146,-158.4584973335268,-6.47,82,85
1116,Personal Care_Skincare_1116,2024-02-01,15644.08045654297,16725.400471878052,-1081.3200153350826,-6.47,238,261
1134,Household_Paper Products_1134,2023-02-01,2320.572018909454,2481.054014778138,-160.48199586868395,-6.47,203,211
1177,Snacks_Chips_1177,2024-07-01,361.2559906959534,386.23998832702637,-24.983997631072953,-6.47,144,136
1186,Dairy_Yogurt_1186,2023-05-01,677.0400047302246,723.7899935245515,-46.749988794326896,-6.46,124,171
1050,Snacks_Chips_1050,2025-10-01,1552.0800132751465,1659.1200141906738,-107.04000091552734,-6.45,87,93
1101,Snacks_Crackers_1101,2024-05-01,2666.440008163452,2849.7140193939213,-183.2740112304691,-6.43,107,127
1102,Snacks_Biscuits_1102,2021-02-01,4000.2030160903923,4275.245059013367,-275.04204292297436,-6.43,224,229
1100,Electronics_Mobile Accessories_1100,2024-05-01,2421.9298782348633,2588.0998901367184,-166.1700119018551,-6.42,133,163
1122,Dairy_Yogurt_1122,2024-06-01,3519.2920476913446,3760.4000453948975,-241.10799770355288,-6.41,118,119
1171,Personal Care_Toothpaste_1171,2023-04-01,5811.5678680419915,6208.989791870116,-397.4219238281248,-6.40,175,167
1141,Beverages_Coffee_1141,2025-02-01,1397.5629674673078,1492.8639651775359,-95.3009977102281,-6.38,199,215
1156,Personal Care_Soap_1156,2023-11-01,2765.260051727295,2953.6500663757324,-188.3900146484375,-6.38,93,87
1028,Household_Paper Products_1028,2025-06-01,5554.274868965149,5932.759826660156,-378.4849576950073,-6.38,150,142
1126,Beverages_Soft Drinks_1126,2024-04-01,3135.144068527222,3348.344069480896,-213.20000095367413,-6.37,135,150
1120,Grocery_Cereals_1120,2024-03-01,8316.261450958254,8881.82304992676,-565.5615989685048,-6.37,206,234
1141,Beverages_Coffee_1141,2022-11-01,814.9699802398682,870.3499803543091,-55.38000011444092,-6.36,108,103
1010,Grocery_Rice_1010,2024-02-01,3224.1005607128145,3442.397064876556,-218.2965041637417,-6.34,232,250
1170,Dairy_Yogurt_1170,2023-08-01,3203.520050048828,3419.928065490723,-216.4080154418948,-6.33,199,216
1036,Electronics_Mobile Accessories_1036,2025-03-01,15083.152267456055,16099.910018920895,-1016.7577514648401,-6.32,242,216
1091,Dairy_Butter_1091,2021-12-01,793.2279788970948,846.7479782104492,-53.51999931335445,-6.32,94,103
1071,Grocery_Canned Goods_1071,2023-07-01,591.669979095459,631.551974105835,-39.881995010376045,-6.31,142,119
1009,Electronics_Batteries_1009,2024-08-01,15640.283825683591,16684.425814819333,-1044.1419891357418,-6.26,194,207
1190,Dairy_Milk_1190,2024-10-01,1519.5000171661377,1620.8000183105469,-101.30000114440918,-6.25,75,80
1190,Dairy_Milk_1190,2025-08-01,3210.542959213257,3424.7019634246826,-214.15900421142578,-6.25,183,193
1028,Household_Paper Products_1028,2025-07-01,5208.1398147583,5554.274868965149,-346.1350542068485,-6.23,141,150
1045,Electronics_Cables_1045,2024-11-01,12181.841072463989,12991.320617675781,-809.4795452117924,-6.23,88,92
1046,Household_Paper Products_1046,2025-03-01,8377.29285621643,8933.90681419373,-556.6139579772989,-6.23,222,186
1082,Household_Detergent_1082,2024-03-01,6987.87191467285,7452.405880355835,-464.5339656829847,-6.23,182,206
1175,Household_Trash Bags_1175,2025-03-01,6934.415961456299,7394.490047454836,-460.07408599853716,-6.22,173,143
1051,Electronics_Cables_1051,2024-03-01,10374.967438888552,11062.015065765381,-687.0476268768289,-6.21,164,190
1041,Snacks_Nuts_1041,2022-08-01,2261.5160295486453,2410.876029205322,-149.3599996566768,-6.20,183,200
1164,Electronics_Cables_1164,2025-02-01,30751.320671081543,32777.60076904297,-2026.2800979614258,-6.18,195,197
1051,Electronics_Cables_1051,2025-10-01,5422.599884033203,5779.349876403809,-356.74999237060547,-6.17,76,81
1042,Grocery_Canned Goods_1042,2023-10-01,3412.400115966797,3636.9001235961914,-224.50000762939453,-6.17,76,81
1068,Electronics_Chargers_1068,2023-04-01,10493.797787094116,11182.519653320312,-688.7218662261967,-6.16,145,132
1073,Electronics_Chargers_1073,2021-08-01,19341.261444091797,20610.97743988037,-1269.7159957885742,-6.16,181,191
1019,Electronics_Cables_1019,2022-11-01,20875.629084777833,22245.300064086914,-1369.6709793090813,-6.16,102,105
1169,Beverages_Soft Drinks_1169,2025-08-01,861.2160106182101,917.7840110778809,-56.56800045967077,-6.16,161,172
1083,Dairy_Cheese_1083,2023-02-01,2645.600031661987,2819.0500323772435,-173.45000071525646,-6.15,225,235
1158,Snacks_Crackers_1158,2021-08-01,1113.057995700836,1185.900492334366,-72.84249663352989,-6.14,167,192
1030,Dairy_Cream_1030,2023-04-01,2194.3605069160462,2337.968069458008,-143.60756254196167,-6.14,132,114
1005,Household_Paper Products_1005,2025-08-01,2958.555088043213,3151.485099792481,-192.93001174926803,-6.12,189,198
1161,Electronics_Batteries_1161,2024-11-01,6208.802765846252,6612.80029296875,-403.99752712249756,-6.11,78,80
1161,Electronics_Batteries_1161,2025-02-01,13705.756510925294,14597.22252883911,-891.4660179138154,-6.11,198,216
1030,Dairy_Cream_1030,2025-03-01,2969.846093750001,3162.911565208435,-193.06547145843433,-6.10,199,161
1026,Snacks_Biscuits_1026,2024-10-01,438.8999853134155,467.3999843597412,-28.499999046325684,-6.10,77,82
1040,Electronics_Mobile Accessories_1040,2021-11-01,7395.15200958252,7875.240028381348,-480.08801879882776,-6.10,96,93
1081,Snacks_Nuts_1081,2021-12-01,985.0800407409668,1049.1280388832092,-64.04799814224248,-6.10,99,115
1057,Beverages_Tea_1057,2021-10-01,2074.3800411224365,2209.0800437927246,-134.7000026702881,-6.10,77,82
1193,Beverages_Tea_1193,2024-10-01,1067.9899911880493,1137.3399906158447,-69.34999942779541,-6.10,77,82
1095,Snacks_Chocolates_1095,2023-09-01,2029.2400074005127,2160.943984222412,-131.70397682189923,-6.09,97,140
1124,Dairy_Cheese_1124,2025-03-01,3309.0091272354134,3522.952055358887,-213.9429281234734,-6.07,211,178
1068,Electronics_Chargers_1068,2023-06-01,9737.199645996094,10364.809600830078,-627.6099548339844,-6.06,106,109
1191,Dairy_Butter_1191,2025-10-01,920.6999645233154,980.0999622344971,-59.39999771118164,-6.06,93,99
1185,Personal Care_Toothpaste_1185,2022-11-01,6616.234944725037,7042.489944458008,-426.25499973297065,-6.05,93,91
1181,Personal Care_Soap_1181,2025-05-01,2972.9700469970703,3163.7160511016846,-190.74600410461426,-6.03,77,85
1104,Grocery_Pasta_1104,2025-10-01,1647.360065460205,1752.960069656372,-105.60000419616699,-6.02,78,83
1039,Beverages_Soft Drinks_1039,2023-08-01,2980.823959350586,3171.5199584960938,-190.6959991455078,-6.01,146,153
1039,Beverages_Soft Drinks_1039,2021-02-01,5341.006047439576,5682.167046928405,-341.1609994888295,-6.00,250,264
1133,Electronics_Mobile Accessories_1133,2023-11-01,2768.999880981445,2944.949867248535,-175.94998626709003,-5.97,87,87
1155,Electronics_Mobile Accessories_1155,2022-05-01,3605.0298738479614,3833.8299112319946,-228.8000373840332,-5.97,165,231
1192,Dairy_Milk_1192,2024-08-01,3675.06699066162,3908.5460056304933,-233.47901496887334,-5.97,188,203
1195,Snacks_Chocolates_1195,2024-04-01,2576.2260175704955,2739.5510348320004,-163.32501726150485,-5.96,139,144
1171,Personal Care_Toothpaste_1171,2023-08-01,5450.739883422851,5795.773870849609,-345.03398742675836,-5.95,165,174
1169,Beverages_Soft Drinks_1169,2022-02-01,1234.2150361537933,1312.342540383339,-78.1275042295456,-5.95,256,292
1102,Snacks_Biscuits_1102,2024-10-01,1701.6600723266602,1809.3600769042969,-107.70000457763672,-5.95,79,84
1120,Grocery_Cereals_1120,2021-10-01,4411.7998695373535,4690.439861297607,-278.6399917602539,-5.94,95,101
1130,Snacks_Nuts_1130,2025-08-01,2403.381045722961,2555.214042282104,-151.83299655914288,-5.94,161,174
1028,Household_Paper Products_1028,2023-07-01,5486.1877624511735,5832.4398193359375,-346.252056884764,-5.94,172,145
1005,Household_Paper Products_1005,2024-11-01,1698.4250709533692,1805.4000778198242,-106.97500686645503,-5.93,100,102
1197,Electronics_Mobile Accessories_1197,2022-11-01,1455.6854957580567,1547.0399932861328,-91.35449752807608,-5.91,88,88
1200,Beverages_Juices_1200,2025-05-01,636.649980545044,676.5359785079957,-39.885997962951706,-5.90,85,99
1179,Household_Cleaning Supplies_1179,2024-03-01,4116.445527935029,4374.62003326416,-258.17450532913153,-5.90,163,185
1046,Household_Paper Products_1046,2024-10-01,3724.159912109375,3956.919906616211,-232.75999450683594,-5.88,64,68
1161,Electronics_Batteries_1161,2021-04-01,7315.68017578125,7770.040344238281,-454.36016845703125,-5.85,120,94
1006,Beverages_Coffee_1006,2024-05-01,1299.8599882125854,1380.54047832489,-80.6804901123046,-5.84,103,124
1012,Beverages_Juices_1012,2022-08-01,2232.593982124328,2370.9149851799007,-138.32100305557287,-5.83,180,190
1029,Grocery_Canned Goods_1029,2022-05-01,3654.8399543762207,3881.159977912903,-226.32002353668213,-5.83,138,189
1143,Dairy_Cheese_1143,2021-02-01,3140.752943706512,3334.9464462757096,-194.1935025691978,-5.82,223,239
1158,Snacks_Crackers_1158,2023-06-01,677.9060006141663,719.7299981117249,-41.823997497558594,-5.81,99,99
1044,Snacks_Biscuits_1044,2022-11-01,2175.618090438843,2309.7400970458984,-134.12200660705548,-5.81,101,106
1024,Grocery_Canned Goods_1024,2021-07-01,1084.9544860839842,1151.4899950027466,-66.53550891876239,-5.78,146,131
1035,Electronics_Batteries_1035,2025-06-01,24737.450328826904,26255.660522460938,-1518.2101936340332,-5.78,110,107
1171,Personal Care_Toothpaste_1171,2022-06-01,4125.329818725586,4377.907333374023,-252.5775146484375,-5.77,99,116
1028,Household_Paper Products_1028,2022-10-01,3425.9598999023438,3634.859893798828,-208.89999389648438,-5.75,82,87
1072,Electronics_Chargers_1072,2024-06-01,25601.02941894531,27161.639373779297,-1560.609954833988,-5.75,110,114
1164,Electronics_Cables_1164,2024-07-01,24493.077792358403,25988.073684692383,-1494.99589233398,-5.75,144,136
1081,Snacks_Nuts_1081,2021-02-01,2092.8300619125366,2220.2450680732727,-127.41500616073608,-5.74,258,269
1031,Snacks_Chips_1031,2023-11-01,1209.1665363311768,1282.6800384521484,-73.51350212097168,-5.73,89,84
1044,Snacks_Biscuits_1044,2025-02-01,3733.898125839233,3960.420126914979,-226.52200107574572,-5.72,203,222
1060,Household_Detergent_1060,2023-09-01,3971.099967956543,4211.871994018555,-240.77202606201172,-5.72,105,138
1135,Household_Trash Bags_1135,2021-11-01,4617.3001499176025,4897.530162811279,-280.23001289367676,-5.72,94,97
1128,Grocery_Spices_1128,2024-06-01,3383.4270000457764,3588.2999897003174,-204.87298965454102,-5.71,138,135
1051,Electronics_Cables_1051,2023-02-01,12516.652522659306,13273.865018463139,-757.212495803833,-5.70,209,221
1114,Electronics_Batteries_1114,2023-10-01,12650.859848022461,13412.959838867188,-762.0999908447266,-5.68,83,88
1086,Grocery_Rice_1086,2024-10-01,1249.980034828186,1325.2800369262695,-75.3000020980835,-5.68,83,88
1019,Electronics_Cables_1019,2025-06-01,23781.300048828125,25211.340072631836,-1430.040023803711,-5.67,114,119
1012,Beverages_Juices_1012,2025-03-01,2482.869029521942,2631.17298412323,-148.30395460128784,-5.64,248,223
1182,Beverages_Tea_1182,2021-02-01,2430.160046100616,2575.3040396690367,-145.14399356842068,-5.64,208,230
1056,Snacks_Nuts_1056,2021-02-01,1024.1299934387212,1085.2339914321904,-61.10399799346919,-5.63,206,224
1095,Snacks_Chocolates_1095,2024-02-01,4149.676084899902,4397.217084217071,-247.54099931716883,-5.63,235,246
1123,Beverages_Water_1123,2024-10-01,657.9399795532227,697.2199783325195,-39.279998779296875,-5.63,67,71
1131,Snacks_Crackers_1131,2024-05-01,2605.1699237823486,2760.682969284058,-155.51304550170926,-5.63,111,130
1137,Snacks_Nuts_1137,2025-07-01,775.4250020980835,821.5199761390686,-46.09497404098511,-5.61,130,131
1148,Household_Cleaning Supplies_1148,2022-05-01,7555.702562332153,8004.7875118255615,-449.0849494934082,-5.61,151,183
1032,Snacks_Chocolates_1032,2022-07-01,2046.1640135765074,2167.8799781799316,-121.71596460342425,-5.61,150,143
1100,Electronics_Mobile Accessories_1100,2021-08-01,2248.4669036865234,2381.9309034347534,-133.46399974822998,-5.60,140,154
1110,Grocery_Canned Goods_1110,2024-05-01,2227.6099815368652,2359.396969795227,-131.78698825836182,-5.59,121,142
1172,Electronics_Chargers_1172,2024-05-01,12479.49966430664,13215.99526863098,-736.4956043243401,-5.57,110,130
1133,Electronics_Mobile Accessories_1133,2025-03-01,4639.649976730347,4912.767933654784,-273.11795692443775,-5.56,211,174
1029,Grocery_Canned Goods_1029,2025-08-01,4525.101023101805,4787.361053848265,-262.26003074645996,-5.48,181,198
1179,Household_Cleaning Supplies_1179,2023-11-01,2780.4625129699707,2941.680015563965,-161.21750259399414,-5.48,112,102
1049,Electronics_Batteries_1049,2024-02-01,24772.394692993163,26203.950729370106,-1431.5560363769437,-5.46,246,262
1141,Beverages_Coffee_1141,2025-06-01,1198.354977607727,1267.4999713897705,-69.14499378204346,-5.46,151,150
1113,Dairy_Cheese_1113,2024-03-01,3587.835072326661,3794.9400421142586,-207.10496978759784,-5.46,166,190
1122,Dairy_Yogurt_1122,2023-06-01,3615.0400466918945,3823.600046157837,-208.55999946594238,-5.45,118,121
1031,Snacks_Chips_1031,2024-11-01,1487.0160446166992,1572.8100471496582,-85.79400253295898,-5.45,102,103
1032,Snacks_Chocolates_1032,2022-06-01,2167.8799781799316,2292.9499769210815,-125.0699987411499,-5.45,143,160
1167,Grocery_Rice_1167,2025-08-01,7038.762265777587,7443.874295425415,-405.1120296478275,-5.44,175,195
1015,Dairy_Cream_1015,2024-10-01,2360.3099269866943,2495.9599227905273,-135.649995803833,-5.43,87,92
1079,Beverages_Juices_1079,2021-11-01,462.27998471260065,488.79998207092285,-26.5199973583222,-5.43,94,94
1117,Snacks_Crackers_1117,2021-08-01,2074.2249331474304,2193.419936656952,-119.19500350952148,-5.43,232,255
1133,Electronics_Mobile Accessories_1133,2023-10-01,2944.949867248535,3114.1998596191406,-169.24999237060547,-5.43,87,92
1037,Electronics_Cables_1037,2024-08-01,32890.54235992432,34770.84943847657,-1880.3070785522505,-5.41,203,216
1134,Household_Paper Products_1134,2022-06-01,1922.3699893951416,2032.1024878025055,-109.73249840736389,-5.40,139,157
1011,Personal Care_Shampoo_1011,2025-07-01,2649.840026855468,2800.890110015869,-151.0500831604013,-5.39,151,141
1106,Snacks_Chocolates_1106,2025-03-01,1754.4599881172182,1854.2309928894044,-99.77100477218619,-5.38,232,196
1169,Beverages_Soft Drinks_1169,2023-10-01,535.9200134277344,566.3700141906738,-30.450000762939453,-5.38,88,93
1183,Electronics_Batteries_1183,2023-05-01,19265.759033203125,20359.32929992675,-1093.5702667236255,-5.37,144,189
1119,Grocery_Pasta_1119,2025-08-01,4477.47590789795,4731.755902862549,-254.2799949645996,-5.37,142,150
1073,Electronics_Chargers_1073,2022-08-01,19822.78143310547,20947.13542175293,-1124.353988647461,-5.37,185,194
1070,Grocery_Canned Goods_1070,2023-04-01,4882.619911193848,5158.949855804443,-276.3299446105957,-5.36,146,132
1053,Snacks_Crackers_1053,2021-02-01,2341.194914913177,2473.8499116897588,-132.6549967765818,-5.36,249,254
1194,Dairy_Butter_1194,2023-05-01,1328.9400157928467,1404.2749961614609,-75.3349803686142,-5.36,138,179
1009,Electronics_Batteries_1009,2022-02-01,16200.194606781006,17115.362085342407,-915.1674785614014,-5.35,242,256
1020,Beverages_Juices_1020,2021-07-01,1178.6640047073363,1245.0000047683716,-66.33600006103529,-5.33,129,125
1070,Grocery_Canned Goods_1070,2024-10-01,2995.489902496338,3164.249897003174,-168.75999450683594,-5.33,71,75
1067,Grocery_Cereals_1067,2022-08-01,8207.482043457032,8668.491008377076,-461.0089649200436,-5.32,188,192
1101,Snacks_Crackers_1101,2022-06-01,3463.8800106048584,3658.56751871109,-194.6875081062317,-5.32,139,156
1096,Electronics_Mobile Accessories_1096,2024-06-01,13516.590141296387,14274.540115356445,-757.9499740600586,-5.31,129,126
1193,Beverages_Tea_1193,2021-11-01,1155.79899187088,1220.5599899291992,-64.76099805831927,-5.31,92,88
1173,Electronics_Batteries_1173,2025-10-01,17503.06019592285,18484.54020690918,-981.4800109863281,-5.31,107,113
1086,Grocery_Rice_1086,2022-07-01,1597.3050363063812,1686.7200469970703,-89.41501069068909,-5.30,117,112
1088,Household_Cleaning Supplies_1088,2023-11-01,1723.429988861084,1819.7599868774414,-96.32999801635742,-5.29,93,86
1121,Grocery_Rice_1121,2023-11-01,2989.0479198455814,3156.1199169158936,-167.07199707031214,-5.29,103,99
1172,Electronics_Chargers_1172,2021-11-01,8597.163858032227,9075.999755859375,-478.8358978271481,-5.28,87,80
1091,Dairy_Butter_1091,2023-02-01,1597.4084606409076,1686.3339587211608,-88.92549808025319,-5.27,218,234
1149,Electronics_Chargers_1149,2022-02-01,16319.96021080017,17226.120191574097,-906.1599807739258,-5.26,200,228
1048,Snacks_Biscuits_1048,2025-08-01,1849.0359550476078,1951.4019548416136,-102.3659997940058,-5.25,151,158
1057,Beverages_Tea_1057,2023-12-01,2357.3250403404236,2487.562548160553,-130.2375078201294,-5.24,90,101
1063,Snacks_Chocolates_1063,2024-08-01,2600.9199924468994,2744.639991760254,-143.7199993133545,-5.24,182,192
1153,Electronics_Batteries_1153,2023-12-01,14884.672611236572,15705.186625671386,-820.5140144348134,-5.22,94,111
1070,Grocery_Canned Goods_1070,2025-08-01,5225.155017852782,5512.46801071167,-287.3129928588878,-5.21,140,147
1003,Household_Cleaning Supplies_1003,2024-06-01,1342.5599967956541,1416,-73.44000320434589,-5.19,118,118
1039,Beverages_Soft Drinks_1039,2024-04-01,3025.807997512817,3191.5650186538696,-165.75702114105252,-5.19,136,144
1088,Household_Cleaning Supplies_1088,2022-06-01,2539.199981689453,2678.062480688095,-138.86249899864197,-5.19,120,134
1013,Grocery_Cereals_1013,2021-02-01,6409.396693038941,6759.470203399662,-350.07351036072123,-5.18,219,223
1192,Dairy_Milk_1192,2025-08-01,3082.962014007567,3251.289995193482,-168.32798118591472,-5.18,162,167
1153,Electronics_Batteries_1153,2024-02-01,30283.831679534906,31935.633192443835,-1651.801512908929,-5.17,227,237
1134,Household_Paper Products_1134,2022-11-01,957.3849935531616,1009.589994430542,-52.20500087738037,-5.17,75,73
1023,Personal Care_Toothpaste_1023,2023-06-01,6575.883967590332,6933.479965209961,-357.5959976196291,-5.16,111,114
1179,Household_Cleaning Supplies_1179,2022-02-01,5310.1649351119995,5598.564936637878,-288.4000015258789,-5.15,241,251
1049,Electronics_Batteries_1049,2025-02-01,20964.00259094238,22099.832623291015,-1135.8300323486365,-5.14,206,217
1133,Electronics_Mobile Accessories_1133,2021-08-01,5581.420826911926,5883.996786117554,-302.57595920562744,-5.14,189,194
1153,Electronics_Batteries_1153,2023-11-01,15705.186625671386,16554.160125732422,-848.9735000610362,-5.13,111,103
1025,Household_Detergent_1025,2022-11-01,732.122465610504,771.6799583435059,-39.55749273300182,-5.13,95,91
1007,Personal Care_Shampoo_1007,2022-06-01,7465.860237121582,7869.480239868164,-403.62000274658203,-5.13,111,124
1004,Beverages_Juices_1004,2024-07-01,3516.1559898376468,3705.3189699172976,-189.16298007965088,-5.11,158,160
1127,Grocery_Rice_1127,2021-12-01,2195.7940322875975,2314.0900341987613,-118.29600191116378,-5.11,110,125
1140,Personal Care_Shampoo_1140,2021-02-01,7234.923770904541,7623.416262149811,-388.4924912452698,-5.10,244,259
1164,Electronics_Cables_1164,2024-02-01,39027.18087387085,41121.02091598511,-2093.840042114258,-5.09,243,257
1139,Dairy_Cream_1139,2024-11-01,1961.681925201416,2066.6099166870117,-104.92799148559561,-5.08,91,91
1095,Snacks_Chocolates_1095,2025-03-01,3211.1520318031303,3382.5600757598872,-171.40804395675696,-5.07,204,195
1109,Electronics_Batteries_1109,2023-08-01,4911.05199584961,5173.012017822265,-261.96002197265534,-5.06,167,185
1025,Household_Detergent_1025,2023-02-01,1590.973959159851,1675.84696111679,-84.8730019569391,-5.06,222,237
1075,Snacks_Crackers_1075,2021-12-01,1439.7199867248535,1516.2979853630065,-76.57799863815308,-5.05,112,118
1152,Personal Care_Toothpaste_1152,2025-06-01,6863.999828338623,7227.959815979004,-363.95998764038086,-5.04,143,134
1122,Dairy_Yogurt_1122,2022-12-01,3325.9000444412227,3502.2280544281,-176.32800998687753,-5.03,110,127
1113,Dairy_Cheese_1113,2022-08-01,4258.476090431213,4483.683085441589,-225.20699501037598,-5.02,191,205
1152,Personal Care_Toothpaste_1152,2024-02-01,8682.65725364685,9141.859728240965,-459.2024745941144,-5.02,184,205
1141,Beverages_Coffee_1141,2025-03-01,1327.444968223571,1397.5629674673078,-70.11799924373668,-5.02,226,199
1020,Beverages_Juices_1020,2022-02-01,1718.7224806547165,1809.6074835062027,-90.8850028514862,-5.02,236,239
1001,Electronics_Chargers_1001,2025-02-01,31420.82851562501,33066.42849121093,-1645.5999755859193,-4.98,237,247
1117,Snacks_Crackers_1117,2024-04-01,1084.2824607372286,1141.1149605751039,-56.832499837875275,-4.98,124,132
1135,Household_Trash Bags_1135,2023-05-01,6361.740211486816,6694.536618614196,-332.79640712738,-4.97,126,157
1015,Dairy_Cream_1015,2025-03-01,4470.9398918151865,4704.772870159148,-233.83297834396126,-4.97,226,202
1015,Dairy_Cream_1015,2023-08-01,3469.0100269317627,3650.359977722168,-181.34995079040527,-4.97,170,163
1068,Electronics_Chargers_1068,2021-04-01,7411.179815292358,7797.379699707031,-386.19988441467285,-4.95,102,82
1195,Snacks_Chocolates_1195,2025-08-01,3626.477998352051,3815.2519935607925,-188.77399520874133,-4.95,195,212
1174,Electronics_Mobile Accessories_1174,2024-08-01,37420.51818695066,39363.96577148437,-1943.4475845337074,-4.94,170,187
1107,Electronics_Mobile Accessories_1107,2024-10-01,12379.290328979492,13022.370346069336,-643.0800170898438,-4.94,77,81
1059,Electronics_Cables_1059,2025-02-01,3730.9198699951166,3924.3098670959466,-193.38999710083,-4.93,219,227
1195,Snacks_Chocolates_1195,2024-03-01,2739.5510348320004,2880.406064414977,-140.85502958297684,-4.89,144,166
1017,Household_Paper Products_1017,2022-05-01,6000.824913024902,6308.7148361206055,-307.8899230957031,-4.88,148,184
1194,Dairy_Butter_1194,2025-03-01,1805.3259885787963,1897.4654623508454,-92.13947377204909,-4.86,265,235
1048,Snacks_Biscuits_1048,2021-08-01,2216.9719478607176,2329.8579409599306,-112.88599309921301,-4.85,180,192
1075,Snacks_Crackers_1075,2023-02-01,2785.3999447822566,2927.2719462871555,-141.8720015048989,-4.85,250,257
1087,Snacks_Crackers_1087,2023-08-01,1275.408002471924,1340.2720016479493,-64.86399917602535,-4.84,171,184
1131,Snacks_Crackers_1131,2021-02-01,4260.4924886703475,4477.257534980774,-216.76504631042644,-4.84,209,231
1097,Snacks_Crackers_1097,2025-08-01,387.35998435020457,407.0249835491181,-19.664999198913506,-4.83,167,177
1096,Electronics_Mobile Accessories_1096,2023-10-01,8949.91007232666,9403.07007598877,-453.1600036621094,-4.82,79,83
1187,Personal Care_Skincare_1187,2023-10-01,5636.649879455566,5922.049873352051,-285.3999938964844,-4.82,79,83
1179,Household_Cleaning Supplies_1179,2022-11-01,2059.4625091552734,2163.000011444092,-103.53750228881836,-4.79,87,75
1070,Grocery_Canned Goods_1070,2021-08-01,7735.012000274659,8123.992962646486,-388.98096237182745,-4.79,205,217
1049,Electronics_Batteries_1049,2024-12-01,11227.334336853028,11792.640369415283,-565.3060325622555,-4.79,102,105
1061,Personal Care_Skincare_1061,2023-06-01,7480.979957580566,7857.719955444336,-376.73999786376953,-4.79,139,146
1059,Electronics_Cables_1059,2024-08-01,4578.1570144653315,4807.656010437009,-229.4989959716777,-4.77,239,250
1089,Electronics_Mobile Accessories_1089,2023-05-01,8441.599609375,8864.820647048951,-423.2210376739513,-4.77,128,167
1141,Beverages_Coffee_1141,2021-08-01,1313.3299763202667,1379.0149791240692,-65.68500280380249,-4.76,172,189
1178,Beverages_Soft Drinks_1178,2023-10-01,1915.2000427246094,2010.9600448608398,-95.76000213623047,-4.76,80,84
1178,Beverages_Soft Drinks_1178,2025-10-01,1915.2000427246094,2010.9600448608398,-95.76000213623047,-4.76,80,84
1197,Electronics_Mobile Accessories_1197,2021-02-01,2975.2859406471252,3123.7019448280334,-148.4160041809082,-4.75,212,216
1127,Grocery_Rice_1127,2023-08-01,2932.5980361938473,3077.954035949708,-145.35599975586092,-4.72,181,200
1035,Electronics_Batteries_1035,2023-10-01,19875.780395507812,20857.300415039062,-981.52001953125,-4.71,81,85
1049,Electronics_Batteries_1049,2022-05-01,14991.550464630127,15730.05048751831,-738.5000228881836,-4.69,133,176
1062,Personal Care_Deodorant_1062,2025-02-01,5540.019951057435,5812.399948692322,-272.37999763488733,-4.69,224,235
1158,Snacks_Crackers_1158,2023-08-01,1133.7880086898804,1189.4940161705017,-55.70600748062134,-4.68,184,210
1196,Grocery_Pasta_1196,2024-05-01,3113.760055541992,3266.5325677871706,-152.7725122451784,-4.68,104,120
1179,Household_Cleaning Supplies_1179,2023-10-01,2941.680015563965,3085.8800163269043,-144.20000076293945,-4.67,102,107
1129,Electronics_Chargers_1129,2023-08-01,22173.83142700196,23255.943402099605,-1082.1119750976468,-4.65,189,195
1042,Grocery_Canned Goods_1042,2021-08-01,6519.031085586549,6836.444082641602,-317.412997055053,-4.64,164,174
1166,Grocery_Spices_1166,2022-02-01,8424.472638130188,8834.44513130188,-409.9724931716919,-4.64,229,236
1061,Personal Care_Skincare_1061,2023-02-01,10207.1624710083,10700.564968872064,-493.40249786376444,-4.61,226,236
1161,Electronics_Batteries_1161,2024-08-01,14418.764202880862,15115.577223205566,-696.8130203247038,-4.61,198,207
1124,Dairy_Cheese_1124,2024-10-01,1960.460069656372,2054.9400730133057,-94.4800033569336,-4.60,83,87
1035,Electronics_Batteries_1035,2021-06-01,31654.020629882812,33178.67011642456,-1524.649486541748,-4.60,129,169
1036,Electronics_Mobile Accessories_1036,2022-02-01,16855.795417785645,17666.70798110962,-810.9125633239746,-4.59,254,253
1032,Snacks_Chocolates_1032,2021-08-01,2513.9800114631657,2634.6305266857144,-120.65051522254862,-4.58,182,202
1153,Electronics_Batteries_1153,2022-10-01,13500.480102539062,14143.360107421875,-642.8800048828125,-4.55,84,88
1151,Electronics_Cables_1151,2024-05-01,17413.059478759766,18240.49157142639,-827.432092666626,-4.54,122,140
1030,Dairy_Cream_1030,2022-02-01,3942.4051637649536,4129.745171546936,-187.34000778198242,-4.54,248,267
1034,Household_Cleaning Supplies_1034,2024-05-01,6792.08016204834,7114.686632156371,-322.6064701080313,-4.53,118,136
1068,Electronics_Chargers_1068,2025-08-01,16918.293957519534,17720.83203735352,-802.5380798339866,-4.53,203,216
1062,Personal Care_Deodorant_1062,2024-06-01,3454.6510368347167,3618.320037841797,-163.66900100708017,-4.52,124,124
1111,Snacks_Nuts_1111,2025-02-01,2105.2280656814573,2204.464068031312,-99.23600234985452,-4.50,197,211
1178,Beverages_Soft Drinks_1178,2023-09-01,2010.9600448608398,2105.660005569458,-94.69996070861816,-4.50,84,111
1172,Electronics_Chargers_1172,2023-06-01,17557.521560668945,18378.899505615234,-821.3779449462891,-4.47,158,162
1107,Electronics_Mobile Accessories_1107,2021-12-01,21388.876495361328,22390.454561614995,-1001.5780662536672,-4.47,137,151
1006,Beverages_Coffee_1006,2025-02-01,2155.392436027527,2256.2434406280518,-100.8510046005249,-4.47,211,214
1056,Snacks_Nuts_1056,2023-05-01,735.5400023460388,769.839011001587,-34.299008655548164,-4.46,123,164
1073,Electronics_Chargers_1073,2022-05-01,15656.8296585083,16386.359687805176,-729.530029296875,-4.45,141,179
1167,Grocery_Rice_1167,2025-06-01,5231.760177612305,5474.600189208984,-242.8400115966797,-4.44,122,124
1093,Snacks_Chips_1093,2022-08-01,1189.271981430054,1244.3519832611087,-55.08000183105469,-4.43,173,178
1137,Snacks_Nuts_1137,2023-06-01,745.1679805755616,779.5199756622314,-34.35199508666983,-4.41,117,116
1082,Household_Detergent_1082,2023-07-01,5918.491954803467,6191.703971862793,-273.2120170593262,-4.41,166,148
1105,Beverages_Water_1105,2024-06-01,2052.475109100342,2147.0401153564453,-94.56500625610352,-4.40,123,126
1113,Dairy_Cheese_1113,2021-10-01,2200.230079650879,2301.3900833129883,-101.16000366210938,-4.40,87,91
1144,Household_Detergent_1144,2021-02-01,2777.658497190476,2905.264999866486,-127.60650267601022,-4.39,239,237
1143,Dairy_Cheese_1143,2023-08-01,2383.371951293945,2492.1599578857426,-108.78800659179751,-4.37,168,179
1042,Grocery_Canned Goods_1042,2021-11-01,3048.7100982666016,3187.9001083374023,-139.19001007080078,-4.37,73,71
1019,Electronics_Cables_1019,2023-02-01,34364.1122428894,35929.232241821286,-1565.1199989318848,-4.36,198,204
1022,Household_Cleaning Supplies_1022,2021-04-01,5715.2399253845215,5975.37996673584,-260.14004135131836,-4.35,134,109
1197,Electronics_Mobile Accessories_1197,2022-10-01,1547.0399932861328,1617.359992980957,-70.31999969482422,-4.35,88,92
1173,Electronics_Batteries_1173,2025-03-01,25258.69334793091,26405.183444976807,-1146.4900970458984,-4.34,210,195
1200,Beverages_Juices_1200,2023-06-01,687.8719787597656,719.0399780273438,-31.167999267578125,-4.33,94,96
1007,Personal Care_Shampoo_1007,2021-08-01,9550.560020446781,9983.031025695802,-432.4710052490209,-4.33,161,168
1083,Dairy_Cheese_1083,2021-02-01,2525.3400311470023,2639.6200343132014,-114.2800031661991,-4.33,218,234
1142,Electronics_Mobile Accessories_1142,2024-03-01,2559.82603263855,2675.4345214366913,-115.60848879814148,-4.32,187,208
1142,Electronics_Mobile Accessories_1142,2023-02-01,3418.3260402679443,3572.150534391403,-153.82449412345886,-4.31,253,272
1093,Snacks_Chips_1093,2023-08-01,1318.5280132293701,1377.912013053894,-59.383999824523926,-4.31,211,217
1098,Electronics_Mobile Accessories_1098,2023-05-01,13665.959838867188,14280.635897827147,-614.6760589599598,-4.30,132,176
1139,Dairy_Cream_1139,2023-04-01,2617.536944007874,2735.225903320312,-117.68895931243833,-4.30,142,128
1034,Household_Cleaning Supplies_1034,2023-07-01,6555.080019378662,6849.640163421631,-294.5601440429691,-4.30,147,119
1113,Dairy_Cheese_1113,2025-07-01,2672.0640506744385,2791.425078392029,-119.36102771759033,-4.28,122,120
1142,Electronics_Mobile Accessories_1142,2023-06-01,1527.0880334854126,1595.280035018921,-68.19200153350835,-4.27,98,102
1130,Snacks_Nuts_1130,2023-02-01,3107.4025492668156,3246.067549228669,-138.66499996185348,-4.27,219,230
1152,Personal Care_Toothpaste_1152,2024-10-01,4854.599876403809,5070.3598709106445,-215.75999450683594,-4.26,90,94
1044,Snacks_Biscuits_1044,2023-07-01,2674.806083679199,2793.470115661621,-118.66403198242188,-4.25,153,130
1152,Personal Care_Toothpaste_1152,2021-02-01,9828.397204971314,10262.739697265628,-434.34249229431407,-4.23,223,228
1129,Electronics_Chargers_1129,2023-07-01,23255.943402099605,24283.191412353517,-1027.248010253912,-4.23,195,165
1139,Dairy_Cream_1139,2025-03-01,3620.879873466491,3780.3198490142818,-159.4399755477907,-4.22,214,197
1159,Electronics_Batteries_1159,2024-02-01,33988.97227478028,35475.12106018067,-1486.1487854003863,-4.19,220,240
1188,Grocery_Spices_1188,2025-08-01,3228.6179512023928,3369.5899715423566,-140.97202033996382,-4.18,178,191
1177,Snacks_Chips_1177,2023-02-01,493.36550167798987,514.8285007596016,-21.46299908161177,-4.17,208,215
1014,Dairy_Butter_1014,2021-11-01,675.3199946880341,704.6999931335449,-29.379998445510864,-4.17,99,90
1160,Snacks_Nuts_1160,2024-08-01,950.6399810314178,991.8719823360443,-41.232001304626465,-4.16,170,182
1105,Beverages_Water_1105,2025-08-01,2163.8160461425787,2257.848056030274,-94.0320098876955,-4.16,149,153
1085,Personal Care_Skincare_1085,2023-08-01,3280.479888916016,3422.1098834991453,-141.62999458312925,-4.14,161,171
1002,Dairy_Cream_1002,2023-12-01,1464.5739559173585,1527.6939497947692,-63.11999387741071,-4.13,110,113
1042,Grocery_Canned Goods_1042,2025-07-01,6608.831088638307,6892.0601806640625,-283.22909202575556,-4.11,166,164
1065,Electronics_Chargers_1065,2025-08-01,26708.555400085446,27852.010415649413,-1143.4550155639663,-4.11,169,176
1085,Personal Care_Skincare_1085,2024-11-01,1864.099941253662,1943.989938735962,-79.8899974822998,-4.11,70,73
1072,Electronics_Chargers_1072,2023-04-01,25819.1175704956,26923.459579467773,-1104.342008972173,-4.10,124,131
1049,Electronics_Batteries_1049,2025-03-01,20104.73529434204,20964.00259094238,-859.2672966003374,-4.10,239,206
1029,Grocery_Canned Goods_1029,2022-02-01,4814.009969234467,5019.8099637031555,-205.79999446868896,-4.10,229,232
1098,Electronics_Mobile Accessories_1098,2023-06-01,13106.849853515625,13665.959838867188,-559.1099853515625,-4.09,132,132
1016,Grocery_Rice_1016,2023-07-01,2600.880048751831,2711.4800731658934,-110.60002441406232,-4.08,177,142
1024,Grocery_Canned Goods_1024,2024-07-01,1137.5279863357541,1185.7499957084656,-48.222009372711454,-4.07,145,140
1046,Household_Paper Products_1046,2023-02-01,11248.962765121458,11724.493758392327,-475.53099327086966,-4.06,233,247
1101,Snacks_Crackers_1101,2024-06-01,2558.1920192718508,2666.440008163452,-108.24798889160138,-4.06,120,107
1160,Snacks_Nuts_1160,2025-03-01,934.1309783935549,973.6049860954284,-39.474007701873575,-4.05,223,187
1006,Beverages_Coffee_1006,2022-06-01,1514.3999862670898,1578.254986524582,-63.855000257492065,-4.05,120,129
1006,Beverages_Coffee_1006,2021-11-01,1077.8489902496337,1123.1799898147583,-45.33099956512456,-4.04,90,89
1004,Beverages_Juices_1004,2021-02-01,3937.9650229454032,4103.205007839202,-165.23998489379892,-4.03,195,195
1021,Grocery_Canned Goods_1021,2025-03-01,4672.956023025513,4868.920517826083,-195.9644948005698,-4.02,234,203
1131,Snacks_Crackers_1131,2025-08-01,3453.3000497818007,3597.6000652313232,-144.30001544952256,-4.01,169,178
1118,Dairy_Milk_1118,2023-11-01,2229.4200649261475,2322.6000747680664,-93.18000984191895,-4.01,101,98
1138,Household_Cleaning Supplies_1138,2023-08-01,7606.103970336913,7920.9838989257805,-314.8799285888672,-3.98,218,205
1032,Snacks_Chocolates_1032,2025-03-01,2072.801958274841,2158.6410241127014,-85.83906583786029,-3.98,201,174
1034,Household_Cleaning Supplies_1034,2024-06-01,6523.251155090332,6792.08016204834,-268.829006958008,-3.96,122,118
1085,Personal Care_Skincare_1085,2021-04-01,2711.137411594391,2822.7799110412598,-111.6424994468689,-3.96,132,106
1045,Electronics_Cables_1045,2023-04-01,12331.643830871582,12838.858517456061,-507.21468658447884,-3.95,116,101
1193,Beverages_Tea_1193,2024-11-01,1025.8109939575195,1067.9899911880493,-42.17899723052983,-3.95,78,77
1197,Electronics_Mobile Accessories_1197,2025-02-01,3379.5839443206787,3518.321937084198,-138.7379927635193,-3.94,230,244
1058,Personal Care_Soap_1058,2024-02-01,8131.22756290436,8464.87912864685,-333.65156574248977,-3.94,204,225
1075,Snacks_Crackers_1075,2022-02-01,2085.1674616336823,2170.41246008873,-85.24499845504761,-3.93,222,231
1086,Grocery_Rice_1086,2025-06-01,1823.2350499629974,1897.560052871704,-74.32500290870667,-3.92,125,126
1181,Personal Care_Soap_1181,2024-04-01,4609.815034103393,4797.204018402099,-187.3889842987055,-3.91,135,147
1188,Grocery_Spices_1188,2022-06-01,2262.179906845093,2353.799909591675,-91.62000274658203,-3.89,111,126
1071,Grocery_Canned Goods_1071,2025-03-01,962.9519678592682,1001.7784819602966,-38.826514101028465,-3.88,254,211
1037,Electronics_Cables_1037,2024-02-01,45175.38587188723,47001.22588348391,-1825.8400115966797,-3.88,296,309
1031,Snacks_Chips_1031,2025-08-01,2499.606022453307,2600.2259908676147,-100.61996841430755,-3.87,181,199
1126,Beverages_Soft Drinks_1126,2023-05-01,3315.3000984191895,3448.880050659179,-133.57995223998932,-3.87,129,161
1161,Electronics_Batteries_1161,2023-07-01,9575.46405639648,9958.88840942383,-383.42435302734884,-3.85,145,123
1116,Personal Care_Skincare_1116,2021-02-01,15518.120455551147,16139.680445098878,-621.5599895477317,-3.85,235,256
1079,Beverages_Juices_1079,2023-07-01,601.9519779205323,626.0799770355223,-24.127999114990075,-3.85,146,124
1159,Electronics_Batteries_1159,2021-04-01,17296.020080566406,17986.080184936523,-690.0601043701172,-3.84,112,101
1145,Household_Trash Bags_1145,2024-06-01,1322.586007118225,1375.2000045776367,-52.61399745941162,-3.83,120,120
1086,Grocery_Rice_1086,2023-05-01,1716.8400478363037,1785.125042963028,-68.2849951267242,-3.83,114,140
1130,Snacks_Nuts_1130,2023-06-01,1799.9880599975586,1871.4600677490234,-71.47200775146484,-3.82,110,111
1077,Household_Cleaning Supplies_1077,2025-03-01,7248.051833343504,7535.674798965454,-287.62296562195024,-3.82,215,193
1080,Snacks_Chips_1080,2025-10-01,1691,1757.75,-66.75,-3.80,76,79
1033,Household_Paper Products_1033,2022-02-01,5543.184866905212,5762.154854774475,-218.9699878692627,-3.80,233,238
1116,Personal Care_Skincare_1116,2021-10-01,5937.120208740234,6171.4802169799805,-234.3600082397461,-3.80,76,79
1194,Dairy_Butter_1194,2023-11-01,741.1030095100401,770.4000091552734,-29.296999645233313,-3.80,81,80
1016,Grocery_Rice_1016,2022-05-01,2788.4250712394714,2897.7750306129456,-109.34995937347412,-3.77,150,209
1067,Grocery_Cereals_1067,2025-06-01,6202.479969024658,6444.099960327148,-241.61999130249023,-3.75,133,130
1044,Snacks_Biscuits_1044,2024-10-01,1677.8300704956055,1743.2000732421875,-65.37000274658203,-3.75,77,80
1132,Dairy_Butter_1132,2024-11-01,2577.6424140930176,2678.0599060058594,-100.4174919128418,-3.75,77,77
1042,Grocery_Canned Goods_1042,2024-07-01,6221.793078231813,6462.008215332031,-240.21513710021827,-3.72,157,148
1054,Snacks_Chips_1054,2022-05-01,1267.749964594841,1316.6999816894531,-48.95001709461212,-3.72,143,179
1029,Grocery_Canned Goods_1029,2024-06-01,3706.7939586639404,3850.1999473571777,-143.4059886932373,-3.72,140,138
1028,Household_Paper Products_1028,2024-05-01,4554.019866943359,4729.805838775634,-175.7859718322743,-3.72,109,125
1050,Snacks_Chips_1050,2025-06-01,2233.3450191020966,2319.200019836426,-85.85500073432922,-3.70,130,130
1129,Electronics_Chargers_1129,2021-08-01,20254.687585449217,21032.225059127806,-777.5374736785889,-3.70,150,158
1028,Household_Paper Products_1028,2023-10-01,3300.619903564453,3425.9598999023438,-125.33999633789062,-3.66,79,82
1109,Electronics_Batteries_1109,2023-06-01,4243.049942016602,4403.189926147461,-160.13998413085938,-3.64,122,121
1178,Beverages_Soft Drinks_1178,2021-10-01,1292.7600288391113,1340.6400299072266,-47.880001068115234,-3.57,54,56
1086,Grocery_Rice_1086,2024-02-01,2782.4000570774074,2884.440061330796,-102.04000425338882,-3.54,225,229
1027,Snacks_Chips_1027,2022-06-01,659.4500207901001,683.6800193786621,-24.22999858856201,-3.54,109,120
1055,Dairy_Butter_1055,2021-08-01,1533.8420026779177,1590.021996068954,-56.179993391036305,-3.53,154,164
1129,Electronics_Chargers_1129,2025-08-01,27441.37544555663,28445.523419189456,-1004.1479736328256,-3.53,205,211
1156,Personal Care_Soap_1156,2022-08-01,4704.887999153137,4876.185988616944,-171.29798946380743,-3.51,157,166
1156,Personal Care_Soap_1156,2022-12-01,4088.6120885849,4237.059590530395,-148.44750194549533,-3.50,121,130
1198,Dairy_Cheese_1198,2024-03-01,4487.141020011903,4649.94603652954,-162.80501651763734,-3.50,199,215
1158,Snacks_Crackers_1158,2021-11-01,631.4819999694823,654.2999982833862,-22.8179983139039,-3.49,94,90
1121,Grocery_Rice_1121,2025-02-01,5782.299970626831,5991.269963264465,-208.96999263763428,-3.49,218,224
1023,Personal Care_Toothpaste_1023,2022-10-01,5048.05997467041,5230.519973754883,-182.45999908447266,-3.49,83,86
1050,Snacks_Chips_1050,2022-05-01,2512.0950214862823,2602.4100222587585,-90.3150007724762,-3.47,150,194
1133,Electronics_Mobile Accessories_1133,2022-05-01,4923.087284088135,5098.914825439453,-175.82754135131836,-3.45,152,211
1138,Household_Cleaning Supplies_1138,2021-10-01,3887.5198974609375,4026.359893798828,-138.83999633789062,-3.45,84,87
1143,Dairy_Cheese_1143,2022-08-01,2809.262895011903,2909.122908973694,-99.86001396179108,-3.43,179,194
1080,Snacks_Chips_1080,2024-11-01,1933.8360003471375,2002.5,-68.66399965286246,-3.43,95,90
1038,Electronics_Cables_1038,2023-05-01,12012.879852294922,12436.5077835083,-423.62793121337745,-3.41,121,164
1108,Dairy_Butter_1108,2021-10-01,3342.1999740600586,3460.1599731445312,-117.95999908447266,-3.41,85,88
1105,Beverages_Water_1105,2025-06-01,2238.6301045417786,2317.4401245117188,-78.81001996994019,-3.40,141,136
1056,Snacks_Nuts_1056,2024-11-01,496.7820023059845,514.2800016403198,-17.497999334335304,-3.40,90,86
1059,Electronics_Cables_1059,2021-02-01,4293.427360725402,4444.357358741761,-150.9299980163596,-3.40,243,249
1057,Beverages_Tea_1057,2023-06-01,3071.1600608825684,3178.920063018799,-107.76000213623047,-3.39,114,118
1107,Electronics_Mobile Accessories_1107,2023-06-01,17395.33042907715,18006.240478515625,-610.9100494384766,-3.39,110,112
1118,Dairy_Milk_1118,2023-08-01,3411.8520011901855,3531.300022125244,-119.4480209350586,-3.38,176,176
1006,Beverages_Coffee_1006,2023-12-01,1290.1049852371216,1335.2099872112274,-45.10500197410579,-3.38,105,111
1024,Grocery_Canned Goods_1024,2025-10-01,755.9399967193604,782.3099966049194,-26.369999885559082,-3.37,86,89
1138,Household_Cleaning Supplies_1138,2022-06-01,4813.119873046875,4980.884868621826,-167.76499557495117,-3.37,104,112
1095,Snacks_Chocolates_1095,2023-07-01,2665.559984207153,2758.112008666992,-92.55202445983923,-3.36,167,134
1070,Grocery_Canned Goods_1070,2022-11-01,4770.395852279663,4936.229839324951,-165.83398704528827,-3.36,120,117
1149,Electronics_Chargers_1149,2024-08-01,17219.950256347656,17817.576260375972,-597.626004028316,-3.35,190,199
1160,Snacks_Nuts_1160,2024-05-01,679.7999811172485,703.3044832229614,-23.504502105712845,-3.34,110,120
1109,Electronics_Batteries_1109,2025-08-01,5862.329956054688,6065.0249511718785,-202.69499511719005,-3.34,182,187
1110,Grocery_Canned Goods_1110,2021-04-01,1530.4250073432922,1583.2599868774414,-52.83497953414917,-3.34,105,86
1057,Beverages_Tea_1057,2025-03-01,4399.540115356446,4550.800010681152,-151.25989532470612,-3.32,250,200
1188,Grocery_Spices_1188,2023-11-01,1379.2749538421633,1426.599941253662,-47.324987411498796,-3.32,85,70
1193,Beverages_Tea_1193,2021-10-01,1220.5599899291992,1262.1699895858765,-41.609999656677246,-3.30,88,91
1192,Dairy_Milk_1192,2024-02-01,3613.2179790496825,3736.4234578132637,-123.20547876358114,-3.30,210,207
1175,Household_Trash Bags_1175,2023-05-01,7898.880020141602,8167.259932518005,-268.3799123764038,-3.29,132,172
1131,Snacks_Crackers_1131,2021-08-01,3382.890051841736,3497.60801448822,-114.71796264648401,-3.28,166,168
1070,Grocery_Canned Goods_1070,2025-06-01,4530.109859466553,4683.089847564697,-152.97998809814453,-3.27,117,111
1057,Beverages_Tea_1057,2024-11-01,2397.660047531128,2478.480049133301,-80.82000160217285,-3.26,89,92
1110,Grocery_Canned Goods_1110,2023-08-01,3059.989933013916,3163.0299415588374,-103.04000854492142,-3.26,222,215
1102,Snacks_Biscuits_1102,2024-12-01,2235.428086090088,2310.5400970458986,-75.11201095581055,-3.25,106,109
1128,Grocery_Spices_1128,2022-05-01,2558.3099937438965,2644.320020675659,-86.0100269317627,-3.25,98,145
1160,Snacks_Nuts_1160,2022-02-01,1099.4999688863754,1136.459967970848,-36.959999084472656,-3.25,250,242
1082,Household_Detergent_1082,2023-12-01,4292.483975982666,4436.422492504121,-143.9385165214544,-3.24,100,108
1169,Beverages_Soft Drinks_1169,2022-11-01,630.5340155601501,651.6300163269043,-21.096000766754173,-3.24,107,107
1176,Snacks_Chocolates_1176,2024-05-01,833.2599906921387,861.0834911108018,-27.823500418663116,-3.23,122,142
1058,Personal Care_Soap_1058,2022-08-01,7608.782160568238,7859.9961122512805,-251.21395168304207,-3.20,196,200
1044,Snacks_Biscuits_1044,2025-03-01,3614.290101623535,3733.898125839233,-119.60802421569815,-3.20,223,203
1024,Grocery_Canned Goods_1024,2022-11-01,697.7319972991943,720.7799968719482,-23.04799957275395,-3.20,84,82
1113,Dairy_Cheese_1113,2023-10-01,2301.3900833129883,2377.2600860595703,-75.87000274658203,-3.19,91,94
1174,Electronics_Mobile Accessories_1174,2021-02-01,44298.0606842041,45755.828758239746,-1457.7680740356445,-3.19,220,223
1033,Household_Paper Products_1033,2025-08-01,6073.1999588012695,6272.359939575195,-199.15998077392578,-3.18,210,215
1195,Snacks_Chocolates_1195,2023-08-01,2837.039989471435,2929.9919849395746,-92.95199546813956,-3.17,168,180
1069,Grocery_Spices_1069,2021-02-01,8155.848091888428,8421.448043632508,-265.5999517440805,-3.15,254,254
1096,Electronics_Mobile Accessories_1096,2023-11-01,8670.656065368654,8949.91007232666,-279.25400695800636,-3.12,80,79
1008,Personal Care_Shampoo_1008,2023-05-01,4701.579853057861,4852.619997406005,-151.04014434814326,-3.11,107,136
1198,Dairy_Cheese_1198,2021-08-01,4257.129955291748,4393.53695602417,-136.4070007324217,-3.10,189,194
1071,Grocery_Canned Goods_1071,2025-10-01,516.0599784851074,532.5299777984619,-16.469999313354492,-3.09,94,97
1153,Electronics_Batteries_1153,2021-07-01,15110.214667510985,15589.840118408203,-479.6254508972179,-3.08,108,97
1097,Snacks_Crackers_1097,2021-08-01,411.20998339653005,424.2449834823609,-13.035000085830859,-3.07,175,184
1053,Snacks_Crackers_1053,2023-07-01,1505.6459506988522,1553.177949142456,-47.531998443603925,-3.06,162,138
1133,Electronics_Mobile Accessories_1133,2022-11-01,3150.399865722656,3249.599853515625,-99.19998779296884,-3.05,100,96
1072,Electronics_Chargers_1072,2024-08-01,33537.13102111816,34590.30503540039,-1053.174014282231,-3.04,159,160
1001,Electronics_Chargers_1001,2021-10-01,10531.83984375,10860.959838867188,-329.1199951171875,-3.03,64,66
1094,Grocery_Rice_1094,2021-12-01,2229.6799896240236,2299.2400085449217,-69.56001892089807,-3.03,101,106
1091,Dairy_Butter_1091,2025-06-01,1237.3199690580368,1276.039966583252,-38.71999752521515,-3.03,149,146
1008,Personal Care_Shampoo_1008,2023-08-01,5557.360050964356,5729.560104370115,-172.20005340575972,-3.01,165,179
1101,Snacks_Crackers_1101,2025-02-01,5120.438045501709,5278.296047210693,-157.85800170898438,-2.99,246,254
1099,Personal Care_Toothpaste_1099,2024-04-01,5158.092010498047,5316.956043243408,-158.86403274536133,-2.99,115,125
1091,Dairy_Butter_1091,2024-08-01,1290.8579732894898,1330.496973323822,-39.639000034332184,-2.98,164,171
1109,Electronics_Batteries_1109,2023-11-01,2930.6549509048464,3020.3699493408203,-89.71499843597394,-2.97,84,83
1070,Grocery_Canned Goods_1070,2021-10-01,4176.809864044189,4303.379859924316,-126.56999588012695,-2.94,99,102
1081,Snacks_Nuts_1081,2025-08-01,1584.320050621033,1631.7600505828857,-47.43999996185266,-2.91,175,182
1038,Electronics_Cables_1038,2025-07-01,13548.58479995728,13955.044828414917,-406.46002845763724,-2.91,153,148
1066,Household_Cleaning Supplies_1066,2021-11-01,4253.714893341064,4380.639892578125,-126.92499923706055,-2.90,88,88
1177,Snacks_Chips_1177,2021-08-01,450.9039879322052,464.36948885917667,-13.465500926971458,-2.90,175,185
1184,Snacks_Chocolates_1184,2022-11-01,1849.6229866027832,1904.8499870300293,-55.22700042724614,-2.90,86,85
1194,Dairy_Butter_1194,2021-12-01,845.1000080108643,870.2540075302124,-25.15399951934819,-2.89,91,97
1054,Snacks_Chips_1054,2023-02-01,1641.910983228684,1690.6499791145327,-48.73899588584868,-2.88,199,202
1089,Electronics_Mobile Accessories_1089,2022-11-01,5957.78223323822,6133.349716186523,-175.56748294830322,-2.86,99,93
1133,Electronics_Mobile Accessories_1133,2021-10-01,2301.7998962402344,2369.4998931884766,-67.69999694824219,-2.86,68,70
1136,Personal Care_Shampoo_1136,2024-12-01,6264.304587936402,6448.47458896637,-184.17000102996826,-2.86,107,111
1190,Dairy_Milk_1190,2022-01-01,2677.339994907379,2756.1880214691164,-78.84802656173724,-2.86,189,140
1177,Snacks_Chips_1177,2024-06-01,386.23998832702637,397.5999879837036,-11.359999656677246,-2.86,136,140
1131,Snacks_Crackers_1131,2024-03-01,3874.527497673034,3988.0700115203854,-113.54251384735153,-2.85,192,201
1003,Household_Cleaning Supplies_1003,2021-10-01,828,852,-24,-2.82,69,71
1168,Snacks_Chips_1168,2024-05-01,2370.8801040649414,2439.587578201294,-68.70747413635263,-2.82,124,141
1196,Grocery_Pasta_1196,2025-06-01,3433.8150424957275,3532.920063018799,-99.10502052307129,-2.81,123,118
1007,Personal Care_Shampoo_1007,2025-07-01,8044.677026367187,8277.277747154236,-232.60072078704889,-2.81,135,134
1132,Dairy_Butter_1132,2021-07-01,4563.5198629379265,4695.299835205078,-131.7799722671516,-2.81,146,135
1157,Household_Cleaning Supplies_1157,2022-05-01,2142.322520971298,2204.3725306987762,-62.05000972747803,-2.81,160,194
1135,Household_Trash Bags_1135,2022-11-01,4858.410152435303,4998.510166168213,-140.10001373291016,-2.80,102,99
1170,Dairy_Yogurt_1170,2022-05-01,2593.31990814209,2668.1399116516113,-74.82000350952148,-2.80,127,162
1051,Electronics_Cables_1051,2021-11-01,5272.729885101318,5422.599884033203,-149.86999893188477,-2.76,79,76
1080,Snacks_Chips_1080,2023-11-01,1687.5480000495909,1735.5,-47.95199995040912,-2.76,77,78
1023,Personal Care_Toothpaste_1023,2023-10-01,4318.2199783325195,4439.859977722168,-121.63999938964844,-2.74,71,73
1016,Grocery_Rice_1016,2024-03-01,3093.2920852661136,3179.7320877075194,-86.4400024414058,-2.72,183,193
1012,Beverages_Juices_1012,2023-11-01,1111.144529056549,1142.1000308990479,-30.95550184249896,-2.71,84,81
1019,Electronics_Cables_1019,2021-02-01,44912.584322357194,46158.348290252696,-1245.763967895502,-2.70,260,257
1025,Household_Detergent_1025,2021-08-01,1078.807991027832,1108.7169752120972,-29.908984184265137,-2.70,147,146
1131,Snacks_Crackers_1131,2025-02-01,4369.000032424926,4490.15751171112,-121.15747928619385,-2.70,225,226
1117,Snacks_Crackers_1117,2022-10-01,715.6799697875977,735.5599689483643,-19.8799991607666,-2.70,72,74
1007,Personal Care_Shampoo_1007,2025-05-01,7062.300224304199,7257.340232849121,-195.04000854492188,-2.69,105,113
1065,Electronics_Chargers_1065,2024-06-01,20073.442224121092,20628.280212402344,-554.8379882812515,-2.69,119,116
1047,Household_Detergent_1047,2022-02-01,4978.460040092468,5116.150046825409,-137.69000673294067,-2.69,186,185
1094,Grocery_Rice_1094,2025-02-01,4790.486396694182,4922.23592529297,-131.74952859878795,-2.68,253,245
1162,Dairy_Yogurt_1162,2022-05-01,2998.0499505996704,3080.5499200820923,-82.49996948242188,-2.68,121,160
1150,Electronics_Batteries_1150,2025-03-01,21564.899620056152,22158.275243377688,-593.3756233215354,-2.68,240,205
1176,Snacks_Chocolates_1176,2022-11-01,611.5259935855865,628.359992980957,-16.833999395370483,-2.68,93,92
1042,Grocery_Canned Goods_1042,2022-11-01,3453.438111114502,3547.1001205444336,-93.66200942993146,-2.64,85,79
1133,Electronics_Mobile Accessories_1133,2022-08-01,5225.770812034607,5366.315814971924,-140.5450029373169,-2.62,169,176
1095,Snacks_Chocolates_1095,2021-02-01,3881.289095020293,3985.8150858879076,-104.52599086761438,-2.62,228,228
1129,Electronics_Chargers_1129,2021-12-01,17552.13557739258,18022.903570556642,-470.7679931640632,-2.61,117,122
1150,Electronics_Batteries_1150,2024-05-01,16775.639923095703,17226.006394195556,-450.3664710998528,-2.61,126,144
1035,Electronics_Batteries_1035,2024-04-01,39545.35281982421,40601.614007568365,-1056.2611877441523,-2.60,171,186
1179,Household_Cleaning Supplies_1179,2022-10-01,2163.000011444092,2220.6800117492676,-57.68000030517578,-2.60,75,77
1073,Electronics_Chargers_1073,2023-12-01,11015.047764205932,11305.51475830078,-290.4669940948479,-2.57,94,102
1051,Electronics_Cables_1051,2021-10-01,5422.599884033203,5565.299880981445,-142.6999969482422,-2.56,76,78
1050,Snacks_Chips_1050,2025-02-01,3319.4379964828495,3405.6320022582995,-86.19400577545002,-2.53,223,222
1029,Grocery_Canned Goods_1029,2021-08-01,3548.880054473877,3640.4430434226992,-91.5629889488223,-2.52,150,153
1149,Electronics_Chargers_1149,2022-08-01,13691.064212036132,14044.76621322632,-353.70200119018773,-2.52,147,153
1155,Electronics_Mobile Accessories_1155,2025-08-01,4068.492967605591,4172.677927017212,-104.1849594116211,-2.50,205,201
1115,Household_Paper Products_1115,2022-10-01,3449.1600952148438,3537.60009765625,-88.44000244140625,-2.50,78,80
1053,Snacks_Crackers_1053,2023-10-01,908.6999702453613,931.9999694824219,-23.299999237060547,-2.50,78,80
1178,Beverages_Soft Drinks_1178,2024-08-01,2957.399962997437,3032.549971389772,-75.15000839233517,-2.48,141,143
1032,Snacks_Chocolates_1032,2023-11-01,1315.902489566803,1349.2399864196777,-33.337496852874665,-2.47,92,89
1083,Dairy_Cheese_1083,2023-05-01,1998.7200164794922,2049.425036430359,-50.7050199508667,-2.47,144,188
1155,Electronics_Mobile Accessories_1155,2021-11-01,1941.6359390258788,1990.5599269866943,-48.923987960815566,-2.46,92,87
1070,Grocery_Canned Goods_1070,2024-12-01,4197.568880367279,4303.379859924316,-105.81097955703717,-2.46,104,102
1101,Snacks_Crackers_1101,2021-12-01,2708.3440128326415,2776.312011528015,-67.96799869537335,-2.45,113,116
1113,Dairy_Cheese_1113,2025-10-01,2023.2000732421875,2073.780075073242,-50.58000183105469,-2.44,80,82
1117,Snacks_Crackers_1117,2021-02-01,1700.7724469661716,1743.3549475669868,-42.58250060081514,-2.44,208,217
1128,Grocery_Spices_1128,2021-10-01,2126.3999938964844,2179.5599937438965,-53.15999984741211,-2.44,80,82
1054,Snacks_Chips_1054,2023-10-01,788.7999725341797,808.5199718475342,-19.719999313354492,-2.44,80,82
1172,Electronics_Chargers_1172,2024-07-01,16867.169686889647,17288.606579589843,-421.43689270019604,-2.44,173,158
1041,Snacks_Nuts_1041,2023-08-01,1786.7680335998534,1831.3360340118409,-44.56800041198744,-2.43,168,168
1107,Electronics_Mobile Accessories_1107,2022-02-01,25572.765522003174,26205.69059753418,-632.9250755310059,-2.42,226,205
1099,Personal Care_Toothpaste_1099,2023-10-01,4037.040012359619,4136.720012664795,-99.68000030517578,-2.41,81,83
1151,Electronics_Cables_1151,2021-05-01,23624.33007888794,24201.837230682373,-577.5071517944343,-2.39,194,212
1187,Personal Care_Skincare_1187,2022-08-01,10304.735971069333,10557.347985076907,-252.61201400757454,-2.39,160,167
1132,Dairy_Butter_1132,2022-10-01,2851.9598999023438,2921.5198974609375,-69.55999755859375,-2.38,82,84
1057,Beverages_Tea_1057,2021-12-01,2682.1400493621827,2747.344054794312,-65.20400543212918,-2.37,101,103
1053,Snacks_Crackers_1053,2024-11-01,1057.8344678163528,1083.4499645233154,-25.61549670696263,-2.36,96,93
1085,Personal Care_Skincare_1085,2025-06-01,3588.3698863983154,3674.939884185791,-86.56999778747559,-2.36,140,138
1110,Grocery_Canned Goods_1110,2024-10-01,1528.029987335205,1564.8499870300293,-36.81999969482422,-2.35,83,85
1061,Personal Care_Skincare_1061,2025-10-01,4520.879974365234,4628.519973754883,-107.63999938964844,-2.33,84,86
1069,Grocery_Spices_1069,2024-04-01,4502.683965301514,4609.9280422210695,-107.24407691955548,-2.33,134,142
1187,Personal Care_Skincare_1187,2025-06-01,8990.039794921875,9204.149803161621,-214.1100082397461,-2.33,140,129
1045,Electronics_Cables_1045,2022-08-01,17832.078079223633,18255.708099365234,-423.63002014160156,-2.32,143,146
1054,Snacks_Chips_1054,2024-02-01,2086.171970176697,2135.5059746742254,-49.33400449752844,-2.31,246,256
1134,Household_Paper Products_1134,2023-10-01,1175.5499935150146,1203.2099933624268,-27.65999984741211,-2.30,85,87
1123,Beverages_Water_1123,2024-02-01,1877.4500179290771,1921.1050176620483,-43.65499973297119,-2.27,230,235
1173,Electronics_Batteries_1173,2024-04-01,18373.607968902586,18796.78367614746,-423.1757072448745,-2.25,124,136
1026,Snacks_Biscuits_1026,2024-04-01,616.1879896163941,630.2779994964599,-14.090009880065736,-2.24,121,132
1052,Snacks_Crackers_1052,2024-11-01,1500.482027244568,1534.5600280761719,-34.07800083160396,-2.22,94,92
1086,Grocery_Rice_1086,2021-12-01,1616.260043525696,1652.9520404815676,-36.69199695587167,-2.22,112,122
1113,Dairy_Cheese_1113,2024-07-01,3432.0240755081177,3509.190129089355,-77.16605358123752,-2.20,153,151
1111,Snacks_Nuts_1111,2023-11-01,1166.976035118103,1193.2000398635864,-26.2240047454834,-2.20,101,95
1143,Dairy_Cheese_1143,2021-11-01,1228.6449410438538,1256.329933166504,-27.6849921226501,-2.20,77,73
1199,Electronics_Cables_1199,2022-08-01,41161.70936584473,42088.16929016114,-926.4599243164121,-2.20,199,209
1024,Grocery_Canned Goods_1024,2024-04-01,1305.701489663124,1334.7374783754349,-29.035988712310882,-2.18,165,181
1157,Household_Cleaning Supplies_1157,2021-10-01,1316.7000102996826,1345.9600105285645,-29.260000228881836,-2.17,90,92
1157,Household_Cleaning Supplies_1157,2025-10-01,1316.7000102996826,1345.9600105285645,-29.260000228881836,-2.17,90,92
1087,Snacks_Crackers_1087,2022-08-01,1297.3919673919677,1326.2039668083191,-28.811999416351455,-2.17,155,160
1020,Beverages_Juices_1020,2023-05-01,1454.160005569458,1486.2554844141011,-32.09547884464314,-2.16,146,191
1193,Beverages_Tea_1193,2022-11-01,1085.5789920806885,1109.5999908447266,-24.02099876403804,-2.16,80,80
1200,Beverages_Juices_1200,2024-04-01,823.1174779415129,841.2284779071807,-18.110999965667816,-2.15,124,127
1195,Snacks_Chocolates_1195,2025-06-01,2907.8800048828125,2970.6400108337402,-62.760005950927734,-2.11,146,142
1005,Household_Paper Products_1005,2023-05-01,2584.20011138916,2639.707549095154,-55.50743770599365,-2.10,146,190
1094,Grocery_Rice_1094,2024-03-01,3433.8069498062137,3506.9089521408077,-73.10200233459409,-2.08,170,172
1149,Electronics_Chargers_1149,2025-05-01,9840.100173950195,10045.194178771973,-205.09400482177807,-2.04,95,98
1036,Electronics_Mobile Accessories_1036,2024-03-01,12250.83611755371,12505.716897583006,-254.88078002929615,-2.04,158,175
1043,Electronics_Batteries_1043,2025-02-01,3742.2010803222656,3820.2360916137695,-78.0350112915039,-2.04,199,194
1165,Personal Care_Skincare_1165,2024-11-01,1474.3599367141724,1505.0999336242676,-30.739996910095215,-2.04,91,87
1172,Electronics_Chargers_1172,2023-02-01,19852.00234794616,20260.77176055908,-408.76941261292086,-2.02,218,213
1039,Beverages_Soft Drinks_1039,2023-05-01,2876.009983062744,2935.4039726257324,-59.39398956298828,-2.02,111,144
1022,Household_Cleaning Supplies_1022,2024-02-01,9437.299816131592,9632.179817199707,-194.88000106811523,-2.02,206,209
1042,Grocery_Canned Goods_1042,2024-11-01,4223.704138183593,4310.400146484375,-86.69600830078161,-2.01,101,96
1155,Electronics_Mobile Accessories_1155,2024-07-01,2955.4979553222656,3016.091902542114,-60.59394721984836,-2.01,144,141
1041,Snacks_Nuts_1041,2025-10-01,1348.48002243042,1376.0000228881836,-27.520000457763672,-2.00,98,100
1152,Personal Care_Toothpaste_1152,2021-08-01,9566.129804992677,9760.784791946413,-194.65498695373572,-1.99,199,199
1098,Electronics_Mobile Accessories_1098,2024-06-01,13495.124862670898,13769.489837646484,-274.36497497558594,-1.99,138,133
1066,Household_Cleaning Supplies_1066,2025-03-01,7204.519763183592,7349.355551338193,-144.8357881546017,-1.97,210,179
1069,Grocery_Spices_1069,2023-08-01,4988.191900634765,5087.771898651122,-99.57999801635651,-1.96,163,171
1091,Dairy_Butter_1091,2022-10-01,873.9999771118164,891.4799766540527,-17.479999542236328,-1.96,100,102
1112,Household_Paper Products_1112,2025-06-01,1170.3000140190125,1193.7000131607056,-23.399999141693115,-1.96,118,115
1144,Household_Detergent_1144,2025-07-01,1643.2140193939215,1675.500005722046,-32.28598632812441,-1.93,130,122
1164,Electronics_Cables_1164,2023-04-01,19294.713446044923,19671.032586669924,-376.3191406250007,-1.91,127,115
1125,Personal Care_Toothpaste_1125,2025-08-01,5107.953025817871,5207.609973907471,-99.65694808959961,-1.91,220,214
1087,Snacks_Crackers_1087,2022-05-01,1341.1500103473663,1367.3250032663345,-26.1749929189682,-1.91,145,185
1071,Grocery_Canned Goods_1071,2021-11-01,463.16398136615754,472.1399803161621,-8.975998950004566,-1.90,91,86
1042,Grocery_Canned Goods_1042,2025-03-01,7413.439177703858,7556.700102806091,-143.26092510223316,-1.90,236,203
1021,Grocery_Canned Goods_1021,2024-08-01,4473.285074234008,4560.1200897216795,-86.83501548767163,-1.90,177,184
1039,Beverages_Soft Drinks_1039,2023-07-01,3171.5199584960938,3232.5459785461426,-61.02602005004883,-1.89,153,128
1159,Electronics_Batteries_1159,2024-07-01,28526.457527160645,29075.186337280273,-548.7288101196282,-1.89,179,175
1195,Snacks_Chocolates_1195,2023-12-01,2258.24301404953,2301.8000124931336,-43.55699844360379,-1.89,111,121
1160,Snacks_Nuts_1160,2022-11-01,624.6359833717346,636.5399823188782,-11.903998947143577,-1.87,108,103
1122,Dairy_Yogurt_1122,2023-12-01,2277.0170291900636,2320.151028442383,-43.13399925231943,-1.86,74,74
1041,Snacks_Nuts_1041,2021-02-01,2493.914993333817,2541.1949993610383,-47.280006027221134,-1.86,222,221
1125,Personal Care_Toothpaste_1125,2023-02-01,5160.677932548523,5258.15394296646,-97.47601041793678,-1.85,223,233
1133,Electronics_Mobile Accessories_1133,2023-04-01,3897.244384002686,3969.9278457641603,-72.68346176147452,-1.83,140,127
1073,Electronics_Chargers_1073,2021-11-01,10399.658751678468,10593.439758300781,-193.78100662231373,-1.83,92,88
1079,Beverages_Juices_1079,2021-04-01,541.1249989271164,551.1999797821045,-10.074980854988098,-1.83,150,106
1179,Household_Cleaning Supplies_1179,2023-09-01,3085.8800163269043,3143.4399909973145,-57.559974670410156,-1.83,107,136
1014,Dairy_Butter_1014,2024-12-01,761.05299243927,775.1699924468994,-14.117000007629372,-1.82,102,99
1160,Snacks_Nuts_1160,2022-08-01,956.8439826965332,974.5679844617844,-17.72400176525116,-1.82,175,185
1087,Snacks_Crackers_1087,2021-08-01,1166.4719615936278,1188.1439721107483,-21.672010517120498,-1.82,143,146
1164,Electronics_Cables_1164,2022-11-01,11561.5162689209,11774.400329589844,-212.88406066894458,-1.81,67,60
1164,Electronics_Cables_1164,2021-08-01,31082.88181762696,31655.350958251965,-572.4691406250058,-1.81,181,182
1140,Personal Care_Shampoo_1140,2023-05-01,3979.3498306274414,4051.690418243408,-72.3405876159668,-1.79,111,142
1028,Household_Paper Products_1028,2021-04-01,3282.5849561691284,3342.39990234375,-59.81494617462158,-1.79,107,80
1066,Household_Cleaning Supplies_1066,2023-08-01,5362.067907714844,5459.591912841797,-97.52400512695294,-1.79,134,141
1070,Grocery_Canned Goods_1070,2022-02-01,6963.789806365967,7090.2998123168945,-126.51000595092773,-1.78,211,228
1042,Grocery_Canned Goods_1042,2022-08-01,6035.4580924987795,6144.565092086789,-109.10699958800978,-1.78,150,153
1191,Dairy_Butter_1191,2021-04-01,1089.2999649047852,1108.7999572753906,-19.49999237060547,-1.76,145,112
1183,Electronics_Batteries_1183,2021-04-01,10912.154502868652,11104.569442749023,-192.4149398803711,-1.73,103,83
1129,Electronics_Chargers_1129,2024-12-01,15607.208706665038,15882.404627227783,-275.1959205627445,-1.73,106,112
1155,Electronics_Mobile Accessories_1155,2021-08-01,3435.033950805664,3495.4029655456543,-60.369014739990234,-1.73,168,176
1019,Electronics_Cables_1019,2024-12-01,18467.304056549074,18789.86607055664,-322.5620140075662,-1.72,88,91
1181,Personal Care_Soap_1181,2025-02-01,5891.226031494139,5994.3300247192365,-103.10399322509784,-1.72,177,183
1074,Personal Care_Skincare_1074,2024-08-01,8235.869993591308,8379.360015106202,-143.49002151489367,-1.71,147,151
1064,Snacks_Biscuits_1064,2023-05-01,2652.000045776367,2697.7370533943176,-45.73700761795044,-1.70,150,191
1189,Electronics_Batteries_1189,2024-11-01,7360.677798461914,7487.039794921875,-126.36199645996112,-1.69,99,96
1032,Snacks_Chocolates_1032,2024-05-01,1637.2799835205078,1665.05299577713,-27.773012256622224,-1.67,108,121
1085,Personal Care_Skincare_1085,2022-02-01,5067.817335605621,5152.619831085205,-84.80249547958374,-1.65,238,260
1174,Electronics_Mobile Accessories_1174,2021-08-01,37651.66203460694,38281.4779876709,-629.8159530639605,-1.65,174,180
1197,Electronics_Mobile Accessories_1197,2021-11-01,1158.5499982833862,1177.8599948883057,-19.309996604919434,-1.64,71,67
1159,Electronics_Batteries_1159,2023-07-01,23157.168704223634,23542.160263061523,-384.9915588378899,-1.64,170,134
1169,Beverages_Soft Drinks_1169,2021-08-01,947.9340123653413,963.5880130767822,-15.654000711440858,-1.62,176,178
1143,Dairy_Cheese_1143,2022-02-01,2959.3274030685425,3007.739902496338,-48.41249942779541,-1.61,238,243
1041,Snacks_Nuts_1041,2021-07-01,1990.0980254173282,2022.7200336456299,-32.62200822830164,-1.61,162,147
1002,Dairy_Cream_1002,2023-02-01,2367.370476055145,2405.414463710785,-38.043987655640194,-1.58,211,206
1045,Electronics_Cables_1045,2022-05-01,23590.97357940674,23970.601028442383,-379.62744903564453,-1.58,185,217
1198,Dairy_Cheese_1198,2023-06-01,3417.0379753112793,3471.9399795532227,-54.90200424194336,-1.58,138,134
1068,Electronics_Chargers_1068,2025-02-01,17795.980827331543,18080.721740722656,-284.7409133911133,-1.57,221,219
1018,Personal Care_Deodorant_1018,2023-05-01,8273.999977111816,8405.822533607483,-131.8225564956665,-1.57,150,193
1030,Dairy_Cream_1030,2023-05-01,2159.9200897216797,2194.3605069160462,-34.440417194366546,-1.57,98,132
1036,Electronics_Mobile Accessories_1036,2023-06-01,11099.064408874512,11274.480422973633,-175.41601409912073,-1.56,128,126
1165,Personal Care_Skincare_1165,2022-05-01,2277.2099018096924,2313.284909248352,-36.07500743865967,-1.56,143,191
1035,Electronics_Batteries_1035,2025-02-01,50966.30238647461,51769.356851196295,-803.0544647216884,-1.55,246,244
1163,Household_Paper Products_1163,2021-02-01,6322.035014629367,6421.522988414765,-99.48797378539803,-1.55,201,197
1145,Household_Trash Bags_1145,2025-02-01,1718.5989832878113,1745.4789700508118,-26.87998676300049,-1.54,178,197
1103,Dairy_Milk_1103,2021-02-01,7442.585571861267,7557.7555700302155,-115.16999816894804,-1.52,233,236
1063,Snacks_Chocolates_1063,2022-05-01,2216.0199089050293,2250.1199340820312,-34.10002517700195,-1.52,141,186
1024,Grocery_Canned Goods_1024,2023-08-01,1251.1860136032099,1270.1820123672487,-18.99599876403886,-1.50,178,178
1177,Snacks_Chips_1177,2025-03-01,425.3839933872223,431.86350191831576,-6.479508531093472,-1.50,215,183
1043,Electronics_Batteries_1043,2024-08-01,3835.420092391968,3893.400097846985,-57.98000545501691,-1.49,186,186
1001,Electronics_Chargers_1001,2025-08-01,28749.950253295894,29181.090261840818,-431.14000854492406,-1.48,192,195
1162,Dairy_Yogurt_1162,2021-05-01,3401.045930671692,3451.799928665161,-50.753997993469056,-1.47,155,157
1058,Personal Care_Soap_1058,2023-07-01,5706.150077819824,5790.615969848633,-84.46589202880841,-1.46,159,131
1124,Dairy_Cheese_1124,2024-04-01,3221.800074958802,3269.356071186065,-47.55599622726322,-1.45,153,157
1125,Personal Care_Toothpaste_1125,2022-11-01,2020.452958869934,2049.7199478149414,-29.26698894500737,-1.43,83,76
1068,Electronics_Chargers_1068,2021-12-01,9725.801629638672,9866.487622070312,-140.68599243163953,-1.43,103,116
1013,Grocery_Cereals_1013,2023-10-01,2494.1000747680664,2529.7300758361816,-35.630001068115234,-1.41,70,71
1132,Dairy_Butter_1132,2025-06-01,4732.159849643707,4799.639831542969,-67.47998189926147,-1.41,147,138
1180,Grocery_Spices_1180,2025-06-01,1175.9999523162842,1192.7999458312988,-16.79999351501465,-1.41,147,142
1079,Beverages_Juices_1079,2023-05-01,603.1999778747559,611.7409806013106,-8.54100272655478,-1.40,116,151
1123,Beverages_Water_1123,2023-06-01,1200.7959632873535,1217.6799621582031,-16.88399887084961,-1.39,123,124
1085,Personal Care_Skincare_1085,2022-05-01,3683.2073826789856,3734.6698780059814,-51.46249532699585,-1.38,151,184
1160,Snacks_Nuts_1160,2021-11-01,542.4239856719971,550.0199847221375,-7.595999050140335,-1.38,100,89
1162,Dairy_Yogurt_1162,2025-03-01,4390.583920669556,4452.162018108368,-61.57809743881171,-1.38,227,200
1127,Grocery_Rice_1127,2021-10-01,1470.9600219726562,1491.390022277832,-20.43000030517578,-1.37,72,73
1011,Personal Care_Shampoo_1011,2022-05-01,2234.340090036392,2265.0900213718414,-30.74993133544922,-1.36,111,158
1175,Household_Trash Bags_1175,2022-08-01,8999.092064666751,9121.782067108154,-122.69000244140261,-1.35,169,172
1137,Snacks_Nuts_1137,2023-08-01,748.6559989929201,758.8479970932008,-10.19199810028067,-1.34,147,146
1149,Electronics_Chargers_1149,2025-10-01,7664.920135498047,7768.500137329102,-103.58000183105469,-1.33,74,75
1052,Snacks_Crackers_1052,2022-10-01,1234.3200225830078,1251.0000228881836,-16.68000030517578,-1.33,74,75
1050,Snacks_Chips_1050,2023-06-01,2464.744026184082,2497.6000213623047,-32.855995178222656,-1.32,145,140
1160,Snacks_Nuts_1160,2021-06-01,729.2399797439575,738.9639803647995,-9.724000620841935,-1.32,118,147
1149,Electronics_Chargers_1149,2023-11-01,9097.48617248535,9218.620162963867,-121.13399047851635,-1.31,104,89
1182,Beverages_Tea_1182,2024-02-01,2188.6400408744807,2217.388044738769,-28.74800386428842,-1.30,188,187
1047,Household_Detergent_1047,2025-06-01,5168.21008014679,5235.950088500977,-67.74000835418701,-1.29,151,145
1052,Snacks_Crackers_1052,2024-08-01,2625.0510431289686,2659.236043548584,-34.185000419615335,-1.29,180,183
1024,Grocery_Canned Goods_1024,2023-07-01,1270.1820123672487,1286.8399963378906,-16.657983970641908,-1.29,178,150
1086,Grocery_Rice_1086,2022-05-01,2207.3550584316254,2235.9450504779816,-28.5899920463562,-1.28,161,204
1115,Household_Paper Products_1115,2024-10-01,3404.9400939941406,3449.1600952148438,-44.220001220703125,-1.28,77,78
1196,Grocery_Pasta_1196,2025-03-01,5178.339952468871,5245.507622718811,-67.16767024993987,-1.28,252,206
1007,Personal Care_Shampoo_1007,2022-10-01,5246.280166625977,5313.540168762207,-67.26000213623047,-1.27,78,79
1026,Snacks_Biscuits_1026,2023-10-01,450.2999849319458,455.99998474121094,-5.699999809265137,-1.25,79,80
1109,Electronics_Batteries_1109,2021-10-01,2874.8099517822266,2911.199951171875,-36.38999938964844,-1.25,79,80
1122,Dairy_Yogurt_1122,2024-05-01,3760.4000453948975,3807.405055999756,-47.0050106048584,-1.23,119,132
1152,Personal Care_Toothpaste_1152,2022-05-01,7366.304815292358,7457.699821472168,-91.39500617980957,-1.23,151,196
1068,Electronics_Chargers_1068,2023-05-01,10364.809600830078,10493.797787094116,-128.98818626403772,-1.23,109,145
1152,Personal Care_Toothpaste_1152,2022-12-01,6321.839847564697,6399.838853263855,-77.99900569915735,-1.22,121,125
1079,Beverages_Juices_1079,2021-02-01,1056.4059932708742,1069.3929909706114,-12.98699769973723,-1.21,247,247
1052,Snacks_Crackers_1052,2022-05-01,1784.7600326538086,1806.6525330543518,-21.892500400543213,-1.21,114,149
1048,Snacks_Biscuits_1048,2022-10-01,1137.3399906158447,1151.2099905014038,-13.869999885559082,-1.20,82,83
1063,Snacks_Chocolates_1063,2022-06-01,2189.6999073028564,2216.0199089050293,-26.32000160217285,-1.19,135,141
1062,Personal Care_Deodorant_1062,2025-10-01,2421.94002532959,2451.1200256347656,-29.18000030517578,-1.19,83,84
1095,Snacks_Chocolates_1095,2024-12-01,2000.9300127983092,2025.120009326935,-24.18999652862567,-1.19,99,102
1117,Snacks_Crackers_1117,2023-06-01,1168.9199523925784,1182.8599500656128,-13.93999767303444,-1.18,123,119
1147,Snacks_Crackers_1147,2024-10-01,1742.1599807739258,1762.899980545044,-20.739999771118164,-1.18,84,85
1082,Household_Detergent_1082,2023-08-01,5848.815956115723,5918.491954803467,-69.67599868774414,-1.18,163,166
1060,Household_Detergent_1060,2025-03-01,5131.8099155426025,5193.24262046814,-61.43270492553711,-1.18,202,167
1182,Beverages_Tea_1182,2021-06-01,1990.8400650024414,2014.4360698699952,-23.596004867553802,-1.17,142,173
1166,Grocery_Spices_1166,2023-07-01,6161.383906555174,6234.0799560546875,-72.69604949951372,-1.17,162,130
1110,Grocery_Canned Goods_1110,2025-06-01,2256.4074881076813,2282.8399810791016,-26.432492971420288,-1.16,130,124
1104,Grocery_Pasta_1104,2024-10-01,1795.2000713348389,1816.3200721740723,-21.1200008392334,-1.16,85,86
1123,Beverages_Water_1123,2025-10-01,844.5199737548828,854.339973449707,-9.819999694824219,-1.15,86,87
1066,Household_Cleaning Supplies_1066,2023-10-01,4281.079895019531,4330.859893798828,-49.779998779296875,-1.15,86,87
1014,Dairy_Butter_1014,2021-06-01,1017.8999900817871,1029.7564937114716,-11.85650362968454,-1.15,130,156
1073,Electronics_Chargers_1073,2023-11-01,11305.51475830078,11436.099739074707,-130.58498077392687,-1.14,102,95
1104,Grocery_Pasta_1104,2023-10-01,1837.4400730133057,1858.560073852539,-21.1200008392334,-1.14,87,88
1134,Household_Paper Products_1134,2024-04-01,1836.7720045089725,1857.7440119743349,-20.972007465362367,-1.13,148,159
1021,Grocery_Canned Goods_1021,2024-06-01,4161.599992752075,4209.179988861084,-47.57999610900879,-1.13,152,146
1137,Snacks_Nuts_1137,2022-05-01,776.579977273941,785.399983882904,-8.820006608963013,-1.12,123,158
1112,Household_Paper Products_1112,2025-10-01,934.2000102996826,944.5800104141235,-10.380000114440918,-1.10,90,91
1080,Snacks_Chips_1080,2022-11-01,1870.5380002975464,1891.25,-20.711999702453568,-1.10,91,85
1173,Electronics_Batteries_1173,2023-10-01,14722.200164794922,14885.780166625977,-163.5800018310547,-1.10,90,91
1063,Snacks_Chocolates_1063,2022-08-01,2641.779983520508,2670.9399642944336,-29.15998077392578,-1.09,183,181
1035,Electronics_Batteries_1035,2022-10-01,22329.580444335938,22574.96044921875,-245.3800048828125,-1.09,91,92
1019,Electronics_Cables_1019,2022-06-01,25423.200073242188,25701.3150100708,-278.1149368286133,-1.08,120,127
1054,Snacks_Chips_1054,2021-02-01,1963.4659737586978,1984.834974050522,-21.36900029182425,-1.08,233,236
1088,Household_Cleaning Supplies_1088,2022-10-01,1989.0399856567383,2010.1999855041504,-21.15999984741211,-1.05,94,95
1129,Electronics_Chargers_1129,2024-11-01,15882.404627227783,16048.199615478516,-165.79498825073279,-1.03,112,105
1144,Household_Detergent_1144,2023-05-01,1720.7400045394897,1738.5719903945928,-17.831985855103085,-1.03,119,146
1056,Snacks_Nuts_1056,2024-06-01,651.1360024452208,657.8000020980835,-6.663999652862685,-1.01,115,110
1009,Electronics_Batteries_1009,2025-05-01,8185.499725341797,8269.145733642577,-83.64600830078052,-1.01,90,95
1003,Household_Cleaning Supplies_1003,2022-02-01,1863.75,1882.5,-18.75,-1.00,196,205
1012,Beverages_Juices_1012,2022-12-01,1248.2730248451235,1260.8605340003967,-12.58750915527321,-1.00,91,90
1098,Electronics_Mobile Accessories_1098,2025-03-01,15623.601046752925,15780.249920654294,-156.64887390136937,-0.99,232,186
1030,Dairy_Cream_1030,2025-07-01,3076.176081848145,3106.262629032135,-30.086547183990206,-0.97,154,151
1039,Beverages_Soft Drinks_1039,2022-05-01,3335.8899841308594,3368.090015411377,-32.20003128051758,-0.96,134,179
1120,Grocery_Cereals_1120,2024-05-01,4504.6798667907715,4548.508488464356,-43.828621673584166,-0.96,97,116
1068,Electronics_Chargers_1068,2023-08-01,13084.23968505859,13209.737707519529,-125.49802246093896,-0.95,170,176
1012,Beverages_Juices_1012,2022-06-01,1607.4000434875488,1622.475037097931,-15.07499361038208,-0.93,114,126
1014,Dairy_Butter_1014,2022-06-01,892.6199913024902,900.8924901485443,-8.272498846054077,-0.92,114,126
1038,Electronics_Cables_1038,2022-02-01,18304.74977493286,18472.284772872925,-167.53499794006348,-0.91,236,246
1195,Snacks_Chocolates_1195,2024-06-01,2321.6960088729857,2343.040008544922,-21.343999671936217,-0.91,112,112
1005,Household_Paper Products_1005,2022-05-01,2597.4301109313965,2620.3726053237915,-22.94249439239502,-0.88,152,187
1009,Electronics_Batteries_1009,2021-05-01,13118.026728057865,13233.089630126953,-115.06290206908852,-0.87,187,177
1100,Electronics_Mobile Accessories_1100,2021-11-01,1480.3349349975583,1493.2199249267578,-12.884989929199492,-0.86,92,82
1123,Beverages_Water_1123,2022-07-01,1100.316000509262,1109.6599655151367,-9.34396500587468,-0.84,131,113
1184,Snacks_Chocolates_1184,2024-06-01,2644.379981994629,2666.789981842041,-22.40999984741211,-0.84,118,119
1102,Snacks_Biscuits_1102,2024-04-01,2550.7205496788024,2571.971554660797,-21.25100498199481,-0.83,135,133
1167,Grocery_Rice_1167,2024-08-01,6633.564257812502,6688.328260803224,-54.764002990722474,-0.82,170,172
1185,Personal Care_Toothpaste_1185,2025-08-01,11807.305088043213,11904.020133972168,-96.71504592895508,-0.81,171,177
1032,Snacks_Chocolates_1032,2025-07-01,2043.2800140380853,2059.8649792671204,-16.584965229035106,-0.81,150,142
1100,Electronics_Mobile Accessories_1100,2025-08-01,3077.0668716430664,3101.993865966797,-24.92699432373047,-0.80,195,192
1129,Electronics_Chargers_1129,2022-11-01,11221.897231674195,11310.159729003906,-88.26249732971155,-0.78,74,74
1087,Snacks_Crackers_1087,2023-05-01,1177.5000095367432,1186.6880031585692,-9.187993621826081,-0.77,125,156
1200,Beverages_Juices_1200,2021-08-01,1203.9499616622923,1213.2349617481232,-9.285000085830916,-0.77,175,182
1018,Personal Care_Deodorant_1018,2025-03-01,9163.539043426514,9232.240927886964,-68.70188446044995,-0.74,236,199
1159,Electronics_Batteries_1159,2024-08-01,28321.692489624023,28526.457527160645,-204.7650375366211,-0.72,175,179
1154,Household_Cleaning Supplies_1154,2025-02-01,2988.1180587768554,3009.6150569915776,-21.496998214722225,-0.71,218,231
1009,Electronics_Batteries_1009,2025-08-01,15593.025851440427,15703.813732910157,-110.78788146973056,-0.71,195,189
1177,Snacks_Chips_1177,2021-11-01,250.9889930486679,252.75999236106873,-1.7709993124008179,-0.70,95,89
1031,Snacks_Chips_1031,2022-02-01,2482.0875227451324,2499.26252245903,-17.174999713897705,-0.69,219,221
1013,Grocery_Cereals_1013,2023-06-01,4636.150133514404,4667.530139923096,-31.38000640869177,-0.67,133,131
1052,Snacks_Crackers_1052,2021-08-01,2129.214035415649,2143.4625363349915,-14.248500919342405,-0.66,144,144
1056,Snacks_Nuts_1056,2023-11-01,457.45050224065784,460.46000146865845,-3.0094992280006068,-0.65,84,77
1010,Grocery_Rice_1010,2025-08-01,2456.64102563858,2472.457021427155,-15.815995788575037,-0.64,163,167
1162,Dairy_Yogurt_1162,2021-06-01,3379.199951171875,3401.045930671692,-21.845979499817076,-0.64,128,155
1088,Household_Cleaning Supplies_1088,2021-11-01,2081.4909897804264,2094.839984893799,-13.348995113372439,-0.64,105,99
1140,Personal Care_Shampoo_1140,2021-08-01,5288.441743850708,5321.80025100708,-33.35850715637207,-0.63,169,169
1165,Personal Care_Skincare_1165,2021-02-01,3164.0399040222164,3184.234911298751,-20.195007276534398,-0.63,214,221
1181,Personal Care_Soap_1181,2021-11-01,3913.9230642318726,3938.2200622558594,-24.296998023986816,-0.62,108,102
1198,Dairy_Cheese_1198,2023-02-01,4721.952040100096,4750.648028945924,-28.695988845827742,-0.60,220,215
1185,Personal Care_Toothpaste_1185,2025-07-01,11904.020133972168,11976.049934387207,-72.02980041503906,-0.60,177,167
1189,Electronics_Batteries_1189,2024-06-01,9148.966771316529,9202.819747924805,-53.85297660827564,-0.59,127,118
1128,Grocery_Spices_1128,2022-08-01,4155.312002944946,4179.738004875183,-24.426001930237362,-0.58,178,182
1067,Grocery_Cereals_1067,2021-06-01,8030.339950561523,8075.538982009888,-45.19903144836462,-0.56,162,204
1016,Grocery_Rice_1016,2022-07-01,2861.4600324630737,2877.1200790405273,-15.660046577453613,-0.54,168,148
1015,Dairy_Cream_1015,2025-07-01,3864.731973266601,3884.6973881721497,-19.96541490554864,-0.51,166,148
1160,Snacks_Nuts_1160,2024-07-01,991.8719823360443,996.8309729576112,-4.958990621566841,-0.50,182,172
1157,Household_Cleaning Supplies_1157,2025-03-01,2473.9819892883293,2486.2159781455994,-12.233988857270106,-0.49,240,196
1013,Grocery_Cereals_1013,2022-02-01,6459.930054187775,6491.020003795624,-31.08994960784912,-0.48,236,257
1052,Snacks_Crackers_1052,2022-11-01,1228.4260221481322,1234.3200225830078,-5.894000434875579,-0.48,80,74
1188,Grocery_Spices_1188,2024-08-01,3397.551951599121,3413.2139648437496,-15.662013244628724,-0.46,188,192
1190,Dairy_Milk_1190,2023-01-01,3170.089953422546,3184.800024032593,-14.710070610046841,-0.46,187,161
1013,Grocery_Cereals_1013,2024-03-01,5034.948651504516,5057.038152313233,-22.089500808716366,-0.44,166,173
1037,Electronics_Cables_1037,2023-07-01,19435.738562011724,19521.31474609375,-85.57618408202688,-0.44,129,114
1108,Dairy_Butter_1108,2022-11-01,3562.611968421936,3578.119972229004,-15.50800380706778,-0.43,101,91
1092,Household_Detergent_1092,2024-02-01,4915.203960418701,4935.569959640503,-20.365999221801758,-0.41,206,207
1136,Personal Care_Shampoo_1136,2025-07-01,8121.583918380739,8154.290138244629,-32.7062198638896,-0.40,152,151
1050,Snacks_Chips_1050,2023-02-01,2972.545993995667,2984.401999855041,-11.856005859374363,-0.40,203,197
1153,Electronics_Batteries_1153,2025-07-01,21052.854647827146,21134.68016052246,-81.82551269531541,-0.39,146,142
1010,Grocery_Rice_1010,2021-08-01,2843.4950232505794,2854.213024425506,-10.718001174926485,-0.38,193,194
1061,Personal Care_Skincare_1061,2022-02-01,8186.880035400391,8217.150035858154,-30.270000457763672,-0.37,209,210
1077,Household_Cleaning Supplies_1077,2021-02-01,10185.80472373962,10223.170730972288,-37.36600723266747,-0.37,257,265
1081,Snacks_Nuts_1081,2022-05-01,1126.6600427627563,1130.7050178050995,-4.04497504234314,-0.36,119,161
1139,Dairy_Cream_1139,2024-05-01,3383.789863586426,3396.032881736756,-12.243018150330045,-0.36,149,171
1181,Personal Care_Soap_1181,2023-08-01,5495.155987548829,5515.221994018555,-20.066006469725835,-0.36,183,181
1073,Electronics_Chargers_1073,2025-08-01,19250.93141937256,19318.38744354248,-67.45602416992188,-0.35,185,181
1152,Personal Care_Toothpaste_1152,2023-05-01,8306.759788513184,8334.779985809326,-28.020197296142214,-0.34,154,202
1150,Electronics_Batteries_1150,2021-04-01,15394.094882965088,15444.239929199219,-50.14504623413086,-0.32,141,116
1165,Personal Care_Skincare_1165,2022-08-01,2804.502921295166,2813.5139099121093,-9.01098861694345,-0.32,187,183
1193,Beverages_Tea_1193,2021-02-01,2356.9919879913327,2364.6119869232175,-7.619998931884766,-0.32,211,206
1200,Beverages_Juices_1200,2024-11-01,754.1719770431519,756.4899768829346,-2.317999839782715,-0.31,103,101
1069,Grocery_Spices_1069,2021-04-01,4772.799897193909,4787.499904632568,-14.700007438659668,-0.31,164,125
1041,Snacks_Nuts_1041,2023-11-01,1083.6960121154784,1087.040018081665,-3.3440059661866144,-0.31,88,79
1025,Household_Detergent_1025,2023-04-01,817.8559766769409,820.3359828948976,-2.4800062179566567,-0.30,114,118
1150,Electronics_Batteries_1150,2022-06-01,16908.77992248535,16958.68491744995,-49.90499496459961,-0.29,127,130
1193,Beverages_Tea_1193,2025-08-01,2296.8739484786984,2303.509945869446,-6.635997390747434,-0.29,185,187
1020,Beverages_Juices_1020,2025-06-01,1122.3675037622452,1125.480004310608,-3.112500548362732,-0.28,114,113
1142,Electronics_Mobile Accessories_1142,2022-08-01,2451.2720222473145,2457.669527053833,-6.397504806518555,-0.26,174,172
1145,Household_Trash Bags_1145,2021-08-01,1596.9030320167542,1600.89004611969,-3.9870141029357455,-0.25,154,165
1004,Beverages_Juices_1004,2025-06-01,2550.2999782562256,2556.4599685668945,-6.159990310668945,-0.24,108,103
1143,Dairy_Cheese_1143,2023-07-01,2492.1599578857426,2497.527874755859,-5.36791687011646,-0.21,179,148
1142,Electronics_Mobile Accessories_1142,2025-02-01,2624.15402507782,2629.3900184631348,-5.235993385314941,-0.20,200,207
1066,Household_Cleaning Supplies_1066,2024-11-01,4918.40588760376,4928.219879150391,-9.81399154663086,-0.20,104,99
1176,Snacks_Chocolates_1176,2024-08-01,1257.3450014591217,1259.8300065994263,-2.4850051403045654,-0.20,204,211
1172,Electronics_Chargers_1172,2025-08-01,19875.899597167972,19913.36958847047,-37.469991302496055,-0.19,198,197
1111,Snacks_Nuts_1111,2022-11-01,1040.528034210205,1042.480034828186,-1.952000617980957,-0.19,84,83
1144,Household_Detergent_1144,2022-02-01,2222.7000188827515,2226.4200162887573,-3.7199974060058594,-0.17,215,203
1162,Dairy_Yogurt_1162,2021-11-01,2134.703967285156,2138.399969100952,-3.6960018157960803,-0.17,88,81
1092,Household_Detergent_1092,2023-05-01,4369.450082778931,4376.295005416869,-6.844922637937998,-0.16,155,185
1085,Personal Care_Skincare_1085,2023-06-01,3270.099895477295,3275.489896774292,-5.39000129699707,-0.16,130,123
1008,Personal Care_Shampoo_1008,2021-04-01,4869.359853744507,4877.339847564697,-7.97999382019043,-0.16,141,111
1075,Snacks_Crackers_1075,2024-07-01,1386.8579801559447,1388.8839859008788,-2.026005744934082,-0.15,114,110
1165,Personal Care_Skincare_1165,2023-08-01,2239.311975097656,2242.771962738036,-3.45998764037995,-0.15,173,166
1102,Snacks_Biscuits_1102,2021-08-01,4010.0850219726562,4015.2690170288083,-5.183995056152071,-0.13,208,209
1145,Household_Trash Bags_1145,2023-07-01,1820.9520103454588,1823.0920068740843,-2.1399965286254883,-0.12,201,167
1196,Grocery_Pasta_1196,2023-06-01,3499.360066986084,3502.980062484741,-3.6199954986573175,-0.10,123,117
1063,Snacks_Chocolates_1063,2023-05-01,2011.279914855957,2013.0559217453003,-1.7760068893433072,-0.09,124,152
1117,Snacks_Crackers_1117,2024-05-01,1083.4599542617798,1084.2824607372286,-0.8225064754487903,-0.08,109,124
1149,Electronics_Chargers_1149,2024-06-01,14180.130256652832,14190.460250854492,-10.329994201660156,-0.07,142,137
1036,Electronics_Mobile Accessories_1036,2024-04-01,12242.373335266115,12250.83611755371,-8.462782287595473,-0.07,154,158
1020,Beverages_Juices_1020,2025-08-01,1490.7840060234068,1491.7440060615543,-0.9600000381474274,-0.06,167,169
1021,Grocery_Canned Goods_1021,2023-07-01,4132.6719421386715,4134.189985275269,-1.5180431365970435,-0.04,188,147
1071,Grocery_Canned Goods_1071,2024-08-01,924.5879858493804,924.8219820499421,-0.23399620056170534,-0.03,188,185
1118,Dairy_Milk_1118,2023-06-01,3008.952079772949,3009.9000968933105,-0.9480171203613281,-0.03,132,127
1128,Grocery_Spices_1128,2024-05-01,3588.2999897003174,3588.8190002441406,-0.5190105438232422,-0.01,135,151
1182,Beverages_Tea_1182,2025-02-01,3088.5080598831164,3088.5080598831178,-1.3642420526593924E-12,0.00,263,263
