cust_id,recency_days,frequency,monetary,recency_score,frequency_score,monetary_score,segment
1,27,89,7876.575541353225,2,2,1,Lost
2,9,106,10469.128954315187,4,5,3,Loyal
3,50,93,12708.429977798462,1,3,5,At Risk
4,40,86,13960.221434736251,1,2,5,At Risk
5,15,89,10205.05345184803,3,2,3,Others
6,86,95,7128.426497912409,1,3,1,Others
7,13,91,8622.614491581917,3,3,1,Others
8,5,97,9527.533478069305,4,4,2,Loyal
9,31,99,10906.52248170376,2,4,4,Loyal
10,4,85,10357.853471446035,5,1,3,Others
11,12,99,10929.952474474905,3,4,4,Loyal
12,6,94,11608.23789753914,4,3,4,Others
13,20,108,10776.526933526993,3,5,4,Loyal
14,3,97,12247.775437974931,5,4,5,Champions
15,13,84,11697.823520779608,3,1,4,Others
16,1,95,10639.956046915057,5,3,3,Others
17,13,93,11196.937537503243,3,3,4,Others
18,12,99,9717.976522541047,3,4,2,Loyal
19,0,65,9734.224031853675,5,1,2,Others
20,3,90,12671.036451053622,5,2,5,Others
21,22,74,8875.57146704197,3,1,2,Others
22,37,84,11638.898570370677,2,1,4,At Risk
23,0,89,7997.167479062081,5,2,1,Others
24,11,88,10687.371546530721,4,2,3,Others
25,27,86,11578.108467531205,2,2,4,At Risk
26,12,95,9997.83452613354,3,3,3,Others
27,22,102,10957.027392530441,3,5,4,Loyal
28,2,76,10225.322924232481,5,1,3,Others
29,0,95,10032.026031637191,5,3,3,Others
30,72,97,10238.498551392555,1,4,3,Loyal
31,3,93,10594.996499371528,5,3,3,Others
32,109,77,8003.555990576744,1,1,1,Lost
33,1,102,9688.49602501392,5,5,2,Loyal
34,16,96,14140.53397760391,3,4,5,Loyal
35,20,86,9338.848979520797,3,2,2,Others
36,62,83,7480.61649081707,1,1,1,Lost
37,3,88,9747.25800280571,5,2,2,Others
38,6,78,12290.42448759079,4,1,5,Others
39,1,103,11788.56949584484,5,5,4,Champions
40,10,91,11212.451519203187,4,3,4,Others
41,17,93,9345.953442502025,3,3,2,Others
42,41,105,9963.52843003273,1,5,3,Loyal
43,83,83,8619.070042157175,1,1,1,Lost
44,49,77,8080.320003271103,1,1,1,Lost
45,9,100,9994.242944264413,4,4,3,Loyal
46,5,97,10757.7860196352,4,4,3,Loyal
47,0,95,11282.560486412047,5,3,4,Others
48,6,77,8577.531535410879,4,1,1,Others
49,64,90,8271.31654109955,1,2,1,Lost
50,5,98,9426.378542995453,4,4,2,Loyal
51,61,92,11287.956466794012,1,3,4,At Risk
52,1,86,6260.694475507737,5,2,1,Others
53,2,97,12980.330415809156,5,4,5,Champions
54,61,97,11565.934979760645,1,4,4,Loyal
55,15,94,11797.974485373494,3,3,4,Others
56,15,100,8211.012512683868,3,4,1,Loyal
57,17,74,9852.156998395918,3,1,3,Others
58,69,93,12447.954988527294,1,3,5,At Risk
59,23,85,9475.22003865242,2,1,2,Lost
60,52,95,11312.713977169993,1,3,4,At Risk
61,5,77,7047.751999378205,4,1,1,Others
62,3,97,8671.117481803893,5,4,1,Loyal
63,2,100,11000.667549228669,5,4,4,Champions
64,17,88,8042.571444153787,3,2,1,Others
65,10,82,7961.867953443529,4,1,1,Others
66,3,114,14734.889919877054,5,5,5,Champions
67,33,98,12471.519537496568,2,4,5,Loyal
68,1,89,11968.458057785034,5,2,5,Others
69,39,72,8754.854964375496,1,1,1,Lost
70,20,107,11134.794507610799,3,5,4,Loyal
71,145,92,7185.891476166248,1,3,1,Others
72,2,100,9382.84345703125,5,4,2,Loyal
73,24,84,10215.63254737854,2,1,3,Lost
74,8,95,11385.327941477299,4,3,4,Others
75,0,96,11119.166028690339,5,3,4,Others
76,2,90,9272.245417046546,5,2,2,Others
77,3,93,6863.711453056334,5,3,1,Others
78,52,74,8469.381477737426,1,1,1,Lost
79,8,82,8654.548484754561,4,1,1,Others
80,40,95,9524.973399639128,1,3,2,Others
81,2,109,9843.086450433731,5,5,3,Loyal
82,8,99,10044.546463274957,4,4,3,Loyal
83,1,96,11386.852024829386,5,3,4,Others
84,32,81,12254.28302490711,2,1,5,At Risk
85,22,97,12721.618041253092,3,4,5,Loyal
86,6,104,12376.511004424097,4,5,5,Champions
87,13,104,11702.496943676471,3,5,4,Loyal
88,15,91,6990.747532391549,3,3,1,Others
89,12,86,10370.475423049927,3,2,3,Others
90,15,92,9726.896965789794,3,3,2,Others
91,23,97,9196.423066329955,2,4,2,Loyal
92,22,101,11455.504479551317,3,4,4,Loyal
93,4,88,9368.606023788452,5,2,2,Others
94,7,109,11750.322004652025,4,5,4,Champions
95,8,95,9420.267035663128,4,3,2,Others
96,31,82,5421.87901980877,2,1,1,Lost
97,3,83,10065.687539196015,5,1,3,Others
98,33,106,11005.684473526479,2,5,4,Loyal
99,42,96,10388.945037496092,1,4,3,Loyal
100,8,83,9204.088490009308,4,1,2,Others
101,0,85,9607.170983457563,5,1,2,Others
102,8,102,7955.224933385849,4,5,1,Loyal
103,65,87,8713.36200146675,1,2,1,Lost
104,3,93,11008.826046800614,5,3,4,Others
105,3,103,11048.134433126452,5,5,4,Champions
106,2,92,10397.23346800804,5,3,3,Others
107,27,80,10780.581520986558,2,1,4,At Risk
108,42,96,11090.671028256416,1,4,4,Loyal
109,35,85,9733.107050704957,2,1,2,Lost
110,30,101,8716.867502737046,2,4,1,Loyal
111,18,87,9242.361516022682,3,2,2,Others
112,14,89,10077.424492931366,3,2,3,Others
113,5,79,9489.804037332535,4,1,2,Others
114,20,85,9609.316521406172,3,1,2,Others
115,55,104,10430.743487215042,1,5,3,Loyal
116,58,98,10793.009503626823,1,4,4,Loyal
117,0,112,13040.268515515327,5,5,5,Champions
118,36,98,11752.423004102708,2,4,4,Loyal
119,33,82,8040.8470277071,2,1,1,Lost
120,27,85,8464.600983905793,2,1,1,Lost
121,33,100,9781.425470066071,2,4,2,Loyal
122,6,83,9854.22698945999,4,1,3,Others
123,14,88,11005.479529714585,3,2,4,Others
124,9,84,12694.033559823036,4,1,5,Others
125,23,83,8250.504413294791,2,1,1,Lost
126,78,91,8933.104025816918,1,2,2,Lost
127,10,94,11361.858452391623,4,3,4,Others
128,17,83,6462.817981457709,3,1,1,Others
129,56,98,11952.493514585496,1,4,5,Loyal
130,12,90,12884.95594687462,3,2,5,Others
131,8,99,10175.46742563248,4,4,3,Loyal
132,2,102,14381.165500164032,5,5,5,Champions
133,2,95,10726.279468512534,5,3,3,Others
134,83,100,12794.696042966843,1,4,5,Loyal
135,20,90,7287.237991046907,3,2,1,Others
136,14,102,11091.795509433745,3,5,4,Loyal
137,8,117,11988.903561878205,4,5,5,Champions
138,64,78,9596.876064300535,1,1,2,Lost
139,8,89,7868.310505747795,4,2,1,Others
140,30,82,10480.934015607834,2,1,3,Lost
141,2,96,8746.575533914565,5,3,1,Others
142,44,103,13322.152943897245,1,5,5,Loyal
143,12,104,11823.945998072624,3,5,5,Loyal
144,69,77,10858.422985982896,1,1,4,At Risk
145,8,79,8425.154043006896,4,1,1,Others
146,62,95,9742.611001706124,1,3,2,Others
147,14,109,11144.300964617729,3,5,4,Loyal
148,8,92,9306.316032147408,4,3,2,Others
149,34,89,9155.423958563804,2,2,2,Lost
150,14,111,8431.382997655866,3,5,1,Loyal
151,59,115,10762.323484611512,1,5,4,Loyal
152,12,105,11403.21358492374,3,5,4,Loyal
153,51,87,10245.58203139305,1,2,3,Lost
154,8,82,9875.824935436249,4,1,3,Others
155,39,79,7668.5584774017325,1,1,1,Lost
156,13,103,11701.473958969116,3,5,4,Loyal
157,11,94,12347.989007759092,4,3,5,Others
158,82,102,7915.15251097679,1,5,1,Loyal
159,22,85,10062.006476259232,3,1,3,Others
160,23,98,9686.505534601212,2,4,2,Loyal
161,18,88,8173.039540624619,3,2,1,Others
162,33,80,7407.885460853576,2,1,1,Lost
163,44,90,9234.485498547556,1,2,2,Lost
164,4,103,10298.804914855958,5,5,3,Loyal
165,57,90,9765.779445958138,1,2,2,Lost
166,5,92,11567.635522699356,4,3,4,Others
167,27,97,10042.794934010508,2,4,3,Loyal
168,51,88,9884.52199320793,1,2,3,Lost
169,15,95,11316.61000814438,3,3,4,Others
170,11,102,10835.993477141856,4,5,4,Champions
171,1,87,8488.039944577218,5,2,1,Others
172,31,95,8919.712959146498,2,3,2,Others
173,1,99,10297.493453729154,5,4,3,Loyal
174,9,88,10824.875008654593,4,2,4,Others
175,3,75,7273.767448234558,5,1,1,Others
176,24,91,8278.448453879355,2,2,1,Lost
177,4,95,10049.698997044565,5,3,3,Others
178,19,100,9464.339996719358,3,4,2,Loyal
179,6,80,8844.110999155044,4,1,2,Others
180,24,99,8645.138507568836,2,4,1,Loyal
181,23,85,10605.579976916311,2,1,3,Lost
182,2,95,10809.070513916015,5,3,4,Others
183,5,79,9695.327033257485,4,1,2,Others
184,42,91,9389.818964278698,1,2,2,Lost
185,29,95,11700.584518885613,2,3,4,At Risk
186,9,80,7405.549974489212,4,1,1,Others
187,20,80,10468.79758257866,3,1,3,Others
188,7,87,9771.875568652153,4,2,2,Others
189,22,97,10504.698488593103,3,4,3,Loyal
190,19,90,13104.222483158112,3,2,5,Others
191,60,111,11004.439567422869,1,5,4,Loyal
192,23,79,10112.862443852422,2,1,3,Lost
193,17,84,7629.325028872491,3,1,1,Others
194,43,83,9890.983434343338,1,1,3,Lost
195,20,110,11018.174987173079,3,5,4,Loyal
196,7,76,7834.212991476057,4,1,1,Others
197,90,88,9608.016958546637,1,2,2,Lost
198,17,96,9086.0459966898,3,4,2,Loyal
199,16,104,11659.151033449172,3,5,4,Loyal
200,23,96,11467.343509125709,2,4,4,Loyal
201,18,100,11505.485037899016,3,4,4,Loyal
202,17,89,7970.997484827043,3,2,1,Others
203,51,96,11766.007441186906,1,4,4,Loyal
204,6,80,9450.731554222108,4,1,2,Others
205,25,99,10531.059975004195,2,4,3,Loyal
206,32,94,12136.169939708709,2,3,5,At Risk
207,8,90,9813.958386039734,4,2,2,Others
208,87,93,8989.382004427911,1,3,2,Others
209,66,82,10451.48746111393,1,1,3,Lost
210,146,97,9504.048954272268,1,4,2,Loyal
211,6,110,14175.591916048528,4,5,5,Champions
212,11,81,6086.741982722283,3,1,1,Others
213,0,86,10988.982068490983,5,2,4,Others
214,21,98,11124.289059829714,3,4,4,Loyal
215,9,93,10536.150002384187,4,3,3,Others
216,0,91,8457.488960826397,5,3,1,Others
217,23,93,8577.33651971817,2,3,1,Others
218,0,104,11694.47299287319,5,5,4,Champions
219,10,82,11703.562953329085,4,1,4,Others
220,2,77,10625.813534855843,5,1,3,Others
221,7,88,9137.000464510917,4,2,2,Others
222,6,82,9965.308482313158,4,1,3,Others
223,41,91,11475.346997642519,1,2,4,At Risk
224,0,103,14333.950642156604,5,5,5,Champions
225,6,88,8298.084944057464,4,2,1,Others
226,27,85,9910.625443959236,2,1,3,Lost
227,15,111,13201.602560853958,3,5,5,Loyal
228,16,112,9404.946039223672,3,5,2,Loyal
229,32,103,13776.186981725696,2,5,5,Loyal
230,3,90,11155.388942909241,5,2,4,Others
231,14,83,11511.415426540376,3,1,4,Others
232,16,88,9260.53399400711,3,2,2,Others
233,74,90,11841.518549680712,1,2,5,At Risk
234,58,94,9764.545473122595,1,3,2,Others
235,25,99,11003.736070322992,2,4,4,Loyal
236,29,103,11431.186956214906,2,5,4,Loyal
237,63,88,10569.846030187606,1,2,3,Lost
238,2,86,11069.030508112906,5,2,4,Others
239,9,115,11420.450563788416,4,5,4,Champions
240,34,96,12464.23844075203,2,4,5,Loyal
241,23,87,11445.52051843405,2,2,4,At Risk
242,3,98,12232.041443705557,5,4,5,Champions
243,4,94,13826.188461852074,4,3,5,Others
244,43,95,10118.632921290395,1,3,3,Others
245,11,97,13225.287601685524,4,4,5,Champions
246,10,80,9937.475934433938,4,1,3,Others
247,36,108,12180.610462069515,2,5,5,Loyal
248,25,80,9974.525984334945,2,1,3,Lost
249,34,105,15380.221959495546,2,5,5,Loyal
250,12,103,14187.478958630563,3,5,5,Loyal
251,16,90,9820.051458191872,3,2,2,Others
252,26,111,11755.345988035202,2,5,4,Loyal
253,32,97,10796.901039099694,2,4,4,Loyal
254,129,95,8670.744463825227,1,3,1,Others
255,10,81,7834.344492888452,4,1,1,Others
256,24,85,8357.804987239837,2,1,1,Lost
257,0,101,11091.793517589567,5,5,4,Champions
258,22,89,7225.448487281798,3,2,1,Others
259,2,98,9593.954029226303,5,4,2,Loyal
260,8,91,12423.015549373626,4,3,5,Others
261,24,104,9963.106971120833,2,5,3,Loyal
262,58,109,12104.70045003891,1,5,5,Loyal
263,28,96,9599.50897078514,2,4,2,Loyal
264,8,88,9297.781013321877,4,2,2,Others
265,23,99,13552.23901529312,2,4,5,Loyal
266,39,89,8954.20549674034,1,2,2,Lost
267,29,97,15128.59098100662,2,4,5,Loyal
268,53,95,11389.962491345406,1,3,4,At Risk
269,33,89,8516.381522917749,2,2,1,Lost
270,15,101,10170.788544654846,3,4,3,Loyal
271,10,94,11241.85848252773,4,3,4,Others
272,3,95,10180.327933168412,5,3,3,Others
273,33,107,13823.395061492922,2,5,5,Loyal
274,47,87,8825.3655244112,1,2,1,Lost
275,2,99,10611.323515403272,5,4,3,Loyal
276,17,108,11207.289970493315,3,5,4,Loyal
277,20,93,9173.799491763115,3,3,2,Others
278,27,96,10650.984992885593,2,4,3,Loyal
279,0,107,11322.665084147453,5,5,4,Champions
280,32,102,8940.792487049104,2,5,2,Loyal
281,2,93,9120.415010881425,5,3,2,Others
282,1,85,9998.201395130156,5,1,3,Others
283,41,99,16118.045497059824,1,4,5,Loyal
284,31,102,11514.206544446946,2,5,4,Loyal
285,3,97,8265.675543403624,5,4,1,Loyal
286,23,96,11790.680959081648,2,4,4,Loyal
287,3,96,9175.117010259628,5,3,2,Others
288,40,96,11637.907039880754,1,4,4,Loyal
289,20,85,10424.869980239866,3,1,3,Others
290,91,84,10410.944032692909,1,1,3,Lost
291,6,85,10176.223396682737,4,1,3,Others
292,10,93,9579.97501912117,4,3,2,Others
293,24,85,10243.194492268563,2,1,3,Lost
294,5,82,8455.940023684503,4,1,1,Others
295,34,92,11189.952027225496,2,3,4,At Risk
296,17,87,11855.276957535745,3,2,5,Others
297,65,81,8604.684468412397,1,1,1,Lost
298,82,102,10779.038980865478,1,5,4,Loyal
299,27,80,8100.683495938778,2,1,1,Lost
300,32,102,11063.60596575737,2,5,4,Loyal
301,23,122,14000.63697013855,2,5,5,Loyal
302,9,88,11827.46649701595,4,2,5,Others
303,22,74,6513.538005149364,2,1,1,Lost
304,30,86,9239.278448772431,2,2,2,Lost
305,35,88,8279.724983906744,2,2,1,Lost
306,38,91,11228.847047472,2,2,4,At Risk
307,37,87,10015.349486017229,2,2,3,Lost
308,12,88,12317.684903192521,3,2,5,Others
309,8,90,8752.132035017014,4,2,1,Others
310,15,104,11903.558468329902,3,5,5,Loyal
311,14,88,9515.391000413896,3,2,2,Others
312,16,92,9427.672502422332,3,3,2,Others
313,95,81,6940.812483978272,1,1,1,Lost
314,12,88,8179.321008372308,3,2,1,Others
315,1,94,12520.638034296035,5,3,5,Others
316,15,102,10127.537465810774,3,5,3,Loyal
317,34,71,6052.41101796627,2,1,1,Lost
318,34,91,8502.948500847817,2,2,1,Lost
319,45,108,12912.701954746244,1,5,5,Loyal
320,56,88,8918.944553613663,1,2,2,Lost
321,10,93,8777.111422634127,4,3,1,Others
322,74,93,8738.156446552277,1,3,1,Others
323,46,100,10828.057018709183,1,4,4,Loyal
324,0,111,12019.657570457459,5,5,5,Champions
325,51,83,8183.620056319235,1,1,1,Lost
326,28,103,9498.147987771035,2,5,2,Loyal
327,34,81,9726.378519678117,2,1,2,Lost
328,4,91,9712.671992778778,5,3,2,Others
329,5,96,10807.564914989469,4,3,4,Others
330,21,92,8389.198998212814,3,3,1,Others
331,11,96,10619.001518487928,4,4,3,Loyal
332,52,90,8329.864565241336,1,2,1,Lost
333,17,103,13019.934033346175,3,5,5,Loyal
334,35,115,11585.021553325656,2,5,4,Loyal
335,9,105,8257.57396109104,4,5,1,Loyal
336,43,88,11799.743462073806,1,2,4,At Risk
337,6,95,13740.411997985839,4,3,5,Others
338,6,95,10902.715466451644,4,3,4,Others
339,0,95,9295.533963632584,5,3,2,Others
340,9,92,13111.310521292686,4,3,5,Others
341,33,118,13801.734454560285,2,5,5,Loyal
342,13,97,11367.634076023101,3,4,4,Loyal
343,14,78,9735.886032128336,3,1,2,Others
344,33,95,11763.594516921043,2,3,4,At Risk
345,18,85,8082.857950043678,3,1,1,Others
346,4,103,9550.675917959215,4,5,2,Loyal
347,62,88,9707.978012704847,1,2,2,Lost
348,6,102,14551.705936479568,4,5,5,Champions
349,8,93,9298.318049573898,4,3,2,Others
350,5,92,11196.988936579226,4,3,4,Others
351,0,91,11086.3974973917,5,3,4,Others
352,25,93,11463.295538949968,2,3,4,At Risk
353,17,96,11699.830479574202,3,4,4,Loyal
354,14,96,11262.11854186058,3,3,4,Others
355,6,91,10507.852528357505,4,3,3,Others
356,7,107,13916.667900419236,4,5,5,Champions
357,29,98,13389.738021564483,2,4,5,Loyal
358,0,102,10053.250983977316,5,5,3,Loyal
359,34,102,12827.77506480217,2,5,5,Loyal
360,0,92,9250.138434028624,5,3,2,Others
361,23,86,9518.477465200425,2,2,2,Lost
362,62,81,11436.608501386641,1,1,4,At Risk
363,73,87,10969.726032066344,1,2,4,At Risk
364,33,98,12636.404959988595,2,4,5,Loyal
365,9,100,11775.244413232802,4,4,4,Champions
366,35,95,13247.482035779953,2,3,5,At Risk
367,12,96,10321.105008935927,3,3,3,Others
368,49,99,9217.069526958465,1,4,2,Loyal
369,33,115,14256.227974939346,2,5,5,Loyal
370,15,97,11460.347530913352,3,4,4,Loyal
371,31,87,8373.159489250182,2,2,1,Lost
372,60,108,13303.695464968683,1,5,5,Loyal
373,29,86,10712.215541315078,2,2,3,Lost
374,11,91,10219.555938100813,4,3,3,Others
375,1,99,11776.843014168739,5,4,4,Champions
376,14,77,9072.394030332565,3,1,2,Others
377,28,89,11155.603999400142,2,2,4,At Risk
378,16,85,9447.13148519993,3,1,2,Others
379,17,84,10212.961968183517,3,1,3,Others
380,54,81,11733.278961396216,1,1,4,At Risk
381,3,98,11529.307542753219,5,4,4,Champions
382,15,91,8763.525493383408,3,3,1,Others
383,33,109,10311.680917084219,2,5,3,Loyal
384,5,96,10294.82399892807,4,4,3,Loyal
385,20,85,9703.129446101188,3,1,2,Others
386,25,101,13146.054046106337,2,4,5,Loyal
387,42,79,9730.864545083046,1,1,2,Lost
388,1,79,7936.078477931023,5,1,1,Others
389,3,105,12005.885547757149,5,5,5,Champions
390,5,97,7491.857010006905,4,4,1,Loyal
391,66,89,9257.315425848963,1,2,2,Lost
392,56,78,8666.922515296936,1,1,1,Lost
393,26,95,8057.209523463248,2,3,1,Others
394,14,99,14354.44710640907,3,4,5,Loyal
395,34,84,10587.007046699524,2,1,3,Lost
396,0,87,11727.78496603966,5,2,4,Others
397,66,98,10802.765434575078,1,4,4,Loyal
398,9,87,10033.363944625855,4,2,3,Others
399,63,100,10421.64348011017,1,4,3,Loyal
400,6,93,8391.414483523367,4,3,1,Others
401,28,97,11461.309980130196,2,4,4,Loyal
402,17,92,10969.15699546337,3,3,4,Others
403,6,86,9929.308000922203,4,2,3,Others
404,24,100,14303.186460411549,2,4,5,Loyal
405,20,99,13438.297536230088,3,4,5,Loyal
406,9,86,7736.048951172828,4,2,1,Others
407,6,89,9673.716433811187,4,2,2,Others
408,8,88,7170.711537313462,4,2,1,Others
409,16,90,11117.768967199327,3,2,4,Others
410,31,103,12549.213580608368,2,5,5,Loyal
411,20,90,10804.905046367645,3,2,4,Others
412,5,90,7826.7754943609225,4,2,1,Others
413,64,74,9832.274546909328,1,1,3,Lost
414,2,97,14853.997008943557,5,4,5,Champions
415,30,94,10730.930979931354,2,3,3,Others
416,38,89,10735.881996679309,2,2,3,Lost
417,19,97,10733.723569130898,3,4,3,Loyal
418,0,81,9900.30837829113,5,1,3,Others
419,44,89,11831.683491182328,1,2,5,At Risk
420,31,79,9530.527056741714,2,1,2,Lost
421,24,83,11635.688059473037,2,1,4,At Risk
422,10,77,8753.412456560136,4,1,1,Others
423,46,92,11700.031001567839,1,3,4,At Risk
424,0,79,7169.868988895416,5,1,1,Others
425,26,99,12118.37043862343,2,4,5,Loyal
426,4,110,11892.39151272774,5,5,5,Champions
427,21,95,8786.066995763778,3,3,1,Others
428,9,84,8868.39345521927,4,1,2,Others
429,0,96,8858.5225025177,5,3,2,Others
430,7,101,9340.835905098915,4,4,2,Loyal
431,17,76,7529.325537943839,3,1,1,Others
432,15,75,7247.970501732827,3,1,1,Others
433,1,92,11821.722469520568,5,3,4,Others
434,1,97,7791.074468421934,5,4,1,Loyal
435,8,90,9456.711490368842,4,2,2,Others
436,77,97,11474.285540127754,1,4,4,Loyal
437,31,88,12639.644500303268,2,2,5,At Risk
438,15,92,10115.33258910179,3,3,3,Others
439,57,95,9288.240988790987,1,3,2,Others
440,23,108,10702.851472115517,2,5,3,Loyal
441,0,84,10553.876476287842,5,1,3,Others
442,52,114,12114.554013526442,1,5,5,Loyal
443,5,89,7629.817401599885,4,2,1,Others
444,47,97,12453.81743152142,1,4,5,Loyal
445,62,94,12167.126386928558,1,3,5,At Risk
446,1,88,7634.8279933452595,5,2,1,Others
447,8,97,10959.168011188507,4,4,4,Champions
448,27,109,13738.90797857046,2,5,5,Loyal
449,34,75,6664.387490749359,2,1,1,Lost
450,10,96,9674.48049817085,4,3,2,Others
451,25,79,10005.332009124755,2,1,3,Lost
452,9,103,8503.229915595051,4,5,1,Loyal
453,20,70,7397.56849565506,3,1,1,Others
454,15,107,11646.545599889756,3,5,4,Loyal
455,18,101,14566.640037536627,3,4,5,Loyal
456,0,114,14099.374478912356,5,5,5,Champions
457,37,89,7710.924973440171,2,2,1,Lost
458,5,95,12038.050063133238,4,3,5,Others
459,53,91,10520.019459962841,1,2,3,Lost
460,6,83,10390.918425178528,4,1,3,Others
461,28,96,10365.24053926468,2,4,3,Loyal
462,51,90,11015.196448922157,1,2,4,At Risk
463,1,100,11293.562499547008,5,4,4,Champions
464,8,94,12894.320475816727,4,3,5,Others
465,75,89,9754.05000886917,1,2,2,Lost
466,0,98,12148.242484188082,5,4,5,Champions
467,2,107,15235.564462828635,5,5,5,Champions
468,28,97,11202.696972846981,2,4,4,Loyal
469,1,94,9535.494455277923,5,3,2,Others
470,90,102,12619.931431078912,1,5,5,Loyal
471,4,94,8334.523509311675,5,3,1,Others
472,22,96,12246.226477026938,2,4,5,Loyal
473,21,90,9080.21745198965,3,2,2,Others
474,19,97,11864.785536861418,3,4,5,Loyal
475,0,102,12491.126974272727,5,5,5,Champions
476,3,100,10706.428561639783,5,4,3,Loyal
477,1,98,7901.581023311614,5,4,1,Loyal
478,5,80,8046.583029174804,4,1,1,Others
479,20,100,8816.26848641634,3,4,1,Loyal
480,35,96,10935.019461512566,2,4,4,Loyal
481,0,101,11226.232994270322,5,5,4,Champions
482,44,94,9045.014492487908,1,3,2,Others
483,22,102,13193.200997710228,3,5,5,Loyal
484,17,97,9195.428518104552,3,4,2,Loyal
485,51,83,9601.374962759017,1,1,2,Lost
486,6,96,11961.260455226895,4,4,5,Champions
487,39,91,12153.571938991545,1,2,5,At Risk
488,21,108,10438.31398909092,3,5,3,Loyal
489,8,106,11674.356006002425,4,5,4,Champions
490,2,88,8034.101529741288,5,2,1,Others
491,117,89,9400.88593223095,1,2,2,Lost
492,12,95,13431.08988580704,3,3,5,Others
493,43,108,10847.388013732434,1,5,4,Loyal
494,34,90,10122.854953980444,2,2,3,Lost
495,35,104,11878.001454138759,2,5,5,Loyal
496,4,100,11064.145915746687,5,4,4,Champions
497,5,93,8335.204488754274,4,3,1,Others
498,10,83,7663.0824895143505,4,1,1,Others
499,24,93,10033.940997350215,2,3,3,Others
500,31,100,8494.799043798446,2,4,1,Loyal
501,30,71,7164.956486535073,2,1,1,Lost
502,2,91,12389.12899737358,5,3,5,Others
503,34,90,11051.605485010148,2,2,4,At Risk
504,51,100,11159.61946541071,1,4,4,Loyal
505,4,96,9238.570487236975,5,3,2,Others
506,34,99,13257.966570854185,2,4,5,Loyal
507,13,103,11249.158028113841,3,5,4,Loyal
508,12,107,11189.987992739678,3,5,4,Loyal
509,58,105,15077.399988102912,1,5,5,Loyal
510,41,101,10889.556930804252,1,4,4,Loyal
511,46,99,12935.5350569129,1,4,5,Loyal
512,44,83,8676.61399230957,1,1,1,Lost
513,73,89,9417.430981516836,1,2,2,Lost
514,1,105,10172.24098110199,5,5,3,Loyal
515,2,96,12011.001995658873,5,3,5,Others
516,9,104,13660.910460138322,4,5,5,Champions
517,0,93,8627.912982845308,5,3,1,Others
518,37,92,8972.941048836708,2,3,2,Others
519,31,83,7456.730956745148,2,1,1,Lost
520,6,88,10429.227513480188,4,2,3,Others
521,23,93,10819.50753765106,2,3,4,At Risk
522,50,90,7248.745997786522,1,2,1,Lost
523,42,91,8700.580974626542,1,2,1,Lost
524,69,88,10596.93050649166,1,2,3,Lost
525,62,83,8349.091463494302,1,1,1,Lost
526,18,100,13908.121494817733,3,4,5,Loyal
527,12,94,11564.198036623,3,3,4,Others
528,24,90,10476.088502526283,2,2,3,Lost
529,73,103,10151.190968418121,1,5,3,Loyal
530,31,91,9641.632511997223,2,2,2,Lost
531,21,94,10923.745996236801,3,3,4,Others
532,14,105,10714.500959968565,3,5,3,Loyal
533,32,91,10961.012494325636,2,2,4,At Risk
534,80,86,8909.754445195198,1,2,2,Lost
535,13,98,11261.18299744129,3,4,4,Loyal
536,14,108,9616.619479560852,3,5,2,Loyal
537,14,82,8947.646552085878,3,1,2,Others
538,20,78,9991.143010258678,3,1,3,Others
539,5,96,9279.061980628967,4,4,2,Loyal
540,10,96,13693.05249979496,4,4,5,Champions
541,6,95,10880.314574933049,4,3,4,Others
542,8,98,11159.7245313406,4,4,4,Champions
543,48,92,10159.947530508041,1,3,3,Others
544,3,97,9257.616437792774,5,4,2,Loyal
545,3,92,12460.109471940994,5,3,5,Others
546,9,99,10613.590989279748,4,4,3,Loyal
547,0,87,8270.867509770393,5,2,1,Others
548,10,93,7951.119441986086,4,3,1,Others
549,14,83,11116.612494230272,3,1,4,Others
550,39,95,12449.762049293517,1,3,5,At Risk
551,10,115,10767.483974194527,4,5,4,Champions
552,18,98,12835.177957057951,3,4,5,Loyal
553,14,88,10542.13200750351,3,2,3,Others
554,2,84,7888.654538345338,5,1,1,Others
555,3,103,9871.859991216661,5,5,3,Loyal
556,47,104,10003.883516275884,1,5,3,Loyal
557,27,79,8975.74854412079,2,1,2,Lost
558,19,91,10210.275521874428,3,3,3,Others
559,26,114,15835.641997814178,2,5,5,Loyal
560,2,85,8892.337973117827,5,1,2,Others
561,23,90,10829.482477831843,2,2,4,At Risk
562,21,90,8652.006478452684,3,2,1,Others
563,17,96,9225.231526803971,3,4,2,Loyal
564,14,88,10392.494044566156,3,2,3,Others
565,10,93,10130.613980054855,4,3,3,Others
566,44,91,10311.680445480346,1,2,3,Lost
567,61,95,11197.287436318398,1,3,4,At Risk
568,0,111,12393.994441890714,5,5,5,Champions
569,0,99,8969.649498820301,5,4,2,Loyal
570,2,80,8455.608485984802,5,1,1,Others
571,1,103,12569.286103510858,5,5,5,Champions
572,1,82,10135.95348520279,5,1,3,Others
573,40,90,8712.171928024292,1,2,1,Lost
574,0,99,11830.879047441482,5,4,5,Champions
575,58,96,8972.612514066694,1,4,2,Loyal
576,21,81,8863.199442529676,3,1,2,Others
577,40,70,8390.33898587227,1,1,1,Lost
578,17,83,10576.982503461837,3,1,3,Others
579,2,89,10776.792084360122,5,2,4,Others
580,1,84,10891.928940629961,5,1,4,Others
581,1,88,9117.049945211409,5,2,2,Others
582,0,89,10312.446056640149,5,2,3,Others
583,9,82,8806.816917347907,4,1,1,Others
584,34,93,9190.036007165907,2,3,2,Others
585,3,105,9662.25146692991,5,5,2,Loyal
586,7,106,13785.648442864418,4,5,5,Champions
587,6,105,9301.363989377021,4,5,2,Loyal
588,82,94,11595.34900662899,1,3,4,At Risk
589,0,82,10951.751524090765,5,1,4,Others
590,25,96,13317.441478276252,2,4,5,Loyal
591,2,86,8992.146488165856,5,2,2,Others
592,62,97,9727.085405969621,1,4,2,Loyal
593,102,85,10608.466487932204,1,1,3,Lost
594,54,86,9422.711462950705,1,2,2,Lost
595,12,91,8335.987479448318,3,3,1,Others
596,5,103,10853.162452149389,4,5,4,Champions
597,10,91,8258.998448204995,4,3,1,Others
598,27,96,10712.632543826105,2,4,3,Loyal
599,12,98,11300.0495041728,3,4,4,Loyal
600,10,99,8646.696010231972,4,4,1,Loyal
601,5,111,13094.666418194773,4,5,5,Champions
602,9,90,9284.020053672792,4,2,2,Others
603,42,91,9195.826955175398,1,2,2,Lost
604,12,99,12342.330947422983,3,4,5,Loyal
605,9,82,8954.775002145769,4,1,2,Others
606,59,97,12166.933902549745,1,4,5,Loyal
607,30,85,10433.12004415989,2,1,3,Lost
608,5,88,8578.561419963837,4,2,1,Others
609,2,92,10541.373495125772,5,3,3,Others
610,5,78,6646.793949747087,4,1,1,Others
611,9,79,11130.01503956318,4,1,4,Others
612,25,105,11017.337476158142,2,5,4,Loyal
613,6,89,9603.203432488443,4,2,2,Others
614,42,83,8459.991470551491,1,1,1,Lost
615,22,103,11720.531009817123,2,5,4,Loyal
616,32,85,7814.521507430078,2,1,1,Lost
617,62,97,10986.940501308442,1,4,4,Loyal
618,87,96,11513.67700688839,1,4,4,Loyal
619,3,92,8819.295508956911,5,3,1,Others
620,0,93,10008.397501993179,5,3,3,Others
621,19,98,11822.337973117828,3,4,4,Loyal
622,19,81,6777.251945757865,3,1,1,Others
623,6,91,8624.357398366927,4,3,1,Others
624,9,115,11512.470498526096,4,5,4,Champions
625,24,95,9899.36190481186,2,3,3,Others
626,21,99,10727.183046007156,3,4,3,Loyal
627,0,89,10229.862956285477,5,2,3,Others
628,21,86,10362.731993174553,3,2,3,Others
629,34,99,11648.290972447394,2,4,4,Loyal
630,9,97,9849.538488292694,4,4,3,Loyal
631,48,96,7852.20752673149,1,4,1,Loyal
632,12,90,12664.823032426833,3,2,5,Others
633,6,107,12088.225497293468,4,5,5,Champions
634,34,100,11085.92194237709,2,4,4,Loyal
635,19,102,9645.652926993369,3,5,2,Loyal
636,53,105,10696.510056781768,1,5,3,Loyal
637,1,102,10150.715971326828,5,5,3,Loyal
638,4,92,8254.457511138917,4,3,1,Others
639,10,103,11151.578499114516,4,5,4,Champions
640,24,89,10542.803023624418,2,2,3,Lost
641,33,78,8824.765961599347,2,1,1,Lost
642,42,82,10193.69598827362,1,1,3,Lost
643,0,81,8579.254475307465,5,1,1,Others
644,27,96,11284.374033832546,2,4,4,Loyal
645,21,92,9429.157475280761,3,3,2,Others
646,1,89,10616.17457678318,5,2,3,Others
647,15,107,12332.378967380522,3,5,5,Loyal
648,5,109,11621.692423176768,4,5,4,Champions
649,26,92,11288.66046848297,2,3,4,At Risk
650,18,90,11502.713393163682,3,2,4,Others
651,24,79,11548.728464722633,2,1,4,At Risk
652,4,114,12622.43555048704,5,5,5,Champions
653,93,91,10400.815924930574,1,2,3,Lost
654,13,97,9941.98401005268,3,4,3,Loyal
655,38,109,14284.539531421658,2,5,5,Loyal
656,10,96,13432.879493045806,4,3,5,Others
657,6,93,10669.196404242515,4,3,3,Others
658,12,99,9822.829067277911,3,4,2,Loyal
659,2,103,10274.300974059104,5,5,3,Loyal
660,2,98,12453.745018005366,5,4,5,Champions
661,24,98,11344.243920230863,2,4,4,Loyal
662,1,93,10637.182504105569,5,3,3,Others
663,1,108,9905.345990991595,5,5,3,Loyal
664,29,87,10045.442537117005,2,2,3,Lost
665,11,92,12693.8329749465,4,3,5,Others
666,5,105,11214.921453523637,4,5,4,Champions
667,4,108,12355.646511244777,5,5,5,Champions
668,41,97,8385.41996665001,1,4,1,Loyal
669,21,94,11077.513460850714,3,3,4,Others
670,27,83,9704.024998807909,2,1,2,Lost
671,38,84,9255.563467645645,2,1,2,Lost
672,6,105,12505.499997568131,4,5,5,Champions
673,8,85,6894.557530903817,4,1,1,Others
674,6,97,8587.193534326554,4,4,1,Loyal
675,43,87,12135.439469003679,1,2,5,At Risk
676,19,98,8335.551525449753,3,4,1,Loyal
677,8,104,11837.647011804584,4,5,5,Champions
678,25,85,7572.3099387645725,2,1,1,Lost
679,41,103,11381.875590038295,1,5,4,Loyal
680,0,93,9404.564932608602,5,3,2,Others
681,1,106,13364.45660107136,5,5,5,Champions
682,25,98,12475.391006326678,2,4,5,Loyal
683,33,86,9665.641441059113,2,2,2,Lost
684,35,87,11453.266460561754,2,2,4,At Risk
685,19,93,6394.489001035691,3,3,1,Others
686,57,90,8961.4225127697,1,2,2,Lost
687,61,75,7987.689967751503,1,1,1,Lost
688,2,104,11638.039981937409,5,5,4,Champions
689,61,97,8837.430498051643,1,4,2,Loyal
690,47,87,9960.781030750273,1,2,3,Lost
691,74,90,8525.356530451774,1,2,1,Lost
692,19,87,10722.200478625295,3,2,3,Others
693,27,79,8400.530970215797,2,1,1,Lost
694,15,101,11757.237932574748,3,4,4,Loyal
695,50,101,10334.853579044342,1,4,3,Loyal
696,18,81,9358.167033672335,3,1,2,Others
697,27,86,8208.183022832869,2,2,1,Lost
698,36,74,10219.98798570633,2,1,3,Lost
699,9,98,9853.899580287933,4,4,3,Loyal
700,1,93,8747.560934066772,5,3,1,Others
701,42,103,14960.601391625403,1,5,5,Loyal
702,10,97,14849.164865779874,4,4,5,Champions
703,34,94,8668.132500219346,2,3,1,Others
704,33,79,7052.975008511542,2,1,1,Lost
705,0,103,14894.763977622988,5,5,5,Champions
706,4,106,12160.05096974373,5,5,5,Champions
707,28,97,13153.737023663522,2,4,5,Loyal
708,1,85,8797.751963996889,5,1,1,Others
709,8,90,10387.298492431644,4,2,3,Others
710,19,74,8170.066464829445,3,1,1,Others
711,30,106,11953.725952672961,2,5,5,Loyal
712,9,94,11060.85699977875,4,3,4,Others
713,3,90,13247.619119024275,5,2,5,Others
714,5,101,10318.759541225436,4,4,3,Loyal
715,5,90,10186.454992771149,4,2,3,Others
716,7,103,13707.33148276806,4,5,5,Champions
717,3,106,8976.680941474435,5,5,2,Loyal
718,31,84,9299.522579813003,2,1,2,Lost
719,1,100,10822.089103317261,5,4,4,Champions
720,57,88,9564.365955829619,1,2,2,Lost
721,10,82,10304.96342840195,4,1,3,Others
722,29,86,7757.087972831727,2,2,1,Lost
723,22,84,10910.467083883283,3,1,4,Others
724,10,101,14133.479582214355,4,4,5,Champions
725,0,96,9975.638475584983,5,3,3,Others
726,28,95,8883.28894994259,2,3,2,Others
727,62,98,12120.721499419215,1,4,5,Loyal
728,1,95,11034.739983558657,5,3,4,Others
729,18,92,10714.814058828353,3,3,3,Others
730,44,89,9976.875957596303,1,2,3,Lost
731,0,88,11378.429511737824,5,2,4,Others
732,3,86,9608.762081432344,5,2,2,Others
733,6,91,12417.926639676092,4,3,5,Others
734,32,99,11101.282029175756,2,4,4,Loyal
735,7,99,12095.652459955216,4,4,5,Champions
736,33,94,8125.852021789551,2,3,1,Others
737,49,90,9536.28600177765,1,2,2,Lost
738,7,92,12685.372018575668,4,3,5,Others
739,10,93,6827.468455529214,4,3,1,Others
740,3,79,8697.277003598212,5,1,1,Others
741,13,99,10287.912989330292,3,4,3,Loyal
742,8,97,10199.36152253151,4,4,3,Loyal
743,8,123,13896.856534790993,4,5,5,Champions
744,12,91,9392.989508342742,3,3,2,Others
745,6,90,9929.449050426481,4,2,3,Others
746,14,86,8950.287520265578,3,2,2,Others
747,27,79,8372.137409853935,2,1,1,Lost
748,8,99,11725.441968965528,4,4,4,Champions
749,11,96,10853.191507005691,4,4,4,Champions
750,12,88,9696.009022641181,3,2,2,Others
751,14,98,13047.427534389495,3,4,5,Loyal
752,10,100,10445.912080669403,4,4,3,Loyal
753,53,94,9301.198507595063,1,3,2,Others
754,147,98,7382.754017472268,1,4,1,Loyal
755,18,91,9293.668538236618,3,3,2,Others
756,3,97,9871.356005132197,5,4,3,Loyal
757,48,88,13037.06698179245,1,2,5,At Risk
758,19,103,11348.715970468522,3,5,4,Loyal
759,0,100,10106.073059868815,5,4,3,Loyal
760,16,99,9982.951543378827,3,4,3,Loyal
761,6,89,9838.269971179961,4,2,3,Others
762,4,93,8104.7609945774075,5,3,1,Others
763,8,82,10017.253963160514,4,1,3,Others
764,0,108,12479.914432668686,5,5,5,Champions
765,30,82,7715.731475830078,2,1,1,Lost
766,3,93,12727.562516355516,5,3,5,Others
767,3,110,10897.110481667518,5,5,4,Champions
768,17,109,12908.609923148157,3,5,5,Loyal
769,9,111,11411.112433862685,4,5,4,Champions
770,2,95,9292.537442064286,5,3,2,Others
771,17,101,9582.86151089668,3,4,2,Loyal
772,0,105,11918.656918525698,5,5,5,Champions
773,37,97,9355.931002259254,2,4,2,Loyal
774,0,78,9076.09101047516,5,1,2,Others
775,23,76,7009.327461814881,2,1,1,Lost
776,58,97,7121.230013656617,1,4,1,Loyal
777,24,92,9678.582893013954,2,3,2,Others
778,32,74,8868.877415370942,2,1,2,Lost
779,46,109,12177.970017790794,1,5,5,Loyal
780,7,72,8782.674988901616,4,1,1,Others
781,3,110,12953.537015104295,5,5,5,Champions
782,22,93,12333.512894868853,3,3,5,Others
783,16,90,10247.099017381666,3,2,3,Others
784,47,101,12785.984534835816,1,4,5,Loyal
785,1,82,7907.970047497747,5,1,1,Others
786,12,94,11916.831984055043,3,3,5,Others
787,76,80,11746.300075149536,1,1,4,At Risk
788,2,88,8052.742522192001,5,2,1,Others
789,8,94,9700.949461638926,4,3,2,Others
790,32,86,9526.891507959366,2,2,2,Lost
791,11,102,13464.245480751992,4,5,5,Champions
792,141,81,10357.03195168972,1,1,3,Lost
793,8,89,8580.871517181396,4,2,1,Others
794,32,86,9136.36895160675,2,2,2,Lost
795,49,100,13204.605529069904,1,4,5,Loyal
796,13,94,9997.549965262413,3,3,3,Others
797,11,88,8896.225025558473,4,2,2,Others
798,41,95,12258.735998010634,1,3,5,At Risk
799,23,87,11413.503563690183,2,2,4,At Risk
800,33,114,11632.497488164901,2,5,4,Loyal
801,70,80,11559.97950863838,1,1,4,At Risk
802,13,93,11415.706077528,3,3,4,Others
803,10,100,10362.409529852868,4,4,3,Loyal
804,26,89,9371.092504787446,2,2,2,Lost
805,18,95,12297.834008836746,3,3,5,Others
806,17,89,9993.900970649718,3,2,3,Others
807,12,83,13476.635431623463,3,1,5,Others
808,20,98,12601.3585688591,3,4,5,Loyal
809,20,104,12785.85950613022,3,5,5,Loyal
810,0,92,6856.625479698181,5,3,1,Others
811,44,98,11427.753375768661,1,4,4,Loyal
812,10,88,11164.473554420472,4,2,4,Others
813,0,85,9508.664005994797,5,1,2,Others
814,32,89,9564.96246151924,2,2,2,Lost
815,46,98,8568.5260268569,1,4,1,Loyal
816,37,79,9728.515018463135,2,1,2,Lost
817,78,91,10011.803021180629,1,2,3,Lost
818,22,74,7847.031003522872,3,1,1,Others
819,34,94,10346.6869846344,2,3,3,Others
820,24,95,11511.767489433287,2,3,4,At Risk
821,10,95,8668.714450001717,4,3,1,Others
822,14,92,12305.75105247498,3,3,5,Others
823,26,75,7176.785485458373,2,1,1,Lost
824,1,87,7688.574451732636,5,2,1,Others
825,26,99,10744.966468811037,2,4,3,Loyal
826,8,91,9347.044497799872,4,3,2,Others
827,25,104,11119.596047067642,2,5,4,Loyal
828,32,97,13333.929981565474,2,4,5,Loyal
829,83,82,8813.811421334743,1,1,1,Lost
830,8,83,9489.048006272315,4,1,2,Others
831,9,105,11999.75805003643,4,5,5,Champions
832,26,89,10710.322959983352,2,2,3,Lost
833,14,85,9564.811473608019,3,1,2,Others
834,23,92,7722.045019364356,2,3,1,Others
835,7,94,11266.279964423178,4,3,4,Others
836,4,96,10852.741023588182,5,3,4,Others
837,70,115,10805.322029972076,1,5,4,Loyal
838,20,100,13141.651999092102,3,4,5,Loyal
839,29,100,10259.9595009923,2,4,3,Loyal
840,59,100,9379.72593665123,1,4,2,Loyal
841,13,97,11563.80345208645,3,4,4,Loyal
842,35,80,9407.19145553112,2,1,2,Lost
843,0,100,11677.500502800942,5,4,4,Champions
844,0,75,7964.124963283537,5,1,1,Others
845,9,106,9170.813518905641,4,5,2,Loyal
846,20,72,8250.196969461442,3,1,1,Others
847,3,78,7273.1245004415505,5,1,1,Others
848,29,89,8313.24997704029,2,2,1,Lost
849,14,100,8986.089479017259,3,4,2,Loyal
850,31,101,12019.228422236443,2,4,5,Loyal
851,21,94,10504.426352238654,3,3,3,Others
852,69,85,11606.984974360465,1,1,4,At Risk
853,1,96,9298.996507263186,5,3,2,Others
854,43,113,11313.483503985406,1,5,4,Loyal
855,7,94,8730.793933582307,4,3,1,Others
856,27,97,12721.828544044494,2,4,5,Loyal
857,29,95,8041.308045363425,2,3,1,Others
858,59,82,11125.15250108242,1,1,4,At Risk
859,36,93,11381.096971940997,2,3,4,At Risk
860,14,98,8182.322010612486,3,4,1,Loyal
861,10,92,8898.365527534484,4,3,2,Others
862,78,98,11735.459516477587,1,4,4,Loyal
863,43,79,7859.448986482618,1,1,1,Lost
864,48,83,8825.723545002937,1,1,2,Lost
865,1,102,10221.666922163964,5,5,3,Loyal
866,48,96,10274.616396999358,1,4,3,Loyal
867,30,102,10559.440053725242,2,5,3,Loyal
868,34,84,8779.153471374513,2,1,1,Lost
869,24,86,9716.421517038345,2,2,2,Lost
870,9,113,13575.177069044114,4,5,5,Champions
871,65,78,8017.218074178695,1,1,1,Lost
872,0,104,11419.668985569479,5,5,4,Champions
873,14,96,10082.064468097686,3,4,3,Loyal
874,46,76,6337.441499972343,1,1,1,Lost
875,24,97,10259.217515707016,2,4,3,Loyal
876,61,88,12050.192553710938,1,2,5,At Risk
877,6,85,9072.291088294984,4,1,2,Others
878,6,108,13330.785027003287,4,5,5,Champions
879,1,100,10512.217013132573,5,4,3,Loyal
880,65,83,11314.12948462963,1,1,4,At Risk
881,39,93,9702.039993047714,1,3,2,Others
882,37,90,9405.008017134667,2,2,2,Lost
883,29,83,7533.886035919189,2,1,1,Lost
884,23,99,13852.317974925041,2,4,5,Loyal
885,20,76,10297.068548440933,3,1,3,Others
886,28,87,8347.413995194434,2,2,1,Lost
887,5,88,10332.256034517288,4,2,3,Others
888,1,101,11927.546057605743,5,4,5,Champions
889,66,82,10163.40748066902,1,1,3,Lost
890,37,103,12885.933556938167,2,5,5,Loyal
891,25,83,9295.632006120682,2,1,2,Lost
892,24,82,11072.778489589691,2,1,4,At Risk
893,8,90,6768.776958227155,4,2,1,Others
894,31,99,11839.956891059875,2,4,5,Loyal
895,2,91,10159.259088981153,5,3,3,Others
896,62,92,8583.934002542495,1,3,1,Others
897,5,103,11875.969424057004,4,5,5,Champions
898,24,89,9210.181935024262,2,2,2,Lost
899,15,92,12486.842028188707,3,3,5,Others
900,47,81,8937.609531402588,1,1,2,Lost
901,1,99,7475.569002056121,5,4,1,Loyal
902,16,102,9490.600937891008,3,5,2,Loyal
903,0,118,11951.227069187164,5,5,5,Champions
904,0,87,9022.510968470575,5,2,2,Others
905,2,84,8910.696996164323,5,1,2,Others
906,15,106,10482.396013069152,3,5,3,Loyal
907,59,89,10129.40145893097,1,2,3,Lost
908,29,85,10827.274873590473,2,1,4,At Risk
909,2,77,6727.591508340835,5,1,1,Others
910,7,96,10725.444066572189,4,4,3,Loyal
911,109,73,11221.933993017674,1,1,4,At Risk
912,24,75,7043.080472660065,2,1,1,Lost
913,76,96,13052.225477719305,1,4,5,Loyal
914,48,99,10482.24555838108,1,4,3,Loyal
915,1,101,12327.179964256287,5,5,5,Champions
916,116,87,13232.608510303498,1,2,5,At Risk
917,67,91,8180.007015752792,1,2,1,Lost
918,9,94,8433.11749074459,4,3,1,Others
919,23,89,7985.163519024848,2,2,1,Lost
920,35,86,7851.322454690935,2,2,1,Lost
921,37,97,12125.000957751276,2,4,5,Loyal
922,20,101,12458.768495821952,3,4,5,Loyal
923,9,76,9548.766516637803,4,1,2,Others
924,5,91,8238.19750404358,4,3,1,Others
925,12,99,8602.069917202,3,4,1,Loyal
926,22,96,11874.403971171381,3,4,5,Loyal
927,2,101,12563.208977043629,5,4,5,Champions
928,11,82,7167.544491195677,4,1,1,Others
929,54,86,10287.802526545524,1,2,3,Lost
930,2,85,9910.487999725343,5,1,3,Others
931,25,85,10751.212023568152,2,1,3,Lost
932,52,96,12439.711560654636,1,4,5,Loyal
933,47,103,10538.17954685688,1,5,3,Loyal
934,14,113,10441.562916374209,3,5,3,Loyal
935,50,84,10756.705467844007,1,1,3,Lost
936,0,96,8266.696020770074,5,3,1,Others
937,69,104,10788.169955325127,1,5,4,Loyal
938,170,82,10834.257985281944,1,1,4,At Risk
939,8,96,11641.917030668257,4,4,4,Champions
940,19,100,10718.555987048148,3,4,3,Loyal
941,11,95,11098.282493591307,4,3,4,Others
942,12,91,12822.847003793717,3,3,5,Others
943,17,84,9105.292964553833,3,1,2,Others
944,0,95,11085.051888632774,5,3,4,Others
945,4,86,8789.101487946511,5,2,1,Others
946,76,94,13138.10598869324,1,3,5,At Risk
947,4,109,10269.915454196931,5,5,3,Loyal
948,61,84,9258.91654276848,1,1,2,Lost
949,6,106,11493.723492968082,4,5,4,Champions
950,1,103,10187.337536501884,5,5,3,Loyal
951,78,93,9787.024011039735,1,3,2,Others
952,7,105,12344.857507574558,4,5,5,Champions
953,6,105,10733.073486423493,4,5,3,Loyal
954,113,89,9861.603081679343,1,2,3,Lost
955,8,90,11356.151528739927,4,2,4,Others
956,9,96,8561.541439127923,4,4,1,Loyal
957,63,92,10563.982486450672,1,3,3,Others
958,0,88,8831.11744978428,5,2,2,Others
959,1,86,10513.605531978606,5,2,3,Others
960,11,96,10752.443039608002,4,4,3,Loyal
961,11,101,10972.34395084381,4,4,4,Champions
962,41,101,11876.623953270913,1,4,5,Loyal
963,9,99,10910.22752251625,4,4,4,Champions
964,110,82,6798.5124887943275,1,1,1,Lost
965,8,96,12122.236040651802,4,4,5,Champions
966,9,74,7205.373033714293,4,1,1,Others
967,8,90,9967.473005199434,4,2,3,Others
968,74,97,11478.987998366356,1,4,4,Loyal
969,23,89,11355.319526696207,2,2,4,At Risk
970,58,112,12420.326392173763,1,5,5,Loyal
971,25,99,12238.74952403307,2,4,5,Loyal
972,4,92,11133.37646114826,5,3,4,Others
973,11,78,6150.565487623216,4,1,1,Others
974,19,102,12182.56744378805,3,5,5,Loyal
975,15,91,9548.656920862199,3,3,2,Others
976,43,85,9188.665020513536,1,1,2,Lost
977,22,86,10149.571472907066,3,2,3,Others
978,9,96,12877.788534080984,4,4,5,Champions
979,3,80,7494.679007267951,5,1,1,Others
980,18,97,10210.03750357628,3,4,3,Loyal
981,5,99,10575.7179762125,4,4,3,Loyal
982,8,83,8725.293045306207,4,1,1,Others
983,0,99,13718.283507966995,5,4,5,Champions
984,11,95,11390.041467952728,4,3,4,Others
985,22,100,10740.449969768524,3,4,3,Loyal
986,38,85,10823.818497180939,2,1,4,At Risk
987,78,82,10024.106979513168,1,1,3,Lost
988,41,110,11577.030003404618,1,5,4,Loyal
989,25,89,8353.563018894196,2,2,1,Lost
990,39,89,10995.56249155998,1,2,4,At Risk
991,43,105,10983.389536428453,1,5,4,Loyal
992,43,88,10040.380908274652,1,2,3,Lost
993,24,87,8446.36448864937,2,2,1,Lost
994,50,96,11270.179532814027,1,4,4,Loyal
995,5,72,8788.046007025241,4,1,1,Others
996,7,81,7391.9009799957275,4,1,1,Others
997,14,91,7516.52147974968,3,3,1,Others
998,52,91,8274.45650653839,1,2,1,Lost
999,52,84,7511.1595154166225,1,1,1,Lost
1000,4,80,11382.265557312967,5,1,4,Others
1001,13,102,9746.34793846607,3,5,2,Loyal
1002,4,81,11371.232538866996,5,1,4,Others
1003,4,95,11020.731056118013,5,3,4,Others
1004,21,87,8893.23558752537,3,2,2,Others
1005,16,87,9243.89891910553,3,2,2,Others
1006,3,97,10646.795983958242,5,4,3,Loyal
1007,20,91,12509.241473150252,3,3,5,Others
1008,23,72,8701.814517641069,2,1,1,Lost
1009,24,83,10752.14498744011,2,1,3,Lost
1010,41,85,7071.3394869565955,1,1,1,Lost
1011,150,96,9457.949971771239,1,4,2,Loyal
1012,19,90,11054.26551911831,3,2,4,Others
1013,15,86,8841.074458932877,3,2,2,Others
1014,6,78,7862.371531391143,4,1,1,Others
1015,11,93,9013.356521737578,4,3,2,Others
1016,6,86,9261.426996064187,4,2,2,Others
1017,3,86,8281.042940831185,5,2,1,Others
1018,27,79,8538.043520760535,2,1,1,Lost
1019,9,104,10137.614473605154,4,5,3,Loyal
1020,6,93,10820.170466613768,4,3,4,Others
1021,1,79,7064.321934390066,5,1,1,Others
1022,5,91,9449.267994332313,4,3,2,Others
1023,2,87,10549.11292901039,5,2,3,Others
1024,129,86,8521.34100880623,1,2,1,Lost
1025,17,112,10155.392466235162,3,5,3,Loyal
1026,61,99,13005.8090123415,1,4,5,Loyal
1027,2,108,11469.646415376663,5,5,4,Champions
1028,43,89,10226.866403841972,1,2,3,Lost
1029,9,102,8616.062943601608,4,5,1,Loyal
1030,63,93,9236.6185128212,1,3,2,Others
1031,10,107,11437.84949541092,4,5,4,Champions
1032,76,89,7539.783506989481,1,2,1,Lost
1033,23,95,10982.424519205091,2,3,4,At Risk
1034,38,87,9296.469056200984,2,2,2,Lost
1035,9,103,10812.044470810892,4,5,4,Champions
1036,4,81,7440.960978722573,4,1,1,Others
1037,2,103,13718.67998642921,5,5,5,Champions
1038,23,101,9448.662492895124,2,4,2,Loyal
1039,2,124,12791.984958291052,5,5,5,Champions
1040,6,100,9010.586500406265,4,4,2,Loyal
1041,10,95,10907.05851650238,4,3,4,Others
1042,74,94,8928.017518901825,1,3,2,Others
1043,9,94,8860.51499290466,4,3,2,Others
1044,31,88,11553.8635617733,2,2,4,At Risk
1045,40,98,10816.042003846169,1,4,4,Loyal
1046,31,89,10410.312493801119,2,2,3,Lost
1047,12,103,10506.53546357155,3,5,3,Loyal
1048,21,100,9804.188401198386,3,4,2,Loyal
1049,14,105,12497.44442474842,3,5,5,Loyal
1050,23,103,10082.978926181793,2,5,3,Loyal
1051,63,96,7961.108897304534,1,4,1,Loyal
1052,33,92,9046.778465700148,2,3,2,Others
1053,139,100,9366.263459277152,1,4,2,Loyal
1054,0,95,11574.442953395845,5,3,4,Others
1055,5,90,8698.657523560523,4,2,1,Others
1056,11,99,12654.343955111506,4,4,5,Champions
1057,9,101,11019.607538032531,4,4,4,Champions
1058,18,102,10708.18549630642,3,5,3,Loyal
1059,35,88,9736.685402965544,2,2,2,Lost
1060,37,92,8815.234953689574,2,3,1,Others
1061,15,97,13503.267088341714,3,4,5,Loyal
1062,67,97,11279.098423528674,1,4,4,Loyal
1063,40,108,10524.976525831224,1,5,3,Loyal
1064,70,91,10797.875446987155,1,2,4,At Risk
1065,7,88,8927.950989198685,4,2,2,Others
1066,21,90,11177.782996749878,3,2,4,Others
1067,34,94,8895.23554224968,2,3,2,Others
1068,23,88,10633.884491705894,2,2,3,Lost
1069,22,97,7901.642522382736,3,4,1,Loyal
1070,28,86,9847.617934715747,2,2,3,Lost
1071,4,104,12654.814928245545,5,5,5,Champions
1072,16,88,8253.840976858139,3,2,1,Others
1073,28,84,7472.632499694826,2,1,1,Lost
1074,53,97,13685.525957393646,1,4,5,Loyal
1075,13,83,9113.602082490921,3,1,2,Others
1076,96,98,11984.07642426491,1,4,5,Loyal
1077,17,84,11271.389951133728,3,1,4,Others
1078,67,98,11188.079528999326,1,4,4,Loyal
1079,66,96,8110.997937583922,1,4,1,Loyal
1080,15,82,9261.059068894387,3,1,2,Others
1081,35,92,10755.367996072771,2,3,3,Others
1082,2,99,10346.088016057014,5,4,3,Loyal
1083,18,85,10598.680035734176,3,1,3,Others
1084,10,91,9000.617473554614,4,3,2,Others
1085,6,104,10407.223521304131,4,5,3,Loyal
1086,1,104,10959.576950085164,5,5,4,Champions
1087,47,65,7599.071513104439,1,1,1,Lost
1088,1,82,8392.810467660427,5,1,1,Others
1089,9,71,6328.071019768715,4,1,1,Others
1090,11,113,13497.735574042797,4,5,5,Champions
1091,48,97,9712.742486572266,1,4,2,Loyal
1092,19,88,8879.761022734641,3,2,2,Others
1093,16,113,13199.414541840551,3,5,5,Loyal
1094,35,84,9990.722480106353,2,1,3,Lost
1095,71,100,11207.461472296714,1,4,4,Loyal
1096,5,93,14016.127087974548,4,3,5,Others
1097,0,100,10460.210472404959,5,4,3,Loyal
1098,51,87,8315.680934858323,1,2,1,Lost
1099,76,110,12255.808473730087,1,5,5,Loyal
1100,1,98,11059.181931400297,5,4,4,Champions
1101,29,74,10238.637024867536,2,1,3,Lost
1102,5,95,13632.029967546461,4,3,5,Others
1103,61,86,10033.830098485945,1,2,3,Lost
1104,20,95,13809.972428536415,3,3,5,Others
1105,52,92,8692.929472136499,1,3,1,Others
1106,1,95,10828.141512930393,5,3,4,Others
1107,69,100,10642.818037843705,1,4,3,Loyal
1108,27,96,9481.55142736435,2,4,2,Loyal
1109,10,91,9614.693998265266,4,3,2,Others
1110,72,79,9793.208000564575,1,1,2,Lost
1111,13,108,13301.804929590226,3,5,5,Loyal
1112,13,82,10973.64299724102,3,1,4,Others
1113,32,91,9565.448955631256,2,2,2,Lost
1114,11,102,10683.548435068129,4,5,3,Loyal
1115,46,112,13741.056077528001,1,5,5,Loyal
1116,6,89,9466.36295323372,4,2,2,Others
1117,15,76,7872.228944230079,3,1,1,Others
1118,29,88,9885.879966855047,2,2,3,Lost
1119,13,89,10392.281450462342,3,2,3,Others
1120,2,86,10283.026950931548,5,2,3,Others
1121,38,110,10762.664500308038,2,5,4,Loyal
1122,15,89,10413.571486687659,3,2,3,Others
1123,8,88,8937.379535341262,4,2,2,Others
1124,41,86,8978.905048036575,1,2,2,Lost
1125,59,99,10351.924015259743,1,4,3,Loyal
1126,39,89,10747.763016605377,1,2,3,Lost
1127,7,88,10273.164999949933,4,2,3,Others
1128,3,102,9569.553471374513,5,5,2,Loyal
1129,19,82,9693.327995991707,3,1,2,Others
1130,71,97,12252.40491309166,1,4,5,Loyal
1131,27,94,11516.297466707229,2,3,4,At Risk
1132,2,91,11800.634497356414,5,3,4,Others
1133,49,101,9462.861011958123,1,4,2,Loyal
1134,10,95,12098.90296888351,4,3,5,Others
1135,0,93,8516.007041597366,5,3,1,Others
1136,40,88,9134.304978609085,1,2,2,Lost
1137,1,91,8883.38347091675,5,3,2,Others
1138,25,97,10714.545951437949,2,4,3,Loyal
1139,19,87,8577.09244441986,3,2,1,Others
1140,15,102,10549.226555347439,3,5,3,Loyal
1141,105,87,10166.749512529372,1,2,3,Lost
1142,32,101,11016.960448670387,2,4,4,Loyal
1143,5,90,13372.294085359572,4,2,5,Others
1144,3,84,6922.247471189497,5,1,1,Others
1145,7,74,8221.337048530579,4,1,1,Others
1146,25,86,8527.126011085507,2,2,1,Lost
1147,40,93,8893.805977344513,1,3,2,Others
1148,40,90,11176.099953746796,1,2,4,At Risk
1149,59,79,10422.54907925129,1,1,3,Lost
1150,50,81,7999.504957127572,1,1,1,Lost
1151,0,91,9528.311448502538,5,3,2,Others
1152,1,92,9381.070477747919,5,3,2,Others
1153,4,89,7400.2299838781355,4,2,1,Others
1154,35,100,11036.312483739852,2,4,4,Loyal
1155,32,82,8876.26045179367,2,1,2,Lost
1156,15,109,12282.00949115753,3,5,5,Loyal
1157,8,104,9741.77996811867,4,5,2,Loyal
1158,32,101,10504.096456670763,2,4,3,Loyal
1159,26,88,9320.66598145962,2,2,2,Lost
1160,77,96,10406.646992731094,1,4,3,Loyal
1161,1,85,6519.092016744613,5,1,1,Others
1162,8,95,9588.712953805923,4,3,2,Others
1163,33,90,11573.234025144577,2,2,4,At Risk
1164,27,90,10536.533501434327,2,2,3,Lost
1165,5,85,8372.208471488953,4,1,1,Others
1166,9,85,10574.231997776034,4,1,3,Others
1167,75,77,7085.591994333268,1,1,1,Lost
1168,15,97,9068.897959995269,3,4,2,Loyal
1169,90,104,16297.948990678791,1,5,5,Loyal
1170,24,97,11636.227985858915,2,4,4,Loyal
1171,26,77,6942.020499491692,2,1,1,Lost
1172,35,100,12352.688474225999,2,4,5,Loyal
1173,12,103,14253.31604859829,3,5,5,Loyal
1174,0,94,9952.33859846592,5,3,3,Others
1175,27,83,7692.173476815225,2,1,1,Lost
1176,0,98,9773.916523146629,5,4,2,Loyal
1177,6,94,12818.542952632903,4,3,5,Others
1178,47,76,9715.826958274842,1,1,2,Lost
1179,79,88,10140.415980458258,1,2,3,Lost
1180,5,76,7950.344490337372,4,1,1,Others
1181,16,89,8324.936994338035,3,2,1,Others
1182,31,89,10105.96490931511,2,2,3,Lost
1183,42,106,12076.966995239258,1,5,5,Loyal
1184,93,103,12007.800396537781,1,5,5,Loyal
1185,14,84,8883.954023194314,3,1,2,Others
1186,1,78,8744.184441924095,5,1,1,Others
1187,3,102,10594.621991467477,5,5,3,Loyal
1188,34,85,9183.32801876068,2,1,2,Lost
1189,28,83,10496.16754808426,2,1,3,Lost
1190,15,104,10664.994037437438,3,5,3,Loyal
1191,10,85,7276.050985872746,4,1,1,Others
1192,4,93,10982.666464543341,5,3,4,Others
1193,41,96,11561.323049354554,1,4,4,Loyal
1194,19,71,10952.266518878938,3,1,4,Others
1195,8,105,12890.35049660206,4,5,5,Champions
1196,25,93,9269.12245080471,2,3,2,Others
1197,10,90,11244.847037744523,4,2,4,Others
1198,53,93,11302.064044713976,1,3,4,At Risk
1199,44,88,8566.11054184437,1,2,1,Lost
1200,7,80,8284.618009424208,4,1,1,Others
1201,8,108,12089.01597571373,4,5,5,Champions
1202,6,80,7518.572541189192,4,1,1,Others
1203,21,86,9448.25495812893,3,2,2,Others
1204,9,99,8751.256532239913,4,4,1,Loyal
1205,5,96,9958.92704114914,4,3,3,Others
1206,9,98,11585.556501531599,4,4,4,Champions
1207,25,97,8761.244947052,2,4,1,Loyal
1208,5,93,11074.897461843491,4,3,4,Others
1209,23,87,10621.287520217898,2,2,3,Lost
1210,2,102,12007.67893207073,5,5,5,Champions
1211,5,68,5900.447925233841,4,1,1,Others
1212,48,90,6914.590479397774,1,2,1,Lost
1213,2,80,11274.213517189024,5,1,4,Others
1214,2,94,11394.198920440673,5,3,4,Others
1215,34,83,8312.64349870682,2,1,1,Lost
1216,27,84,9240.140914297102,2,1,2,Lost
1217,1,95,10015.534030222892,5,3,3,Others
1218,61,95,12270.30898759365,1,3,5,At Risk
1219,4,88,10279.128523135185,4,2,3,Others
1220,44,80,9016.321497130393,1,1,2,Lost
1221,0,94,8607.076980948446,5,3,1,Others
1222,12,101,9051.201514530181,3,4,2,Loyal
1223,57,87,13679.185850214957,1,2,5,At Risk
1224,0,103,9547.110940766335,5,5,2,Loyal
1225,7,105,11883.60144994259,4,5,5,Champions
1226,24,90,12156.354120874405,2,2,5,At Risk
1227,29,81,9516.750498795509,2,1,2,Lost
1228,27,85,10701.250463342667,2,1,3,Lost
1229,20,93,8920.776513600349,3,3,2,Others
1230,22,82,11212.48296470642,3,1,4,Others
1231,14,103,8010.8199689388275,3,5,1,Loyal
1232,3,96,10630.889518213275,5,3,3,Others
1233,2,119,11974.280401337148,5,5,5,Champions
1234,11,107,9876.392455244066,3,5,3,Loyal
1235,1,83,8478.514496803284,5,1,1,Others
1236,60,95,10324.311528444288,1,3,3,Others
1237,8,91,8944.471012830734,4,3,2,Others
1238,0,93,10259.080478382111,5,3,3,Others
1239,34,91,11078.385938119885,2,2,4,At Risk
1240,4,91,8921.639527606965,5,3,2,Others
1241,4,78,9163.619963026045,5,1,2,Others
1242,30,76,8673.936038184167,2,1,1,Lost
1243,22,90,10486.07547957897,3,2,3,Others
1244,71,90,10683.71595158577,1,2,3,Lost
1245,19,81,11146.792932367323,3,1,4,Others
1246,5,109,11993.342022895817,4,5,5,Champions
1247,14,102,11603.541540181637,3,5,4,Loyal
1248,72,111,12512.429897761347,1,5,5,Loyal
1249,19,97,8315.090055775641,3,4,1,Loyal
1250,3,92,12197.986944985389,5,3,5,Others
1251,8,95,11637.491029953957,4,3,4,Others
1252,17,87,10807.48852806091,3,2,4,Others
1253,24,98,10956.723504424093,2,4,4,Loyal
1254,32,80,8381.781466579436,2,1,1,Lost
1255,30,92,10045.332011294367,2,3,3,Others
1256,4,104,14233.448503303527,5,5,5,Champions
1257,51,99,11998.303969073295,1,4,5,Loyal
1258,57,89,7140.504474925995,1,2,1,Lost
1259,3,101,10437.131530284883,5,4,3,Loyal
1260,11,85,10711.877989387513,4,1,3,Others
1261,7,119,12085.981523966793,4,5,5,Champions
1262,12,93,8607.547571146488,3,3,1,Others
1263,6,85,10956.755991888047,4,1,4,Others
1264,20,85,10608.273495805262,3,1,3,Others
1265,33,103,11045.9544929266,2,5,4,Loyal
1266,39,94,12008.079510211941,1,3,5,At Risk
1267,20,96,10229.986542820927,3,4,3,Loyal
1268,3,92,10710.88553650379,5,3,3,Others
1269,37,83,7592.691967844964,2,1,1,Lost
1270,10,93,10555.608498430252,4,3,3,Others
1271,11,80,8243.247460985185,3,1,1,Others
1272,2,99,8789.339028501508,5,4,1,Loyal
1273,4,94,12738.928084337716,5,3,5,Others
1274,42,92,9461.638019466402,1,3,2,Others
1275,7,93,12075.479887032508,4,3,5,Others
1276,12,111,12724.232018113138,3,5,5,Loyal
1277,34,93,9967.374064373971,2,3,3,Others
1278,49,83,8159.928430128099,1,1,1,Lost
1279,23,82,7712.50395040512,2,1,1,Lost
1280,20,91,9385.664473104478,3,3,2,Others
1281,22,92,9198.040978503226,3,3,2,Others
1282,23,88,11348.986993527411,2,2,4,At Risk
1283,7,101,10676.523986935614,4,4,3,Loyal
1284,4,113,11759.547042524815,5,5,4,Champions
1285,13,94,11196.577434563638,3,3,4,Others
1286,35,85,8794.834954619406,2,1,1,Lost
1287,0,98,11317.68352034092,5,4,4,Champions
1288,59,88,8625.882050275803,1,2,1,Lost
1289,72,103,9953.903958415985,1,5,3,Loyal
1290,9,103,13756.732026910782,4,5,5,Champions
1291,53,96,12441.57194726467,1,4,5,Loyal
1292,6,100,11564.264842915534,4,4,4,Champions
1293,51,102,12042.509940218926,1,5,5,Loyal
1294,0,93,10716.002497673035,5,3,3,Others
1295,61,85,11991.313093566894,1,1,5,At Risk
1296,3,99,9345.250965452195,5,4,2,Loyal
1297,60,94,12274.777005887034,1,3,5,At Risk
1298,12,100,11156.063549399376,3,4,4,Loyal
1299,23,88,9501.861534404754,2,2,2,Lost
1300,11,93,12014.622500038147,4,3,5,Others
1301,83,85,11276.417033791542,1,1,4,At Risk
1302,29,77,8510.847009444236,2,1,1,Lost
1303,10,95,9948.265509033203,4,3,3,Others
1304,8,82,9294.21155395508,4,1,2,Others
1305,50,99,12456.069451665879,1,4,5,Loyal
1306,16,96,8840.776970863342,3,4,2,Loyal
1307,27,79,9218.164019870756,2,1,2,Lost
1308,28,77,11528.487443065644,2,1,4,At Risk
1309,19,102,12560.667501950265,3,5,5,Loyal
1310,4,108,10899.645529031754,5,5,4,Champions
1311,3,107,12132.239516592024,5,5,5,Champions
1312,27,87,6283.932975125313,2,2,1,Lost
1313,10,87,9763.658519554141,4,2,2,Others
1314,9,115,12517.121521568295,4,5,5,Champions
1315,54,98,12329.314504671096,1,4,5,Loyal
1316,19,97,13049.318458414078,3,4,5,Loyal
1317,16,99,12467.21249754429,3,4,5,Loyal
1318,2,94,9799.457467865943,5,3,2,Others
1319,49,92,11014.250010609625,1,3,4,At Risk
1320,67,100,11741.811027336122,1,4,4,Loyal
1321,25,84,7964.765972185133,2,1,1,Lost
1322,15,89,8630.701987969875,3,2,1,Others
1323,20,80,9332.287978935241,3,1,2,Others
1324,2,110,14365.708906102183,5,5,5,Champions
1325,6,85,9479.529030704498,4,1,2,Others
1326,8,102,10732.85709898472,4,5,3,Loyal
1327,13,106,13839.734928441048,3,5,5,Loyal
1328,3,96,10763.912904143333,5,3,4,Others
1329,4,92,11478.329528212547,5,3,4,Others
1330,0,87,9321.580523490906,5,2,2,Others
1331,64,86,8959.204092049597,1,2,2,Lost
1332,20,101,10441.756424474715,3,4,3,Loyal
1333,3,115,13794.551986670494,5,5,5,Champions
1334,4,103,12001.825990438463,5,5,5,Champions
1335,84,88,9435.082455182077,1,2,2,Lost
1336,2,88,10092.634995532035,5,2,3,Others
1337,0,88,9205.013024139404,5,2,2,Others
1338,6,90,6823.885491991043,4,2,1,Others
1339,30,96,9526.389520978928,2,4,2,Loyal
1340,14,80,9740.578412532806,3,1,2,Others
1341,49,103,11387.558498811719,1,5,4,Loyal
1342,17,99,10777.454402828218,3,4,4,Loyal
1343,0,105,15842.925989866259,5,5,5,Champions
1344,2,86,7801.010994648931,5,2,1,Others
1345,3,100,10723.548052597045,5,4,3,Loyal
1346,22,94,10027.369966101645,3,3,3,Others
1347,6,83,7363.698932790757,4,1,1,Others
1348,9,121,13494.134549665452,4,5,5,Champions
1349,45,114,12715.363475966453,1,5,5,Loyal
1350,12,80,8284.082441258432,3,1,1,Others
1351,20,89,9861.692465806009,3,2,3,Others
1352,21,94,11649.8559510231,3,3,4,Others
1353,2,98,11294.79390759468,5,4,4,Champions
1354,0,87,9132.038525247572,5,2,2,Others
1355,11,97,10307.918465304376,4,4,3,Loyal
1356,35,97,9056.098490214348,2,4,2,Loyal
1357,34,95,11312.931958007814,2,3,4,At Risk
1358,4,103,11015.300965738294,5,5,4,Champions
1359,11,75,7152.293519306183,4,1,1,Others
1360,2,96,6909.367963504792,5,3,1,Others
1361,9,88,10237.868007779123,4,2,3,Others
1362,1,79,8279.844493198394,5,1,1,Others
1363,87,84,11320.155427074433,1,1,4,At Risk
1364,37,108,11540.625964856146,2,5,4,Loyal
1365,12,112,11583.446558618547,3,5,4,Loyal
1366,29,98,9172.818499422072,2,4,2,Loyal
1367,12,73,7397.797512197495,3,1,1,Others
1368,61,73,11253.877469658852,1,1,4,At Risk
1369,2,104,11342.680995750428,5,5,4,Champions
1370,43,87,8673.043925857544,1,2,1,Lost
1371,103,81,7004.156971740724,1,1,1,Lost
1372,25,108,13522.445936083795,2,5,5,Loyal
1373,0,97,10763.294533896447,5,4,4,Champions
1374,10,109,9484.19546813965,4,5,2,Loyal
1375,4,109,12218.185995924474,5,5,5,Champions
1376,17,90,9348.503567266465,3,2,2,Others
1377,6,95,11573.991032481192,4,3,4,Others
1378,48,90,9110.28151292801,1,2,2,Lost
1379,9,80,7086.008497476579,4,1,1,Others
1380,35,111,11096.011883449557,2,5,4,Loyal
1381,1,90,8439.962030315399,5,2,1,Others
1382,80,98,9604.079051709175,1,4,2,Loyal
1383,22,90,9117.960468792915,3,2,2,Others
1384,4,92,9914.463041734696,5,3,3,Others
1385,9,89,11564.52900454998,4,2,4,Others
1386,18,93,10706.783469069005,3,3,3,Others
1387,2,110,13534.317056441309,5,5,5,Champions
1388,52,103,9395.899481666089,1,5,2,Loyal
1389,3,103,12289.419984102247,5,5,5,Champions
1390,13,92,10247.710948252681,3,3,3,Others
1391,5,86,8147.758055019379,4,2,1,Others
1392,2,76,9034.159456944466,5,1,2,Others
1393,27,104,13480.811380636693,2,5,5,Loyal
1394,38,86,11032.357969474793,1,2,4,At Risk
1395,34,97,9588.714501166345,2,4,2,Loyal
1396,30,85,9579.001946783066,2,1,2,Lost
1397,35,82,7045.240963196754,2,1,1,Lost
1398,2,103,11052.005941307545,5,5,4,Champions
1399,27,91,8251.920460271835,2,2,1,Lost
1400,15,95,10862.467012023926,3,3,4,Others
1401,1,113,10890.188499259948,5,5,4,Champions
1402,3,87,10821.164031791686,5,2,4,Others
1403,21,97,11744.926502466202,3,4,4,Loyal
1404,1,113,16595.93901910782,5,5,5,Champions
1405,0,86,11197.144020843507,5,2,4,Others
1406,13,94,11593.049460959433,3,3,4,Others
1407,8,96,7750.03799263239,4,4,1,Loyal
1408,9,86,12127.94006962776,4,2,5,Others
1409,33,106,10939.189969694615,2,5,4,Loyal
1410,16,78,10760.733979916573,3,1,4,Others
1411,0,94,12545.36196846962,5,3,5,Others
1412,28,92,10198.570002007482,2,3,3,Others
1413,40,91,8397.395453977586,1,2,1,Lost
1414,9,81,10077.424492406848,4,1,3,Others
1415,84,85,9665.959046983717,1,1,2,Lost
1416,31,91,8034.683486652373,2,2,1,Lost
1417,0,83,7476.181484651566,5,1,1,Others
1418,8,98,7840.993463802337,4,4,1,Loyal
1419,15,91,10201.89456100464,3,3,3,Others
1420,32,80,10085.572005534174,2,1,3,Lost
1421,52,95,11308.197939634325,1,3,4,At Risk
1422,89,81,9514.024873876571,1,1,2,Lost
1423,10,93,10816.425995349886,4,3,4,Others
1424,6,91,9365.935001707077,4,3,2,Others
1425,8,99,12091.35502588749,4,4,5,Champions
1426,9,108,12846.697003936766,4,5,5,Champions
1427,12,89,8560.818004369736,3,2,1,Others
1428,0,96,10358.617926359178,5,3,3,Others
1429,63,82,10695.587454295159,1,1,3,Lost
1430,36,87,10024.041592454909,2,2,3,Lost
1431,1,98,13280.225033402443,5,4,5,Champions
1432,6,102,12278.1190618515,4,5,5,Champions
1433,20,92,9999.886996960637,3,3,3,Others
1434,20,102,11572.215457248687,3,5,4,Loyal
1435,9,111,9831.179005098345,4,5,3,Loyal
1436,69,90,8400.382599687577,1,2,1,Lost
1437,2,97,11014.03194949627,5,4,4,Champions
1438,15,90,8189.265983140468,3,2,1,Others
1439,6,96,7724.3289404869065,4,4,1,Loyal
1440,7,104,11891.777471399306,4,5,5,Champions
1441,90,96,9630.492522740366,1,4,2,Loyal
1442,13,87,10591.798043251036,3,2,3,Others
1443,36,89,9276.420972537993,2,2,2,Lost
1444,24,72,7993.1885235548025,2,1,1,Lost
1445,2,89,8645.830996847153,5,2,1,Others
1446,51,87,8813.230500221252,1,2,1,Lost
1447,1,87,11822.732984638213,5,2,4,Others
1448,21,85,9684.656535053255,3,1,2,Others
1449,4,108,11644.580469059943,5,5,4,Champions
1450,9,100,12384.628464531897,4,4,5,Champions
1451,0,71,7411.79697574377,5,1,1,Others
1452,31,94,11217.379056644439,2,3,4,At Risk
1453,20,97,11364.809475994112,3,4,4,Loyal
1454,1,79,9097.705433464049,5,1,2,Others
1455,0,98,9000.478963136671,5,4,2,Loyal
1456,96,86,9148.317964053153,1,2,2,Lost
1457,3,104,13058.849012851717,5,5,5,Champions
1458,18,99,10625.434967803954,3,4,3,Loyal
1459,11,98,11469.49648914337,4,4,4,Champions
1460,2,111,9676.043462538719,5,5,2,Loyal
1461,8,116,13052.063524460795,4,5,5,Champions
1462,1,99,14182.912541818618,5,4,5,Champions
1463,42,87,9482.115954613686,1,2,2,Lost
1464,43,78,8502.598037815093,1,1,1,Lost
1465,0,92,12012.793017578122,5,3,5,Others
1466,0,90,9691.917486572265,5,2,2,Others
1467,4,102,9601.157444381712,5,5,2,Loyal
1468,88,95,11123.575500106814,1,3,4,At Risk
1469,43,92,9198.03403275013,1,3,2,Others
1470,1,88,9224.354469251633,5,2,2,Others
1471,0,95,9362.7504884243,5,3,2,Others
1472,52,87,10562.951002907752,1,2,3,Lost
1473,32,96,9736.480479049684,2,4,2,Loyal
1474,5,87,11257.645985078812,4,2,4,Others
1475,20,100,11501.228915858266,3,4,4,Loyal
1476,14,101,9942.713437199589,3,4,3,Loyal
1477,16,107,13222.281419920922,3,5,5,Loyal
1478,4,80,11176.269475889207,5,1,4,Others
1479,41,93,10470.532480430604,1,3,3,Others
1480,9,98,10903.399465107917,4,4,4,Champions
1481,9,119,13242.880019164088,4,5,5,Champions
1482,7,84,7273.042013657093,4,1,1,Others
1483,62,98,8565.413948035239,1,4,1,Loyal
1484,20,74,7007.365013456343,3,1,1,Others
1485,8,100,12604.86244754791,4,4,5,Champions
1486,24,91,10063.875552463533,2,2,3,Lost
1487,0,97,10035.261918139455,5,4,3,Loyal
1488,43,97,9837.940481615065,1,4,3,Loyal
1489,0,107,12116.618894720077,5,5,5,Champions
1490,9,87,11854.890938973429,4,2,5,Others
1491,3,94,9866.49749236107,5,3,3,Others
1492,8,75,9766.707941555977,4,1,2,Others
1493,1,87,12612.447992563248,5,2,5,Others
1494,2,88,11078.252473688124,5,2,4,Others
1495,9,99,10536.488919734957,4,4,3,Loyal
1496,19,90,12404.866394472121,3,2,5,Others
1497,43,106,9871.187503886222,1,5,3,Loyal
1498,20,96,11067.729513382912,3,4,4,Loyal
1499,7,104,9596.369028043748,4,5,2,Loyal
1500,27,104,11643.12205377817,2,5,4,Loyal
1501,45,90,9975.363987588882,1,2,3,Lost
1502,0,82,11889.62093729973,5,1,5,Others
1503,2,100,12453.823043584822,5,4,5,Champions
1504,1,104,10811.214544105529,5,5,4,Champions
1505,0,85,7660.0569530010225,5,1,1,Others
1506,4,101,10146.314492416383,5,4,3,Loyal
1507,19,105,11595.942490768432,3,5,4,Loyal
1508,4,96,13289.85942349434,5,3,5,Others
1509,47,83,9567.458442592622,1,1,2,Lost
1510,22,97,9572.865488195419,3,4,2,Loyal
1511,33,106,10326.718553853034,2,5,3,Loyal
1512,23,98,9066.214968085289,2,4,2,Loyal
1513,2,86,10050.91056497097,5,2,3,Others
1514,24,82,9745.700014138221,2,1,2,Lost
1515,36,91,8227.855446290969,2,2,1,Lost
1516,65,82,10074.5788990736,1,1,3,Lost
1517,29,93,9984.721062088014,2,3,3,Others
1518,1,92,11177.149040341379,5,3,4,Others
1519,9,94,10218.492954516409,4,3,3,Others
1520,54,89,11697.968534064292,1,2,4,At Risk
1521,27,93,9768.661541223526,2,3,2,Others
1522,24,89,11498.97849063873,2,2,4,At Risk
1523,36,85,9020.391436290742,2,1,2,Lost
1524,24,96,10792.922492527963,2,4,4,Loyal
1525,38,96,11916.259986495974,2,4,5,Loyal
1526,8,91,9444.394019877911,4,3,2,Others
1527,17,99,10534.454466819763,3,4,3,Loyal
1528,9,92,8729.097512960434,4,3,1,Others
1529,12,104,10301.814563465117,3,5,3,Loyal
1530,37,90,8243.938508939744,2,2,1,Lost
1531,30,102,11384.662492132189,2,5,4,Loyal
1532,1,91,8666.821033930779,5,3,1,Others
1533,4,93,10515.226929163935,5,3,3,Others
1534,4,86,11290.850993180271,4,2,4,Others
1535,0,120,13918.851422977448,5,5,5,Champions
1536,18,85,11407.063406419755,3,1,4,Others
1537,13,89,13181.43947212696,3,2,5,Others
1538,26,106,13686.998503112793,2,5,5,Loyal
1539,4,92,10975.975971651076,5,3,4,Others
1540,12,100,11637.902939629552,3,4,4,Loyal
1541,8,80,9050.521519565584,4,1,2,Others
1542,1,96,11165.601947808267,5,3,4,Others
1543,27,94,7919.659519529339,2,3,1,Others
1544,49,103,8907.95400891304,1,5,2,Loyal
1545,5,108,13556.642499518397,4,5,5,Champions
1546,3,85,10050.900541257859,5,1,3,Others
1547,8,84,8574.832487201693,4,1,1,Others
1548,26,97,12577.103030753135,2,4,5,Loyal
1549,62,76,7678.999031805991,1,1,1,Lost
1550,0,106,12406.06240463853,5,5,5,Champions
1551,49,93,11048.741071748733,1,3,4,At Risk
1552,8,76,8937.572945547103,4,1,2,Others
1553,51,88,11267.27041845322,1,2,4,At Risk
1554,18,90,9998.255438566208,3,2,3,Others
1555,4,88,7383.45750479698,5,2,1,Others
1556,6,96,9500.375929617881,4,4,2,Loyal
1557,35,88,9563.528922510146,2,2,2,Lost
1558,14,93,10829.780545914173,3,3,4,Others
1559,36,91,8408.555482947824,2,2,1,Lost
1560,8,99,11237.653051507476,4,4,4,Champions
1561,23,78,6394.704507040977,2,1,1,Lost
1562,1,100,10424.04194588661,5,4,3,Loyal
1563,17,84,8783.42998290062,3,1,1,Others
1564,20,79,12466.4569177866,3,1,5,Others
1565,2,87,10392.528975379468,5,2,3,Others
1566,54,102,10663.855521011354,1,5,3,Loyal
1567,9,102,8953.139518022537,4,5,2,Loyal
1568,6,83,9839.722991943358,4,1,3,Others
1569,61,105,11753.54843184948,1,5,4,Loyal
1570,36,88,10847.549492788316,2,2,4,At Risk
1571,4,96,9985.977923202514,5,3,3,Others
1572,17,98,11981.292463493346,3,4,5,Loyal
1573,6,110,12069.662932538988,4,5,5,Champions
1574,20,93,10822.051500749589,3,3,4,Others
1575,33,108,13890.510059404372,2,5,5,Loyal
1576,7,107,12063.520441555978,4,5,5,Champions
1577,52,92,9605.726957559587,1,3,2,Others
1578,90,96,11929.894081783295,1,4,5,Loyal
1579,6,78,9735.448485827445,4,1,2,Others
1580,2,87,9557.722547149659,5,2,2,Others
1581,3,93,11573.829972743988,5,3,4,Others
1582,34,81,9234.112487268447,2,1,2,Lost
1583,8,92,13270.349979424478,4,3,5,Others
1584,40,91,9427.720968174937,1,2,2,Lost
1585,18,121,13939.157469034195,3,5,5,Loyal
1586,29,107,12231.803492975236,2,5,5,Loyal
1587,9,88,10221.545511054992,4,2,3,Others
1588,76,92,9116.984009528158,1,3,2,Others
1589,5,110,12400.605451989171,4,5,5,Champions
1590,12,83,9934.252945756913,3,1,3,Others
1591,3,101,13330.960932421685,5,4,5,Champions
1592,23,104,7290.273457562924,2,5,1,Loyal
1593,9,95,10809.569021391872,4,3,4,Others
1594,0,84,11469.991575694083,5,1,4,Others
1595,2,105,11722.083532238008,5,5,4,Champions
1596,7,80,8199.733032011984,4,1,1,Others
1597,20,93,8363.843979287149,3,3,1,Others
1598,15,75,7754.757439041137,3,1,1,Others
1599,33,103,11152.960495686531,2,5,4,Loyal
1600,5,88,8518.64205713272,4,2,1,Others
1601,2,89,9762.415994739531,5,2,2,Others
1602,13,91,11307.188472771642,3,3,4,Others
1603,14,90,7942.699475240706,3,2,1,Others
1604,9,106,13332.466988706588,4,5,5,Champions
1605,6,86,9132.040999579429,4,2,2,Others
1606,1,99,9932.189450550079,5,4,3,Loyal
1607,30,82,8241.697978353499,2,1,1,Lost
1608,33,89,9295.592994117736,2,2,2,Lost
1609,40,88,10823.208482503891,1,2,4,At Risk
1610,29,86,7922.004495787621,2,2,1,Lost
1611,48,92,12375.401039791106,1,3,5,At Risk
1612,72,100,10793.393461561203,1,4,4,Loyal
1613,4,97,9439.920948123932,5,4,2,Loyal
1614,9,86,8539.260527157783,4,2,1,Others
1615,93,77,10056.95146203041,1,1,3,Lost
1616,7,109,12962.722532892227,4,5,5,Champions
1617,16,90,9068.985477256774,3,2,2,Others
1618,82,75,8228.93296084404,1,1,1,Lost
1619,33,96,13586.342476844788,2,4,5,Loyal
1620,8,100,8988.870528721809,4,4,2,Loyal
1621,26,101,10878.286407947538,2,4,4,Loyal
1622,54,74,8165.121551656722,1,1,1,Lost
1623,50,105,8945.108512246607,1,5,2,Loyal
1624,46,97,10080.535929155349,1,4,3,Loyal
1625,2,104,10221.227499341965,5,5,3,Loyal
1626,2,108,12684.950414013863,5,5,5,Champions
1627,0,83,10544.1964117527,5,1,3,Others
1628,0,90,11278.040495848656,5,2,4,Others
1629,5,72,7716.433452200889,4,1,1,Others
1630,16,77,8870.526504421234,3,1,2,Others
1631,32,107,12366.24996050596,2,5,5,Loyal
1632,0,75,8648.17044571638,5,1,1,Others
1633,25,101,12627.007042098045,2,4,5,Loyal
1634,4,95,9504.601951360703,4,3,2,Others
1635,51,98,12080.696045303344,1,4,5,Loyal
1636,33,88,8661.461452245712,2,2,1,Lost
1637,19,94,10363.757547473908,3,3,3,Others
1638,30,109,14085.83412579298,2,5,5,Loyal
1639,3,94,11471.93653731346,5,3,4,Others
1640,1,89,8576.6530500412,5,2,1,Others
1641,12,91,12170.252879381178,3,3,5,Others
1642,0,97,14085.580024099352,5,4,5,Champions
1643,13,102,11959.283527970312,3,5,5,Loyal
1644,6,90,10744.80451669693,4,2,3,Others
1645,0,81,10035.107023382188,5,1,3,Others
1646,5,97,10090.346980428694,4,4,3,Loyal
1647,14,77,10013.63002295494,3,1,3,Others
1648,6,103,14007.970444107053,4,5,5,Champions
1649,20,84,9073.306424832343,3,1,2,Others
1650,17,98,9531.964474749568,3,4,2,Loyal
1651,8,80,7502.540037894249,4,1,1,Others
1652,25,85,11638.829057431218,2,1,4,At Risk
1653,119,86,10090.247508001328,1,2,3,Lost
1654,44,97,11861.6339802742,1,4,5,Loyal
1655,2,98,12478.309515547751,5,4,5,Champions
1656,13,97,9810.412476825713,3,4,2,Loyal
1657,8,107,10351.467997765541,4,5,3,Loyal
1658,118,82,8061.344453048707,1,1,1,Lost
1659,21,99,8260.7359395504,3,4,1,Loyal
1660,34,88,11210.771468281744,2,2,4,At Risk
1661,60,91,10621.924526143073,1,2,3,Lost
1662,32,71,8803.435072946548,2,1,1,Lost
1663,18,82,8313.643984055518,3,1,1,Others
1664,2,97,11489.29052045345,5,4,4,Champions
1665,8,81,8488.914011812209,4,1,1,Others
1666,1,93,10599.087516999247,5,3,3,Others
1667,7,89,7669.639515495301,4,2,1,Others
1668,1,89,9455.858929061887,5,2,2,Others
1669,0,88,9515.116554045677,5,2,2,Others
1670,15,95,8577.569029283524,3,3,1,Others
1671,43,91,9904.090518641473,1,2,3,Lost
1672,45,89,8502.297997713089,1,2,1,Lost
1673,22,88,9712.277494025231,3,2,2,Others
1674,0,98,9904.116448998451,5,4,3,Loyal
1675,10,97,12013.554534864426,4,4,5,Champions
1676,64,85,9226.75302915573,1,1,2,Lost
1677,5,97,11094.95097897053,4,4,4,Champions
1678,11,75,8176.735488843917,4,1,1,Others
1679,11,102,13172.002991116047,4,5,5,Champions
1680,3,98,9256.552042746544,5,4,2,Loyal
1681,21,80,7597.093048977852,3,1,1,Others
1682,8,116,12858.459477972983,4,5,5,Champions
1683,6,105,11723.30101290941,4,5,4,Champions
1684,4,94,9081.615423226356,5,3,2,Others
1685,18,98,10289.519516444205,3,4,3,Loyal
1686,25,88,10559.53002846241,2,2,3,Lost
1687,5,106,11512.07644933462,4,5,4,Champions
1688,9,104,13738.582468557359,4,5,5,Champions
1689,2,99,10108.912478923798,5,4,3,Loyal
1690,6,90,11488.910998249054,4,2,4,Others
1691,137,102,10661.152509856225,1,5,3,Loyal
1692,2,80,13468.0674226284,5,1,5,Others
1693,5,100,8601.967999505996,4,4,1,Loyal
1694,33,86,11432.315507435798,2,2,4,At Risk
1695,3,94,11543.623488354682,5,3,4,Others
1696,4,92,11869.012473773957,5,3,5,Others
1697,0,85,10693.099972081185,5,1,3,Others
1698,2,97,9828.556521081926,5,4,2,Loyal
1699,32,114,12099.665507674217,2,5,5,Loyal
1700,33,104,12859.47292933464,2,5,5,Loyal
1701,20,93,13136.444032478334,3,3,5,Others
1702,8,104,10800.329044651988,4,5,4,Champions
1703,2,89,11202.59909515381,5,2,4,Others
1704,18,85,8450.206018161774,3,1,1,Others
1705,43,81,10102.577537298203,1,1,3,Lost
1706,34,86,13135.053492212295,2,2,5,At Risk
1707,4,93,7435.925457739829,5,3,1,Others
1708,22,87,10360.321489906311,3,2,3,Others
1709,7,84,8713.67596437931,4,1,1,Others
1710,56,81,10288.988002967835,1,1,3,Lost
1711,0,107,11199.327419710158,5,5,4,Champions
1712,7,99,11770.267421865465,4,4,4,Champions
1713,60,91,9901.986951303481,1,2,3,Lost
1714,22,98,12745.581960344316,2,4,5,Loyal
1715,10,93,11833.406033444406,4,3,5,Others
1716,18,98,11289.05699760914,3,4,4,Loyal
1717,1,97,8965.170469784734,5,4,2,Loyal
1718,2,103,11152.438522577286,5,5,4,Champions
1719,104,93,8706.801510858537,1,3,1,Others
1720,69,107,10571.404965782167,1,5,3,Loyal
1721,5,96,11811.786516523363,4,4,4,Champions
1722,18,81,8771.056446075441,3,1,1,Others
1723,0,87,7135.221495842934,5,2,1,Others
1724,27,94,10494.847968447208,2,3,3,Others
1725,27,85,8855.493455052376,2,1,2,Lost
1726,6,86,10126.935968542097,4,2,3,Others
1727,34,100,11667.48652536869,2,4,4,Loyal
1728,6,91,13456.081993961334,4,3,5,Others
1729,14,90,11250.615975427627,3,2,4,Others
1730,2,99,13718.618094468118,5,4,5,Champions
1731,1,91,9893.39195318222,5,3,3,Others
1732,3,92,8245.574981939793,5,3,1,Others
1733,0,90,8290.620993232726,5,2,1,Others
1734,15,104,11625.769470047951,3,5,4,Loyal
1735,69,82,8383.074999666214,1,1,1,Lost
1736,5,101,9279.437009334564,4,4,2,Loyal
1737,26,91,8650.528448462486,2,2,1,Lost
1738,46,94,10029.443552231787,1,3,3,Others
1739,29,95,9928.83848400116,2,3,3,Others
1740,3,96,10424.10998644829,5,3,3,Others
1741,1,89,10007.800979900361,5,2,3,Others
1742,19,104,9805.707977628706,3,5,2,Loyal
1743,38,115,11609.247970271112,1,5,4,Loyal
1744,16,92,9868.217016744611,3,3,3,Others
1745,11,69,7538.162511324882,4,1,1,Others
1746,27,102,11653.006988763807,2,5,4,Loyal
1747,41,99,9499.109992504118,1,4,2,Loyal
1748,42,99,13566.589035654066,1,4,5,Loyal
1749,46,92,10801.144506120681,1,3,4,At Risk
1750,11,93,11126.728032636644,4,3,4,Others
1751,22,110,10882.707021784783,3,5,4,Loyal
1752,39,105,12989.659482836725,1,5,5,Loyal
1753,16,98,11639.89648168087,3,4,4,Loyal
1754,1,100,9024.551494264604,5,4,2,Loyal
1755,16,101,9449.64790813923,3,4,2,Loyal
1756,30,100,10856.15247290134,2,4,4,Loyal
1757,75,91,11064.382490348815,1,2,4,At Risk
1758,43,108,10701.433370018005,1,5,3,Loyal
1759,72,87,10378.658994150159,1,2,3,Lost
1760,34,86,10647.09600982666,2,2,3,Lost
1761,3,92,11623.208513188361,5,3,4,Others
1762,50,96,10077.857565975186,1,4,3,Loyal
1763,23,89,11997.499969363213,2,2,5,At Risk
1764,43,99,10606.304454231262,1,4,3,Loyal
1765,5,117,11905.729456424713,4,5,5,Champions
1766,7,102,11670.689013314246,4,5,4,Champions
1767,8,92,9097.809505534173,4,3,2,Others
1768,6,97,8576.20442762375,4,4,1,Loyal
1769,34,101,8074.288960504531,2,4,1,Loyal
1770,54,87,8702.751473760603,1,2,1,Lost
1771,1,97,9894.07248082161,5,4,3,Loyal
1772,3,89,9987.355520451067,5,2,3,Others
1773,8,107,11855.181004524231,4,5,5,Champions
1774,6,82,8575.16752357483,4,1,1,Others
1775,33,100,12702.58512622118,2,4,5,Loyal
1776,19,89,9947.899542427062,3,2,3,Others
1777,31,109,13462.675563764577,2,5,5,Loyal
1778,22,86,9529.594946861269,3,2,2,Others
1779,38,101,11557.315954208378,2,4,4,Loyal
1780,47,88,11825.018997287749,1,2,5,At Risk
1781,52,98,9706.949476957323,1,4,2,Loyal
1782,62,95,9235.071964836121,1,3,2,Others
1783,2,78,8091.103436374664,5,1,1,Others
1784,6,106,12259.053059995176,4,5,5,Champions
1785,4,72,6655.65100851059,5,1,1,Others
1786,2,88,12312.908044767382,5,2,5,Others
1787,4,94,10497.307934260367,5,3,3,Others
1788,3,77,7069.086461389065,5,1,1,Others
1789,8,97,13703.025031685827,4,4,5,Champions
1790,63,87,8699.430934762955,1,2,1,Lost
1791,34,92,12023.299500083922,2,3,5,At Risk
1792,1,100,10556.095927786828,5,4,3,Loyal
1793,54,102,9572.41651762724,1,5,2,Loyal
1794,2,86,6695.033478593827,5,2,1,Others
1795,17,83,9910.497063350678,3,1,3,Others
1796,27,84,10630.417996549608,2,1,3,Lost
1797,2,93,9976.557925522327,5,3,3,Others
1798,1,78,7562.215487408637,5,1,1,Others
1799,8,88,10456.991000175476,4,2,3,Others
1800,11,90,9504.885494494438,4,2,2,Others
1801,26,91,9694.786461496353,2,2,2,Lost
1802,1,94,8787.50092906952,5,3,1,Others
1803,3,91,9090.48955001831,5,3,2,Others
1804,0,102,10180.540466570854,5,5,3,Loyal
1805,4,77,8374.264017271995,5,1,1,Others
1806,64,97,10392.824994182587,1,4,3,Loyal
1807,12,101,9882.70450181961,3,4,3,Loyal
1808,57,93,10820.164075505732,1,3,4,At Risk
1809,5,92,11566.249944210052,4,3,4,Others
1810,101,87,10909.15896792412,1,2,4,At Risk
1811,34,86,8909.03899321556,2,2,2,Lost
1812,17,109,13091.451990270612,3,5,5,Loyal
1813,13,100,11095.72699661255,3,4,4,Loyal
1814,19,89,7882.378476476669,3,2,1,Others
1815,24,98,12421.89098901749,2,4,5,Loyal
1816,0,100,9351.050486922264,5,4,2,Loyal
1817,1,113,12169.707939863203,5,5,5,Champions
1818,38,89,10087.230500268935,2,2,3,Lost
1819,17,97,9758.194949054718,3,4,2,Loyal
1820,31,102,9011.095984363556,2,5,2,Loyal
1821,2,101,9948.665473747253,5,5,3,Loyal
1822,8,105,12383.601594114303,4,5,5,Champions
1823,24,80,9086.499461650848,2,1,2,Lost
1824,105,102,14802.302462267879,1,5,5,Loyal
1825,8,98,13693.602950453758,4,4,5,Champions
1826,8,90,10576.848607122898,4,2,3,Others
1827,116,78,8389.241023826597,1,1,1,Lost
1828,0,90,10511.82347412109,5,2,3,Others
1829,6,99,11465.919021701811,4,4,4,Champions
1830,3,98,11307.63442144394,5,4,4,Champions
1831,29,105,9122.903977620601,2,5,2,Loyal
1832,25,108,12092.204957866668,2,5,5,Loyal
1833,148,80,7834.593993353844,1,1,1,Lost
1834,3,85,10031.31948785782,5,1,3,Others
1835,27,117,12910.257476854324,2,5,5,Loyal
1836,15,89,7262.407473278046,3,2,1,Others
1837,14,74,9764.113440608977,3,1,2,Others
1838,3,99,10281.643973588947,5,4,3,Loyal
1839,66,91,9291.629971361162,1,2,2,Lost
1840,0,115,12352.182477521897,5,5,5,Champions
1841,5,92,9375.839470148087,4,3,2,Others
1842,3,97,13168.847646141048,5,4,5,Champions
1843,4,99,13331.40705447197,4,4,5,Champions
1844,33,95,9444.013432550433,2,3,2,Others
1845,22,92,12433.17346484661,3,3,5,Others
1846,30,106,16479.97903499603,2,5,5,Loyal
1847,3,101,11785.616050291059,5,4,4,Champions
1848,0,107,11452.577958393093,5,5,4,Champions
1849,29,89,9072.282923460007,2,2,2,Lost
1850,7,93,11282.347123503685,4,3,4,Others
1851,32,85,6441.055476999284,2,1,1,Lost
1852,68,97,15096.517629122736,1,4,5,Loyal
1853,0,73,11112.724944376947,5,1,4,Others
1854,0,79,7880.162438058854,5,1,1,Others
1855,20,94,9897.941502165795,3,3,3,Others
1856,57,89,7859.720008707048,1,2,1,Lost
1857,51,79,10596.729533839227,1,1,3,Lost
1858,38,95,9478.20649187565,2,3,2,Others
1859,6,87,8802.6110363245,4,2,1,Others
1860,20,94,9521.868495810033,3,3,2,Others
1861,119,89,9257.817024564743,1,2,2,Lost
1862,34,111,12749.434025287626,2,5,5,Loyal
1863,3,81,8462.41293554306,5,1,1,Others
1864,19,74,5677.559940099716,3,1,1,Others
1865,5,122,13059.118934440614,4,5,5,Champions
1866,19,111,11615.722566843033,3,5,4,Loyal
1867,3,95,15042.932951259612,5,3,5,Others
1868,20,101,9390.137995207311,3,4,2,Loyal
1869,9,118,14359.803955829144,4,5,5,Champions
1870,2,90,8994.987997949123,5,2,2,Others
1871,30,87,8322.163481163978,2,2,1,Lost
1872,22,93,8891.12749080658,2,3,2,Others
1873,0,88,9300.57355747223,5,2,2,Others
1874,24,82,8444.009522485732,2,1,1,Lost
1875,21,83,7981.713027715683,3,1,1,Others
1876,46,95,10664.775004124642,1,3,3,Others
1877,40,85,10989.83393855095,1,1,4,At Risk
1878,17,106,13302.898487901688,3,5,5,Loyal
1879,15,93,9429.276007127763,3,3,2,Others
1880,54,91,9469.079013490677,1,2,2,Lost
1881,35,95,9474.668010032176,2,3,2,Others
1882,23,91,11922.996972846986,2,2,5,At Risk
1883,3,112,13675.76697511673,5,5,5,Champions
1884,17,92,7831.83391737938,3,3,1,Others
1885,32,98,9952.103420758247,2,4,3,Loyal
1886,7,104,9370.17852551937,4,5,2,Loyal
1887,10,94,9557.103473794461,4,3,2,Others
1888,2,102,14381.823991417885,5,5,5,Champions
1889,44,93,10441.60698571205,1,3,3,Others
1890,18,103,12184.369523191455,3,5,5,Loyal
1891,30,93,9671.83199224472,2,3,2,Others
1892,0,102,9888.60148394108,5,5,3,Loyal
1893,22,103,12177.567044138908,3,5,5,Loyal
1894,1,100,11197.947008037569,5,4,4,Champions
1895,3,102,10137.689549779892,5,5,3,Loyal
1896,42,73,6666.59752140045,1,1,1,Lost
1897,19,92,8920.46192984581,3,3,2,Others
1898,34,98,9857.901042413709,2,4,3,Loyal
1899,31,86,8041.008949756621,2,2,1,Lost
1900,22,91,11022.647409629823,2,2,4,At Risk
1901,1,103,9293.570946645737,5,5,2,Loyal
1902,20,97,13054.024962878228,3,4,5,Loyal
1903,33,72,8131.955959415436,2,1,1,Lost
1904,0,100,9459.27752997875,5,4,2,Loyal
1905,68,81,8508.490489244461,1,1,1,Lost
1906,6,100,11966.053512978553,4,4,5,Champions
1907,20,100,9198.672015166281,3,4,2,Loyal
1908,5,87,9277.245991563796,4,2,2,Others
1909,0,89,9383.253498768809,5,2,2,Others
1910,13,86,9711.663990998266,3,2,2,Others
1911,13,94,9823.129529082775,3,3,2,Others
1912,13,98,11044.274908447265,3,4,4,Loyal
1913,25,102,10316.050438356398,2,5,3,Loyal
1914,9,104,13554.779565000534,4,5,5,Champions
1915,51,88,9690.916461372375,1,2,2,Lost
1916,11,88,7748.242516803741,4,2,1,Others
1917,22,94,8830.853950071336,2,3,2,Others
1918,13,92,10162.868435263634,3,3,3,Others
1919,32,86,7965.075485992432,2,2,1,Lost
1920,14,93,8517.001948213576,3,3,1,Others
1921,5,84,11478.989469218253,4,1,4,Others
1922,56,85,8332.225445127488,1,1,1,Lost
1923,3,89,9617.696962857246,5,2,2,Others
1924,37,102,10721.71647546291,2,5,3,Loyal
1925,9,102,9828.228091001512,4,5,2,Loyal
1926,6,105,11071.149495840074,4,5,4,Champions
1927,0,86,8350.252468633653,5,2,1,Others
1928,29,100,10525.821457362174,2,4,3,Loyal
1929,5,102,9601.903985190394,4,5,2,Loyal
1930,23,91,8456.722029757499,2,2,1,Lost
1931,2,76,6817.015994763373,5,1,1,Others
1932,1,99,9297.777000021937,5,4,2,Loyal
1933,37,103,12077.69506919384,2,5,5,Loyal
1934,15,90,7586.049445152284,3,2,1,Others
1935,27,103,11814.127474141118,2,5,4,Loyal
1936,2,103,12675.384996342656,5,5,5,Champions
1937,13,85,8701.11651315689,3,1,1,Others
1938,35,85,11138.412447404862,2,1,4,At Risk
1939,3,80,6569.269438076019,5,1,1,Others
1940,4,103,12224.516538262367,5,5,5,Champions
1941,32,104,12427.01705365181,2,5,5,Loyal
1942,26,92,10150.957550239566,2,3,3,Others
1943,13,88,10336.495512652396,3,2,3,Others
1944,52,97,9420.947943973539,1,4,2,Loyal
1945,0,91,7841.437488889694,5,3,1,Others
1946,41,85,9192.768441629409,1,1,2,Lost
1947,27,102,10422.198478126526,2,5,3,Loyal
1948,28,93,13727.836610746383,2,3,5,At Risk
1949,17,92,9747.353071069718,3,3,2,Others
1950,52,98,9621.811961793901,1,4,2,Loyal
1951,0,93,12192.142420578004,5,3,5,Others
1952,93,108,9524.695460557938,1,5,2,Loyal
1953,9,83,8774.519076585771,4,1,1,Others
1954,7,106,10963.024442601203,4,5,4,Champions
1955,18,102,12068.957994747161,3,5,5,Loyal
1956,56,91,9271.46503651142,1,2,2,Lost
1957,8,103,13238.70999360084,4,5,5,Champions
1958,57,95,11995.327411222459,1,3,5,At Risk
1959,14,94,7616.392959022522,3,3,1,Others
1960,29,93,11323.850948190688,2,3,4,At Risk
1961,26,102,12020.518449068071,2,5,5,Loyal
1962,11,103,16419.815966629983,4,5,5,Champions
1963,3,102,10155.050982403756,5,5,3,Loyal
1964,11,102,12389.329496359824,3,5,5,Loyal
1965,42,88,8508.819524621962,1,2,1,Lost
1966,24,105,15242.442829728125,2,5,5,Loyal
1967,5,83,8193.251997661591,4,1,1,Others
1968,23,110,12752.485002684589,2,5,5,Loyal
1969,9,86,11787.632408332824,4,2,4,Others
1970,82,98,10514.251480531693,1,4,3,Loyal
1971,30,74,8669.677577018738,2,1,1,Lost
1972,16,85,9085.687510347365,3,1,2,Others
1973,57,91,8855.706001567842,1,2,2,Lost
1974,0,102,14159.029485964777,5,5,5,Champions
1975,43,91,11344.668007254602,1,2,4,At Risk
1976,23,72,6764.836549043655,2,1,1,Lost
1977,25,93,10223.033956336976,2,3,3,Others
1978,30,87,8118.342459297179,2,2,1,Lost
1979,0,80,8719.541524600982,5,1,1,Others
1980,29,110,9955.240059447287,2,5,3,Loyal
1981,7,106,10827.632473754886,4,5,4,Champions
1982,17,100,13357.947887611388,3,4,5,Loyal
1983,16,76,6572.283487987518,3,1,1,Others
1984,9,101,11201.114983558655,4,4,4,Champions
1985,40,104,11472.92053308487,1,5,4,Loyal
1986,19,101,11466.570456647873,3,4,4,Loyal
1987,18,102,10467.690486979485,3,5,3,Loyal
1988,22,91,10635.314542150498,3,2,3,Others
1989,9,94,10286.274996852875,4,3,3,Others
1990,43,106,9656.497509312627,1,5,2,Loyal
1991,4,100,12307.897920036317,5,4,5,Champions
1992,19,87,9856.16397294998,3,2,3,Others
1993,61,89,11707.725030958654,1,2,4,At Risk
1994,2,94,9624.72046546936,5,3,2,Others
1995,88,81,10302.724990844728,1,1,3,Lost
1996,12,96,13649.02799677849,3,3,5,Others
1997,3,102,11690.9439060688,5,5,4,Champions
1998,29,98,9925.232527160646,2,4,3,Loyal
1999,15,80,8741.162975430489,3,1,1,Others
2000,39,99,11392.448484897614,1,4,4,Loyal
2001,27,81,7380.751015758514,2,1,1,Lost
2002,45,91,10433.92092564106,1,2,3,Lost
2003,5,94,10869.388975858688,4,3,4,Others
2004,47,85,9152.53899228573,1,1,2,Lost
2005,40,82,9938.604994964599,1,1,3,Lost
2006,27,97,9291.556349027158,2,4,2,Loyal
2007,41,95,11369.518591761589,1,3,4,At Risk
2008,3,98,9880.180984735489,5,4,3,Loyal
2009,52,100,9922.537024927138,1,4,3,Loyal
2010,28,84,8298.310495615005,2,1,1,Lost
2011,27,95,12158.570977306366,2,3,5,At Risk
2012,3,96,10140.930038332941,5,3,3,Others
2013,4,88,8139.05196943283,5,2,1,Others
2014,34,98,12013.942988204955,2,4,5,Loyal
2015,32,93,13799.82546749115,2,3,5,At Risk
2016,5,100,11927.24651184082,4,4,5,Champions
2017,3,99,7676.057531523704,5,4,1,Loyal
2018,5,106,11356.139471435547,4,5,4,Champions
2019,50,80,9346.572522830964,1,1,2,Lost
2020,2,81,8183.789522790908,5,1,1,Others
2021,28,94,10101.314992189407,2,3,3,Others
2022,46,104,10740.324490118026,1,5,3,Loyal
2023,16,98,9185.382452738288,3,4,2,Loyal
2024,29,94,9974.465522813794,2,3,3,Others
2025,12,99,9913.963045716286,3,4,3,Loyal
2026,52,88,10540.126054525375,1,2,3,Lost
2027,27,103,12097.91002641916,2,5,5,Loyal
2028,14,96,11933.112456536293,3,3,5,Others
2029,9,78,10516.35453107357,4,1,3,Others
2030,4,100,13344.439571642875,5,4,5,Champions
2031,48,93,9017.874948632718,1,3,2,Others
2032,5,89,7840.070470428466,4,2,1,Others
2033,18,96,10122.866478919983,3,4,3,Loyal
2034,10,87,8389.756447410582,4,2,1,Others
2035,40,95,10596.845976185798,1,3,3,Others
2036,3,104,12902.507481646539,5,5,5,Champions
2037,64,100,12489.640526390078,1,4,5,Loyal
2038,10,95,11727.013022708894,4,3,4,Others
2039,6,109,11502.25890455246,4,5,4,Champions
2040,29,94,8539.517937707902,2,3,1,Others
2041,2,99,9274.713525223731,5,4,2,Loyal
2042,0,97,11798.252973270417,5,4,4,Champions
2043,13,100,11517.472522640228,3,4,4,Loyal
2044,33,89,10296.771007180214,2,2,3,Lost
2045,1,104,9648.668003273011,5,5,2,Loyal
2046,17,91,10409.03895885944,3,3,3,Others
2047,44,89,8196.536986541749,1,2,1,Lost
2048,33,95,10421.707466363907,2,3,3,Others
2049,13,97,9617.991937422754,3,4,2,Loyal
2050,38,106,10308.734484410286,2,5,3,Loyal
2051,20,87,9476.376967811586,3,2,2,Others
2052,24,107,12364.069492340086,2,5,5,Loyal
2053,9,76,8826.660495901107,4,1,2,Others
2054,21,91,11482.818539071086,3,2,4,Others
2055,79,88,10738.600968086717,1,2,3,Lost
2056,10,94,12431.113486230373,4,3,5,Others
2057,5,95,11824.91703836918,4,3,5,Others
2058,31,83,10661.413486099245,2,1,3,Lost
2059,21,103,12525.859481430052,3,5,5,Loyal
2060,18,77,10235.726521110535,3,1,3,Others
2061,1,95,11269.753449869157,5,3,4,Others
2062,1,105,9158.219492244723,5,5,2,Loyal
2063,0,85,8153.16647105217,5,1,1,Others
2064,12,104,12766.907030296326,3,5,5,Loyal
2065,26,99,11993.632573080064,2,4,5,Loyal
2066,23,86,10602.499577593802,2,2,3,Lost
2067,69,95,9526.028454637528,1,3,2,Others
2068,11,109,12687.002479052544,4,5,5,Champions
2069,9,98,12563.538493561748,4,4,5,Champions
2070,48,93,9356.869962215425,1,3,2,Others
2071,33,102,10554.904937827589,2,5,3,Loyal
2072,27,101,11984.283413696288,2,4,5,Loyal
2073,11,102,10774.19193840027,4,5,4,Champions
2074,38,93,9713.083482980728,2,3,2,Others
2075,53,86,8930.361018466949,1,2,2,Lost
2076,19,103,13507.269550919533,3,5,5,Loyal
2077,6,99,10335.395475363732,4,4,3,Loyal
2078,82,87,9109.021504354478,1,2,2,Lost
2079,17,114,11194.90251171589,3,5,4,Loyal
2080,25,85,8725.33343014717,2,1,1,Lost
2081,6,101,11326.95550723076,4,4,4,Champions
2082,75,109,9197.91307375431,1,5,2,Loyal
2083,2,81,9441.98002309799,5,1,2,Others
2084,31,107,12946.95752799511,2,5,5,Loyal
2085,25,80,10011.464457631111,2,1,3,Lost
2086,9,98,11459.461555790904,4,4,4,Champions
2087,0,81,9398.83998003006,5,1,2,Others
2088,43,90,12360.997981357572,1,2,5,At Risk
2089,70,80,10995.180059623717,1,1,4,At Risk
2090,5,107,8327.958955502509,4,5,1,Loyal
2091,5,97,8771.098948669434,4,4,1,Loyal
2092,0,88,10732.971964979171,5,2,3,Others
2093,4,84,10061.445915460585,5,1,3,Others
2094,66,87,9752.913962030412,1,2,2,Lost
2095,16,96,9445.992563676835,3,4,2,Loyal
2096,75,99,11832.092930722238,1,4,5,Loyal
2097,46,86,9788.270987081527,1,2,2,Lost
2098,11,90,9714.847501516342,4,2,2,Others
2099,13,97,12101.110592031479,3,4,5,Loyal
2100,23,95,10279.775437355043,2,3,3,Others
2101,14,85,9180.340983772277,3,1,2,Others
2102,8,102,10462.847447919845,4,5,3,Loyal
2103,24,110,11617.0909762621,2,5,4,Loyal
2104,79,78,10685.503020071985,1,1,3,Lost
2105,6,97,10019.572020435333,4,4,3,Loyal
2106,33,86,10821.58844356537,2,2,4,At Risk
2107,51,98,9956.82001091242,1,4,3,Loyal
2108,5,87,9769.578039979935,4,2,2,Others
2109,0,76,8094.755412650109,5,1,1,Others
2110,9,111,13633.659109902383,4,5,5,Champions
2111,19,90,8386.675533437729,3,2,1,Others
2112,53,89,9274.895970773694,1,2,2,Lost
2113,27,106,12223.158589625358,2,5,5,Loyal
2114,8,97,13017.82851436138,4,4,5,Champions
2115,66,87,10539.675958299638,1,2,3,Lost
2116,0,100,9657.89602804184,5,4,2,Loyal
2117,24,99,9170.42798845768,2,4,2,Loyal
2118,26,84,7234.972983789445,2,1,1,Lost
2119,2,89,6955.35598526001,5,2,1,Others
2120,33,110,11037.751961874963,2,5,4,Loyal
2121,41,107,11665.918907117844,1,5,4,Loyal
2122,30,89,11482.667484498024,2,2,4,At Risk
2123,65,111,12329.972895407676,1,5,5,Loyal
2124,24,101,14638.127991223333,2,4,5,Loyal
2125,35,94,9209.74307150841,2,3,2,Others
2126,20,96,10341.501440024376,3,4,3,Loyal
2127,22,89,11910.256078338622,3,2,5,Others
2128,35,116,11623.254921603204,2,5,4,Loyal
2129,42,100,12700.984484076498,1,4,5,Loyal
2130,16,78,8836.250022101403,3,1,2,Others
2131,7,110,10171.825982546805,4,5,3,Loyal
2132,11,80,9484.90003259182,4,1,2,Others
2133,14,77,8104.92450647354,3,1,1,Others
2134,42,97,12154.799535894394,1,4,5,Loyal
2135,25,106,11797.367495810984,2,5,4,Loyal
2136,27,97,6971.190502214431,2,4,1,Loyal
2137,3,106,12924.227972960474,5,5,5,Champions
2138,34,85,8208.463462591171,2,1,1,Lost
2139,73,101,8989.59447851181,1,4,2,Loyal
2140,7,104,9485.600508403779,4,5,2,Loyal
2141,16,101,11064.375944995882,3,4,4,Loyal
2142,18,97,8759.289470243455,3,4,1,Loyal
2143,23,107,11153.86044421196,2,5,4,Loyal
2144,47,96,10146.95000178814,1,4,3,Loyal
2145,22,91,9036.814997744561,3,2,2,Others
2146,69,86,9519.328499865533,1,2,2,Lost
2147,0,105,13687.85802409649,5,5,5,Champions
2148,7,99,8775.418565106393,4,4,1,Loyal
2149,20,97,13612.50055780411,3,4,5,Loyal
2150,45,90,9627.208939647671,1,2,2,Lost
2151,6,82,9060.216429316997,4,1,2,Others
2152,2,96,12186.785965847972,5,3,5,Others
2153,24,99,10330.374460124973,2,4,3,Loyal
2154,7,100,10115.648463702204,4,4,3,Loyal
2155,6,92,9461.55843398571,4,3,2,Others
2156,6,101,12158.28596327305,4,4,5,Champions
2157,5,96,11885.780466091632,4,3,5,Others
2158,30,101,10770.130982136727,2,4,4,Loyal
2159,32,101,10833.918566370008,2,4,4,Loyal
2160,66,92,12255.06796543598,1,3,5,At Risk
2161,7,94,14029.268511009213,4,3,5,Others
2162,15,101,10313.959448742864,3,4,3,Loyal
2163,2,109,12828.760922646521,5,5,5,Champions
2164,4,94,12369.022040128708,4,3,5,Others
2165,55,98,8764.14046086073,1,4,1,Loyal
2166,4,110,14694.412497591977,5,5,5,Champions
2167,16,81,8965.847436904905,3,1,2,Others
2168,64,102,9734.500533270837,1,5,2,Loyal
2169,3,77,7360.664469861986,5,1,1,Others
2170,1,108,13177.97700893879,5,5,5,Champions
2171,18,84,7782.399988961219,3,1,1,Others
2172,63,88,9624.933956193925,1,2,2,Lost
2173,62,91,11403.980503225326,1,2,4,At Risk
2174,2,111,12929.884044837956,5,5,5,Champions
2175,17,91,7971.3660078048715,3,3,1,Others
2176,22,92,11241.245971536637,3,3,4,Others
2177,56,90,11157.501927137375,1,2,4,At Risk
2178,1,85,8087.939959430693,5,1,1,Others
2179,4,100,8668.6429956913,5,4,1,Loyal
2180,10,83,11145.454975795745,4,1,4,Others
2181,5,86,8446.073993289472,4,2,1,Others
2182,7,106,11478.84101896286,4,5,4,Champions
2183,58,96,13862.78647780418,1,4,5,Loyal
2184,10,93,9216.764495635032,4,3,2,Others
2185,1,91,7910.4040274143235,5,3,1,Others
2186,8,90,10993.708466029168,4,2,4,Others
2187,47,91,8228.771992719174,1,2,1,Lost
2188,29,101,11772.096533346175,2,4,4,Loyal
2189,1,104,10806.866026949883,5,5,4,Champions
2190,13,100,12695.300014233588,3,4,5,Loyal
2191,18,85,9401.107944619656,3,1,2,Others
2192,19,81,8170.530975174904,3,1,1,Others
2193,43,98,10402.783520221712,1,4,3,Loyal
2194,19,98,11498.838007163999,3,4,4,Loyal
2195,34,75,6503.183512830734,2,1,1,Lost
2196,5,74,6590.944034409524,4,1,1,Others
2197,68,81,7958.671045446396,1,1,1,Lost
2198,40,99,8961.852969598767,1,4,2,Loyal
2199,20,86,12497.924972248078,3,2,5,Others
2200,75,79,10960.814562225343,1,1,4,At Risk
2201,0,76,6788.510996246338,5,1,1,Others
2202,47,88,9504.228514981269,1,2,2,Lost
2203,1,85,7925.038010072708,5,1,1,Others
2204,54,87,9884.245879125594,1,2,3,Lost
2205,48,105,11678.834488797189,1,5,4,Loyal
2206,35,87,8464.5895175457,2,2,1,Lost
2207,16,90,8996.049562692642,3,2,2,Others
2208,17,99,11352.365521156791,3,4,4,Loyal
2209,0,102,11608.388927412034,5,5,4,Champions
2210,23,73,9784.430479955676,2,1,2,Lost
2211,10,94,10764.04349746704,4,3,4,Others
2212,0,101,11211.248446321488,5,5,4,Champions
2213,23,95,9303.27251007557,2,3,2,Others
2214,20,84,9492.475903606417,3,1,2,Others
2215,38,85,8856.526524555684,2,1,2,Lost
2216,12,90,8360.568495011332,3,2,1,Others
2217,49,119,14652.621540236472,1,5,5,Loyal
2218,24,110,12750.380000674722,2,5,5,Loyal
2219,92,97,10352.388490962981,1,4,3,Loyal
2220,30,80,9829.531530165674,2,1,3,Lost
2221,58,72,11069.322903132439,1,1,4,At Risk
2222,19,116,12334.040442848203,3,5,5,Loyal
2223,10,77,10560.43051233292,4,1,3,Others
2224,24,98,9498.869495105744,2,4,2,Loyal
2225,10,114,12182.19347741604,4,5,5,Champions
2226,4,102,12362.54797383547,5,5,5,Champions
2227,18,87,10650.442441916466,3,2,3,Others
2228,4,90,11869.78102698326,5,2,5,Others
2229,4,85,9999.68350509405,5,1,3,Others
2230,20,84,7989.918992090225,3,1,1,Others
2231,27,109,10672.786023294926,2,5,3,Loyal
2232,29,88,8698.294488191603,2,2,1,Lost
2233,110,90,10526.598511075976,1,2,3,Lost
2234,0,74,9541.143487358095,5,1,2,Others
2235,22,113,12139.65997042656,2,5,5,Loyal
2236,35,93,7455.859462356567,2,3,1,Others
2237,34,87,9799.60497187376,2,2,2,Lost
2238,21,98,11685.49247970581,3,4,4,Loyal
2239,3,111,11008.661484336855,5,5,4,Champions
2240,46,97,11440.49594566822,1,4,4,Loyal
2241,69,89,9653.429949831961,1,2,2,Lost
2242,8,106,11584.081453704834,4,5,4,Champions
2243,0,97,10151.719561934471,5,4,3,Loyal
2244,53,99,12420.70305056572,1,4,5,Loyal
2245,47,103,14114.048047065733,1,5,5,Loyal
2246,14,91,12064.820980632307,3,3,5,Others
2247,33,98,9834.403493213653,2,4,3,Loyal
2248,13,94,12184.605493164063,3,3,5,Others
2249,23,97,9046.80896630287,2,4,2,Loyal
2250,9,98,13300.59797599316,4,4,5,Champions
2251,75,108,12029.62249546051,1,5,5,Loyal
2252,5,92,13148.528515124322,4,3,5,Others
2253,16,97,10567.653952860834,3,4,3,Loyal
2254,20,102,12746.372512537242,3,5,5,Loyal
2255,16,94,10013.214990806577,3,3,3,Others
2256,78,86,8442.95996618271,1,2,1,Lost
2257,3,82,6471.83499903679,5,1,1,Others
2258,6,100,9843.899544596676,4,4,3,Loyal
2259,54,88,9636.08641400337,1,2,2,Lost
2260,24,87,10379.490533852577,2,2,3,Lost
2261,29,107,13743.04447135925,2,5,5,Loyal
2262,0,85,11831.972040462495,5,1,5,Others
2263,10,84,9733.301479077338,4,1,2,Others
2264,23,100,8690.25198177099,2,4,1,Loyal
2265,27,92,10998.29248754978,2,3,4,At Risk
2266,23,105,11487.715515220165,2,5,4,Loyal
2267,40,92,13718.599985456469,1,3,5,At Risk
2268,60,99,12964.00992474556,1,4,5,Loyal
2269,1,94,12075.575491738318,5,3,5,Others
2270,22,93,8213.518478775024,3,3,1,Others
2271,29,88,10211.065974068644,2,2,3,Lost
2272,40,99,12531.55538496971,1,4,5,Loyal
2273,40,119,14447.103492474558,1,5,5,Loyal
2274,19,103,9148.914503598213,3,5,2,Loyal
2275,40,99,12054.99090871811,1,4,5,Loyal
2276,7,103,10584.400497531891,4,5,3,Loyal
2277,25,109,13563.781523048881,2,5,5,Loyal
2278,28,92,8403.566999053954,2,3,1,Others
2279,31,101,12396.023559713363,2,4,5,Loyal
2280,32,92,10814.772428464892,2,3,4,At Risk
2281,3,91,8892.143497991563,5,3,2,Others
2282,1,108,9639.80047955513,5,5,2,Loyal
2283,5,85,11315.110874009133,4,1,4,Others
2284,22,98,10789.710994052886,2,4,4,Loyal
2285,6,99,9337.517986774445,4,4,2,Loyal
2286,31,87,9702.254016208646,2,2,2,Lost
2287,11,96,9433.03041497469,4,4,2,Loyal
2288,5,91,12872.878491210937,4,3,5,Others
2289,13,82,7579.673020553589,3,1,1,Others
2290,6,111,13598.026958727834,4,5,5,Champions
2291,1,98,10768.006982016563,5,4,4,Champions
2292,4,104,12093.897414731979,5,5,5,Champions
2293,24,79,7012.762988197805,2,1,1,Lost
2294,1,91,10634.208437299729,5,3,3,Others
2295,7,86,7452.147504997254,4,2,1,Others
2296,59,87,9667.968978071209,1,2,2,Lost
2297,9,88,10453.835953950882,4,2,3,Others
2298,18,88,9200.831019449233,3,2,2,Others
2299,3,90,8422.722950053212,5,2,1,Others
2300,5,88,12342.400975227356,4,2,5,Others
2301,19,76,8152.415985202791,3,1,1,Others
2302,14,106,13009.549064433577,3,5,5,Loyal
2303,1,117,12310.55600616932,5,5,5,Champions
2304,37,90,9523.38706843853,2,2,2,Lost
2305,12,96,9078.170547270776,3,3,2,Others
2306,12,87,11068.003061389923,3,2,4,Others
2307,17,75,9209.117050123212,3,1,2,Others
2308,71,100,14941.902950549129,1,4,5,Loyal
2309,3,91,11017.619467782977,5,3,4,Others
2310,118,69,6600.673500728607,1,1,1,Lost
2311,1,99,10414.695105886458,5,4,3,Loyal
2312,3,81,7911.509536290168,5,1,1,Others
2313,3,98,9939.553065180777,5,4,3,Loyal
2314,25,102,11146.277088177203,2,5,4,Loyal
2315,51,104,12134.494462668898,1,5,5,Loyal
2316,27,103,11705.09402961731,2,5,4,Loyal
2317,32,93,12890.225404858584,2,3,5,At Risk
2318,83,93,13035.045414566994,1,3,5,At Risk
2319,64,95,10985.150517892836,1,3,4,At Risk
2320,14,85,9615.061530447007,3,1,2,Others
2321,31,88,8999.981531548501,2,2,2,Lost
2322,65,80,9063.488486254215,1,1,2,Lost
2323,63,82,9707.901915371418,1,1,2,Lost
2324,4,98,13608.385460710524,4,4,5,Champions
2325,29,91,10267.517455315592,2,2,3,Lost
2326,17,73,9842.07703576088,3,1,3,Others
2327,15,73,6193.776937866211,3,1,1,Others
2328,5,100,13479.638536381723,4,4,5,Champions
2329,1,88,9683.043981933593,5,2,2,Others
2330,3,83,6067.878983259201,5,1,1,Others
2331,76,93,8827.36951085329,1,3,2,Others
2332,19,101,9067.569464182854,3,4,2,Loyal
2333,31,79,9491.18542561531,2,1,2,Lost
2334,75,94,9254.661928939817,1,3,2,Others
2335,30,93,9727.44351811409,2,3,2,Others
2336,3,96,10925.925502705573,5,3,4,Others
2337,104,88,8448.967461633685,1,2,1,Lost
2338,80,83,7498.641461157799,1,1,1,Lost
2339,26,105,10463.708988511564,2,5,3,Loyal
2340,8,98,12215.998993206025,4,4,5,Champions
2341,12,101,12123.319925141333,3,4,5,Loyal
2342,3,106,13455.997574973107,5,5,5,Champions
2343,10,92,9336.645001077652,4,3,2,Others
2344,112,109,13369.57752418518,1,5,5,Loyal
2345,0,88,11050.520428574086,5,2,4,Others
2346,19,103,12274.766984844211,3,5,5,Loyal
2347,7,100,11659.986536383627,4,4,4,Champions
2348,41,90,11410.106004333496,1,2,4,At Risk
2349,68,99,12713.221360015867,1,4,5,Loyal
2350,64,111,13095.054449748988,1,5,5,Loyal
2351,30,104,12959.773995745183,2,5,5,Loyal
2352,4,78,6258.524018168449,5,1,1,Others
2353,0,86,10708.311044144628,5,2,3,Others
2354,28,100,9873.197359037398,2,4,3,Loyal
2355,13,99,10785.828062677381,3,4,4,Loyal
2356,0,90,8414.014446139336,5,2,1,Others
2357,15,90,9600.523027086258,3,2,2,Others
2358,22,98,10637.40305325985,2,4,3,Loyal
2359,16,94,13519.672492241858,3,3,5,Others
2360,71,101,15687.606040167808,1,4,5,Loyal
2361,10,85,11469.403055000304,4,1,4,Others
2362,10,94,10177.016030240058,4,3,3,Others
2363,20,98,11677.916549742224,3,4,4,Loyal
2364,5,94,8938.579978132248,4,3,2,Others
2365,3,81,10663.166477227214,5,1,3,Others
2366,0,95,10904.407006859781,5,3,4,Others
2367,6,90,9349.131413125991,4,2,2,Others
2368,15,77,6303.824038505553,3,1,1,Others
2369,10,97,8901.260513353349,4,4,2,Loyal
2370,2,92,7451.350551509858,5,3,1,Others
2371,24,98,9150.044998741148,2,4,2,Loyal
2372,11,95,9465.933516645433,4,3,2,Others
2373,10,80,9226.583538722993,4,1,2,Others
2374,22,97,12058.594957470894,3,4,5,Loyal
2375,96,82,7885.493938255309,1,1,1,Lost
2376,125,73,8418.038486909865,1,1,1,Lost
2377,1,76,8835.282916402817,5,1,2,Others
2378,27,77,8924.297998237611,2,1,2,Lost
2379,0,93,9567.255470728875,5,3,2,Others
2380,2,113,12602.155000448227,5,5,5,Champions
2381,2,102,9396.071484398844,5,5,2,Loyal
2382,14,104,9878.99406785965,3,5,3,Loyal
2383,6,91,10097.132545518874,4,3,3,Others
2384,61,77,7509.666011333465,1,1,1,Lost
2385,14,94,12426.70156235695,3,3,5,Others
2386,19,113,13089.93990664482,3,5,5,Loyal
2387,82,89,10466.138103532792,1,2,3,Lost
2388,32,90,9049.11751122475,2,2,2,Lost
2389,8,90,8691.421045851708,4,2,1,Others
2390,32,102,12205.155003690721,2,5,5,Loyal
2391,4,82,8752.126541900634,5,1,1,Others
2392,20,91,9798.57197520733,3,3,2,Others
2393,4,101,12250.231987071038,4,4,5,Champions
2394,8,91,11820.847954177856,4,3,4,Others
2395,24,93,8721.050520801544,2,3,1,Others
2396,13,80,7124.2844700336445,3,1,1,Others
2397,121,90,11276.000995099548,1,2,4,At Risk
2398,18,98,8547.463007593156,3,4,1,Loyal
2399,27,99,9650.708425152301,2,4,2,Loyal
2400,23,90,11720.074450051783,2,2,4,At Risk
2401,21,95,9051.689044809342,3,3,2,Others
2402,16,97,8584.346003985404,3,4,1,Loyal
2403,76,86,10272.083470010757,1,2,3,Lost
2404,3,88,9368.891940355299,5,2,2,Others
2405,23,87,7902.928000164032,2,2,1,Lost
2406,19,75,7564.951449680328,3,1,1,Others
2407,19,95,11522.760985302926,3,3,4,Others
2408,4,111,12045.364542007446,5,5,5,Champions
2409,25,72,11321.501549696923,2,1,4,At Risk
2410,0,101,11631.070931100845,5,5,4,Champions
2411,4,88,9866.936004698277,5,2,3,Others
2412,4,89,8346.43394985199,5,2,1,Others
2413,1,92,10989.027033019065,5,3,4,Others
2414,40,93,7756.818979406357,1,3,1,Others
2415,13,88,9276.89752175808,3,2,2,Others
2416,8,106,10962.021455144883,4,5,4,Champions
2417,3,103,10109.859485530853,5,5,3,Loyal
2418,38,103,10620.67993326187,2,5,3,Loyal
2419,12,91,7937.596955573557,3,3,1,Others
2420,34,106,14061.520888757706,2,5,5,Loyal
2421,25,101,10294.329536259174,2,4,3,Loyal
2422,2,95,9466.432595372198,5,3,2,Others
2423,73,82,7133.662975454329,1,1,1,Lost
2424,87,105,11288.005448627471,1,5,4,Loyal
2425,153,106,14382.337502717974,1,5,5,Loyal
2426,9,90,10864.457024240495,4,2,4,Others
2427,9,102,9945.118512296678,4,5,3,Loyal
2428,0,105,10759.925483798983,5,5,4,Champions
2429,13,107,10713.793038690092,3,5,3,Loyal
2430,25,94,9061.023004388808,2,3,2,Others
2431,89,88,7456.104498767853,1,2,1,Lost
2432,24,89,13609.03644566536,2,2,5,At Risk
2433,5,84,9754.667476511002,4,1,2,Others
2434,66,94,12046.2973143816,1,3,5,At Risk
2435,1,93,8459.353010463716,5,3,1,Others
2436,9,99,10502.165512454509,4,4,3,Loyal
2437,34,98,13492.538567614558,2,4,5,Loyal
2438,75,110,12870.06092660427,1,5,5,Loyal
2439,22,106,13139.789487552644,3,5,5,Loyal
2440,10,99,10771.006417500972,4,4,4,Champions
2441,70,85,8048.5085416078555,1,1,1,Lost
2442,52,88,9604.198477983473,1,2,2,Lost
2443,19,105,10042.21653218269,3,5,3,Loyal
2444,46,84,12010.975523877145,1,1,5,At Risk
2445,62,98,12660.37947473526,1,4,5,Loyal
2446,27,98,11844.54652612209,2,4,5,Loyal
2447,35,89,10413.624508333205,2,2,3,Lost
2448,25,93,9965.805480575562,2,3,3,Others
2449,15,81,7778.708009696006,3,1,1,Others
2450,62,78,10560.260426688195,1,1,3,Lost
2451,45,98,12854.757027029988,1,4,5,Loyal
2452,38,91,10619.002977752687,2,2,3,Lost
2453,3,89,8466.2319088459,5,2,1,Others
2454,23,91,10088.682460474969,2,2,3,Lost
2455,44,95,8481.161536026,1,3,1,Others
2456,26,111,9372.235518312455,2,5,2,Loyal
2457,2,86,9948.073933815956,5,2,3,Others
2458,1,91,10812.47249417305,5,3,4,Others
2459,1,101,9916.945980620387,5,4,3,Loyal
2460,18,106,10071.882924413683,3,5,3,Loyal
2461,13,108,14566.498473119736,3,5,5,Loyal
2462,25,94,11329.357491636278,2,3,4,At Risk
2463,23,83,6722.467504739762,2,1,1,Lost
2464,29,91,9476.90400938988,2,2,2,Lost
2465,6,95,11135.566446805,4,3,4,Others
2466,6,97,8891.15596885681,4,4,2,Loyal
2467,15,85,8716.566498947144,3,1,1,Others
2468,32,101,9741.445485210419,2,4,2,Loyal
2469,0,93,11410.788965940475,5,3,4,Others
2470,10,99,11374.619946050645,4,4,4,Champions
2471,3,93,8949.496022033692,5,3,2,Others
2472,9,86,10823.943502664564,4,2,4,Others
2473,0,98,12077.088443946841,5,4,5,Champions
2474,15,84,10071.06802916527,3,1,3,Others
2475,2,94,10898.323012161256,5,3,4,Others
2476,11,88,10495.643942856788,4,2,3,Others
2477,20,94,11549.579046869278,3,3,4,Others
2478,9,82,7272.360518980026,4,1,1,Others
2479,19,104,11301.142564821243,3,5,4,Loyal
2480,8,95,9937.631454396249,4,3,3,Others
2481,6,99,9356.428492689136,4,4,2,Loyal
2482,0,95,10049.0979988575,5,3,3,Others
2483,1,86,11186.32001143694,5,2,4,Others
2484,43,77,8737.11604809761,1,1,1,Lost
2485,44,87,11610.594561815264,1,2,4,At Risk
2486,5,80,6559.375996255875,4,1,1,Others
2487,19,103,11449.925456857682,3,5,4,Loyal
2488,4,86,10119.205469381812,5,2,3,Others
2489,40,95,9449.72654659748,1,3,2,Others
2490,37,81,8795.240014314648,2,1,1,Lost
2491,27,83,7586.553521418572,2,1,1,Lost
2492,64,89,8837.792473411559,1,2,2,Lost
2493,18,87,10230.296989345548,3,2,3,Others
2494,12,99,8716.039433550835,3,4,1,Loyal
2495,18,106,10032.024511003494,3,5,3,Loyal
2496,1,94,8883.979009652136,5,3,2,Others
2497,42,100,10043.281518507003,1,4,3,Loyal
2498,34,102,8334.63949868679,2,5,1,Loyal
2499,50,93,10921.390082669257,1,3,4,At Risk
2500,6,97,9804.877937483787,4,4,2,Loyal
2501,3,88,9959.16446506977,5,2,3,Others
2502,0,90,7867.092476296424,5,2,1,Others
2503,2,83,9480.98002414703,5,1,2,Others
2504,69,104,9142.18652377129,1,5,2,Loyal
2505,35,102,9974.600454258918,2,5,3,Loyal
2506,50,90,10650.152050685887,1,2,3,Lost
2507,14,86,9417.321058940888,3,2,2,Others
2508,5,87,11833.053993749616,4,2,5,Others
2509,35,94,7475.411972570419,2,3,1,Others
2510,25,92,10829.566416072847,2,3,4,At Risk
2511,33,94,7826.7044881343845,2,3,1,Others
2512,12,95,13378.231981897352,3,3,5,Others
2513,3,89,10758.631976270679,5,2,3,Others
2514,6,78,7279.048990297318,4,1,1,Others
2515,5,78,10933.195977687836,4,1,4,Others
2516,30,103,11093.761544561385,2,5,4,Loyal
2517,29,100,10864.8785656929,2,4,4,Loyal
2518,0,109,12491.040943121907,5,5,5,Champions
2519,15,85,8610.618473362923,3,1,1,Others
2520,52,87,11418.72946937084,1,2,4,At Risk
2521,11,107,12372.644997167587,4,5,5,Champions
2522,66,91,10018.324385666845,1,2,3,Lost
2523,2,116,11775.522484445573,5,5,4,Champions
2524,24,110,13232.433053421973,2,5,5,Loyal
2525,0,83,9788.645450448988,5,1,2,Others
2526,3,113,10849.42095890045,5,5,4,Champions
2527,34,97,9996.24846380949,2,4,3,Loyal
2528,4,87,9265.411454916,5,2,2,Others
2529,0,93,9838.293027472497,5,3,3,Others
2530,26,91,8563.073970341684,2,2,1,Lost
2531,14,93,7268.039005112648,3,3,1,Others
2532,41,90,8144.106970739366,1,2,1,Lost
2533,46,93,9857.459993982315,1,3,3,Others
2534,37,110,12382.320545792578,2,5,5,Loyal
2535,41,99,10191.924993610382,1,4,3,Loyal
2536,20,83,9709.01141741276,3,1,2,Others
2537,6,89,9546.852974677086,4,2,2,Others
2538,55,101,10964.621980762484,1,4,4,Loyal
2539,32,99,8910.629451322557,2,4,2,Loyal
2540,44,93,10561.250972366333,1,3,3,Others
2541,0,86,10451.535489034652,5,1,3,Others
2542,40,92,9201.8144500494,1,3,2,Others
2543,8,98,9970.06301343441,4,4,3,Loyal
2544,1,105,10343.926522421838,5,5,3,Loyal
2545,44,99,8876.180993747712,1,4,2,Loyal
2546,45,99,8835.37551727295,1,4,2,Loyal
2547,5,87,10013.002557492258,4,2,3,Others
2548,0,79,8874.250977230073,5,1,2,Others
2549,20,98,10122.64791355133,3,4,3,Loyal
2550,0,105,10255.970524430273,5,5,3,Loyal
2551,49,94,11232.2564357996,1,3,4,At Risk
2552,0,95,11389.057426118852,5,3,4,Others
2553,49,90,9340.179907083511,1,2,2,Lost
2554,51,93,8641.122963619231,1,3,1,Others
2555,7,92,10565.393991065024,4,3,3,Others
2556,23,89,9826.676991558075,2,2,2,Lost
2557,21,91,10575.301469302178,3,2,3,Others
2558,3,83,8009.514997577666,5,1,1,Others
2559,6,93,8710.292548394204,4,3,1,Others
2560,5,99,10549.53798761368,4,4,3,Loyal
2561,54,72,8373.710027456284,1,1,1,Lost
2562,12,88,8026.658490109443,3,2,1,Others
2563,50,80,6822.5404784441,1,1,1,Lost
2564,57,81,8370.543923759462,1,1,1,Lost
2565,11,85,9131.781524705886,3,1,2,Others
2566,20,87,9061.282458138467,3,2,2,Others
2567,38,91,8444.912998354434,2,2,1,Lost
2568,6,104,13868.475982952119,4,5,5,Champions
2569,2,107,11642.173488307,5,5,4,Champions
2570,8,90,11304.981065511705,4,2,4,Others
2571,67,83,8573.49495663643,1,1,1,Lost
2572,9,96,9711.363024163244,4,4,2,Loyal
2573,24,103,11224.081485056877,2,5,4,Loyal
2574,23,103,13727.901895380019,2,5,5,Loyal
2575,15,98,11468.781097674371,3,4,4,Loyal
2576,71,93,11049.754970645903,1,3,4,At Risk
2577,3,87,7878.21399438381,5,2,1,Others
2578,35,118,13842.59149949551,2,5,5,Loyal
2579,51,100,11340.977554559706,1,4,4,Loyal
2580,10,88,7757.682986164091,4,2,1,Others
2581,4,104,10890.285022783279,5,5,4,Champions
2582,19,95,11587.703053736686,3,3,4,Others
2583,30,98,9068.224921512603,2,4,2,Loyal
2584,2,99,12222.668906140329,5,4,5,Champions
2585,61,81,10796.603024697304,1,1,4,At Risk
2586,59,91,10060.53398900032,1,2,3,Lost
2587,95,81,10566.917504549026,1,1,3,Lost
2588,4,90,7756.882006704806,5,2,1,Others
2589,67,80,9026.122044444082,1,1,2,Lost
2590,0,93,10014.426998448373,5,3,3,Others
2591,2,99,13975.781921195983,5,4,5,Champions
2592,19,97,11519.88053367138,3,4,4,Loyal
2593,12,114,9920.959438729285,3,5,3,Loyal
2594,27,106,12031.957518172263,2,5,5,Loyal
2595,12,115,11212.284988045694,3,5,4,Loyal
2596,19,90,10594.550521898269,3,2,3,Others
2597,55,73,10183.235550546646,1,1,3,Lost
2598,19,89,11120.914998435974,3,2,4,Others
2599,24,82,10483.727041602135,2,1,3,Lost
2600,3,83,6967.185025691986,5,1,1,Others
2601,25,85,9461.164517307283,2,1,2,Lost
2602,49,94,10243.099917078018,1,3,3,Others
2603,19,90,11184.492015123367,3,2,4,Others
2604,7,102,13938.971003460882,4,5,5,Champions
2605,8,84,8974.750477695465,4,1,2,Others
2606,86,79,8111.987988066671,1,1,1,Lost
2607,8,93,8863.864488983154,4,3,2,Others
2608,19,95,10763.919028329847,3,3,4,Others
2609,30,104,12896.73651957512,2,5,5,Loyal
2610,23,98,11294.63952138424,2,4,4,Loyal
2611,4,92,9891.643487644194,5,3,3,Others
2612,36,115,14848.528955173491,2,5,5,Loyal
2613,26,107,12985.907049512864,2,5,5,Loyal
2614,32,93,11494.798568844797,2,3,4,At Risk
2615,0,103,10943.265481555462,5,5,4,Champions
2616,20,88,10765.412511730196,3,2,4,Others
2617,78,86,9531.306985139845,1,2,2,Lost
2618,17,106,10550.8120016098,3,5,3,Loyal
2619,11,98,8169.922025823593,4,4,1,Loyal
2620,16,103,10671.718932366375,3,5,3,Loyal
2621,2,91,11442.317057442666,5,3,4,Others
2622,54,90,11175.667966604235,1,2,4,At Risk
2623,90,81,7988.29251885414,1,1,1,Lost
2624,62,100,11121.914525103573,1,4,4,Loyal
2625,2,99,14355.126998519896,5,4,5,Champions
2626,33,80,8256.511477518081,2,1,1,Lost
2627,13,91,10301.706465119125,3,3,3,Others
2628,13,99,11957.385965692994,3,4,5,Loyal
2629,6,93,10623.285004377363,4,3,3,Others
2630,20,95,11154.015989589692,3,3,4,Others
2631,0,110,10065.6509247303,5,5,3,Loyal
2632,39,100,10050.988478136065,1,4,3,Loyal
2633,20,101,10526.307466936114,3,4,3,Loyal
2634,14,88,9624.259016275408,3,2,2,Others
2635,3,108,10410.212992477416,5,5,3,Loyal
2636,18,110,15587.0068782568,3,5,5,Loyal
2637,82,85,9725.400868749619,1,1,2,Lost
2638,19,94,12214.044528484344,3,3,5,Others
2639,6,96,10894.85046854019,4,4,4,Champions
2640,0,92,10766.487000799178,5,3,4,Others
2641,17,85,9606.861468601226,3,1,2,Others
2642,96,98,11839.628466510772,1,4,5,Loyal
2643,1,96,10769.219004797938,5,3,4,Others
2644,13,98,10348.313993334768,3,4,3,Loyal
2645,1,100,9522.673968219755,5,4,2,Loyal
2646,54,100,9722.331493139269,1,4,2,Loyal
2647,54,62,6012.8730867862705,1,1,1,Lost
2648,27,86,10133.24155460596,2,2,3,Lost
2649,2,102,11691.412513113022,5,5,4,Champions
2650,10,110,12079.15999727249,4,5,5,Champions
2651,5,86,8357.86346361637,4,2,1,Others
2652,18,117,12100.211940312387,3,5,5,Loyal
2653,32,96,10363.677950644495,2,4,3,Loyal
2654,34,86,8752.924510025978,2,2,1,Lost
2655,4,102,9103.166943836213,5,5,2,Loyal
2656,14,86,7918.868503713607,3,2,1,Others
2657,14,87,6964.041440796852,3,2,1,Others
2658,17,99,8615.154962968829,3,4,1,Loyal
2659,12,117,12385.963009679317,3,5,5,Loyal
2660,64,91,8021.371494722366,1,2,1,Lost
2661,57,91,9725.048450303078,1,2,2,Lost
2662,75,101,11816.337562799454,1,4,4,Loyal
2663,8,87,8040.1780009269705,4,2,1,Others
2664,21,94,11359.585983908179,3,3,4,Others
2665,6,102,9301.108985424042,4,5,2,Loyal
2666,63,83,9597.258951330185,1,1,2,Lost
2667,21,114,11949.407401275635,3,5,5,Loyal
2668,19,87,9869.80944156647,3,2,3,Others
2669,5,103,10832.723001074792,4,5,4,Champions
2670,13,93,11633.951112675666,3,3,4,Others
2671,23,89,9862.579487895966,2,2,3,Lost
2672,16,79,8279.467495083809,3,1,1,Others
2673,20,98,11643.955971360207,3,4,4,Loyal
2674,43,102,9308.071955657004,1,5,2,Loyal
2675,35,90,10844.37205104828,2,2,4,At Risk
2676,8,76,8813.987474536894,4,1,1,Others
2677,8,99,11641.195420968532,4,4,4,Champions
2678,48,104,10641.998594641684,1,5,3,Loyal
2679,59,105,13264.856028699875,1,5,5,Loyal
2680,38,98,10704.452036261559,2,4,3,Loyal
2681,56,83,8601.949965000153,1,1,1,Lost
2682,1,96,11888.98099284172,5,3,5,Others
2683,1,83,10572.916906642913,5,1,3,Others
2684,17,97,11104.482501673692,3,4,4,Loyal
2685,21,91,9663.504513335225,3,2,2,Others
2686,10,83,8983.324501371382,4,1,2,Others
2687,6,87,10692.03153152466,4,2,3,Others
2688,0,91,11610.77148323059,5,3,4,Others
2689,5,81,9184.01048567295,4,1,2,Others
2690,51,103,8771.355493021008,1,5,1,Loyal
2691,47,105,11447.503526616098,1,5,4,Loyal
2692,27,90,11710.292500972746,2,2,4,At Risk
2693,3,81,7467.750004673005,5,1,1,Others
2694,53,81,10292.905452585217,1,1,3,Lost
2695,8,104,9894.902491188051,4,5,3,Loyal
2696,10,88,8717.06505832672,4,2,1,Others
2697,4,83,8300.81100113392,5,1,1,Others
2698,15,111,10248.83748719692,3,5,3,Loyal
2699,7,97,8987.717952466011,4,4,2,Loyal
2700,24,106,10404.738456487654,2,5,3,Loyal
2701,2,82,9724.924453473091,5,1,2,Others
2702,32,99,9892.160511398317,2,4,3,Loyal
2703,7,85,7812.18399271965,4,1,1,Others
2704,9,84,9434.551503562927,4,1,2,Others
2705,1,85,9048.142931556702,5,1,2,Others
2706,45,92,9672.673992562297,1,3,2,Others
2707,3,90,8637.095471811295,5,2,1,Others
2708,3,105,11338.287493848802,5,5,4,Champions
2709,20,111,9703.92445602417,3,5,2,Loyal
2710,16,101,9924.492489099503,3,4,3,Loyal
2711,8,103,11956.425014734272,4,5,5,Champions
2712,75,100,8937.06949663162,1,4,2,Loyal
2713,3,104,10731.543989586831,5,5,3,Loyal
2714,2,96,12220.42093987465,5,3,5,Others
2715,45,90,10795.997937345506,1,2,4,At Risk
2716,3,105,9700.183071660995,5,5,2,Loyal
2717,9,110,13494.230957365035,4,5,5,Champions
2718,48,88,10317.66943426132,1,2,3,Lost
2719,25,89,9518.271993923187,2,2,2,Lost
2720,52,92,10619.551003742217,1,3,3,Others
2721,11,95,7722.546001660824,4,3,1,Others
2722,1,102,9343.279484534263,5,5,2,Loyal
2723,15,90,9317.339059114454,3,2,2,Others
2724,6,87,8234.92453482151,4,2,1,Others
2725,15,93,8901.600443053247,3,3,2,Others
2726,71,88,9326.088955116273,1,2,2,Lost
2727,123,101,12814.24893758297,1,4,5,Loyal
2728,18,94,10112.055989980698,3,3,3,Others
2729,1,103,11003.148518276215,5,5,4,Champions
2730,17,112,12363.076520228386,3,5,5,Loyal
2731,3,92,11069.02450890541,5,3,4,Others
2732,4,85,8937.17948331833,5,1,2,Others
2733,0,98,8807.791948723792,5,4,1,Loyal
2734,38,92,12038.9794626236,2,3,5,At Risk
2735,13,98,9939.175518369675,3,4,3,Loyal
2736,0,95,9563.350945401191,5,3,2,Others
2737,0,100,11827.400997495653,5,4,5,Champions
2738,2,99,9415.246925520898,5,4,2,Loyal
2739,14,78,10064.893934226036,3,1,3,Others
2740,42,104,13660.440994954111,1,5,5,Loyal
2741,20,90,10312.618409967423,3,2,3,Others
2742,25,93,9388.238478350639,2,3,2,Others
2743,0,91,10080.683577919008,5,3,3,Others
2744,21,92,13290.697977256776,3,3,5,Others
2745,66,85,9588.523028874399,1,1,2,Lost
2746,13,89,8264.319522380829,3,2,1,Others
2747,34,88,10250.496509528164,2,2,3,Lost
2748,45,89,8249.069514155388,1,2,1,Lost
2749,39,99,8662.266532707217,1,4,1,Loyal
2750,15,92,7609.344505095482,3,3,1,Others
2751,19,112,10052.534514236451,3,5,3,Loyal
2752,11,79,8634.81597146988,4,1,1,Others
2753,29,78,8556.203524112701,2,1,1,Lost
2754,2,93,10293.015566909311,5,3,3,Others
2755,13,100,11496.2965054512,3,4,4,Loyal
2756,13,104,9945.75647468567,3,5,3,Loyal
2757,26,97,10562.024576115607,2,4,3,Loyal
2758,67,92,13487.412506818771,1,3,5,At Risk
2759,0,109,12187.905946278572,5,5,5,Champions
2760,9,88,9299.80042490959,4,2,2,Others
2761,9,88,8985.677944898607,4,2,2,Others
2762,29,97,11321.191025662423,2,4,4,Loyal
2763,55,80,7455.719014549256,1,1,1,Lost
2764,35,97,10569.470548152924,2,4,3,Loyal
2765,5,94,10733.255050301554,4,3,3,Others
2766,8,105,9412.405904150011,4,5,2,Loyal
2767,18,84,8727.121957731246,3,1,1,Others
2768,22,85,6210.217517507077,3,1,1,Others
2769,24,93,8983.208998727798,2,3,2,Others
2770,27,87,9407.662467098235,2,2,2,Lost
2771,5,106,15435.26450881958,4,5,5,Champions
2772,63,95,9934.61048512459,1,3,3,Others
2773,24,90,9316.753987312319,2,2,2,Lost
2774,37,96,13105.106578159332,2,4,5,Loyal
2775,28,98,11576.603088879587,2,4,4,Loyal
2776,40,87,9996.89806292057,1,2,3,Lost
2777,7,98,9528.348969507217,4,4,2,Loyal
2778,39,99,10167.338482928277,1,4,3,Loyal
2779,23,111,10394.414052188398,2,5,3,Loyal
2780,70,88,10330.767008686067,1,2,3,Lost
2781,15,103,12005.03098137379,3,5,5,Loyal
2782,19,92,10482.182519841195,3,3,3,Others
2783,8,101,13600.97097091675,4,4,5,Champions
2784,10,104,9790.097968864442,4,5,2,Loyal
2785,56,83,8982.044546413423,1,1,2,Lost
2786,32,100,10068.856419897078,2,4,3,Loyal
2787,24,90,10221.817028236388,2,2,3,Lost
2788,3,96,9070.43150076866,5,3,2,Others
2789,17,81,9125.025506544112,3,1,2,Others
2790,30,95,9449.583471536638,2,3,2,Others
2791,8,97,11121.88699734211,4,4,4,Champions
2792,12,109,12585.574017238616,3,5,5,Loyal
2793,10,99,11290.053984212875,4,4,4,Champions
2794,11,97,9431.794383096696,3,4,2,Loyal
2795,4,96,7381.6509618759155,5,3,1,Others
2796,46,106,12697.738030004502,1,5,5,Loyal
2797,30,100,11488.822022175791,2,4,4,Loyal
2798,8,105,11127.837969255448,4,5,4,Champions
2799,34,86,10311.764474368094,2,2,3,Lost
2800,10,102,12094.418499970438,4,5,5,Champions
2801,8,101,10244.128905439376,4,4,3,Loyal
2802,16,102,10149.625485408305,3,5,3,Loyal
2803,21,95,9350.59746527672,3,3,2,Others
2804,1,109,15753.24092268944,5,5,5,Champions
2805,6,92,11562.25041809082,4,3,4,Others
2806,67,94,12036.203419256211,1,3,5,At Risk
2807,77,95,14018.20359659195,1,3,5,At Risk
2808,29,101,11388.286446332933,2,4,4,Loyal
2809,46,102,12700.707035684587,1,5,5,Loyal
2810,4,81,8886.429956674578,5,1,2,Others
2811,19,82,9649.554053831098,3,1,2,Others
2812,16,97,13258.15894203186,3,4,5,Loyal
2813,6,108,12302.575445580484,4,5,5,Champions
2814,0,92,9641.139519548417,5,3,2,Others
2815,9,98,11553.850053334238,4,4,4,Champions
2816,13,95,9253.47899864912,3,3,2,Others
2817,32,85,10511.789983224868,2,1,3,Lost
2818,20,78,9174.850969862937,3,1,2,Others
2819,23,101,11035.67398798466,2,4,4,Loyal
2820,4,110,11923.761556315421,5,5,5,Champions
2821,27,84,10040.21692175865,2,1,3,Lost
2822,50,88,8893.951975417136,1,2,2,Lost
2823,38,107,11109.869404315948,2,5,4,Loyal
2824,3,92,11414.169508147239,5,3,4,Others
2825,22,93,11350.624950981142,2,3,4,At Risk
2826,5,95,9746.352056980133,4,3,2,Others
2827,45,90,9808.01105082035,1,2,2,Lost
2828,12,94,10289.115507102011,3,3,3,Others
2829,27,87,7854.9535113096235,2,2,1,Lost
2830,20,112,11194.561564493179,3,5,4,Loyal
2831,12,92,10844.22847559452,3,3,4,Others
2832,0,111,13474.945986557006,5,5,5,Champions
2833,1,110,10327.560009741786,5,5,3,Loyal
2834,29,106,14414.872029161457,2,5,5,Loyal
2835,0,88,8884.198469495772,5,2,2,Others
2836,5,82,8661.88594353199,4,1,1,Others
2837,18,82,8500.08603591919,3,1,1,Others
2838,0,95,11202.278499913215,5,3,4,Others
2839,1,109,11169.126427030567,5,5,4,Champions
2840,4,102,11276.573506355287,5,5,4,Champions
2841,6,106,10886.383949136734,4,5,4,Champions
2842,0,104,12274.538455486298,5,5,5,Champions
2843,2,86,12307.082467293738,5,2,5,Others
2844,48,87,12068.424468827247,1,2,5,At Risk
2845,45,80,8489.36644682884,1,1,1,Lost
2846,2,97,11274.68196258545,5,4,4,Champions
2847,49,81,10058.072031259537,1,1,3,Lost
2848,22,99,10515.604632782935,2,4,3,Loyal
2849,1,105,12863.894028425215,5,5,5,Champions
2850,0,95,10516.901060950757,5,3,3,Others
2851,25,88,10063.48547539711,2,2,3,Lost
2852,17,103,10947.08851739168,3,5,4,Loyal
2853,37,115,10085.090478014947,2,5,3,Loyal
2854,13,85,7677.7745403528215,3,1,1,Others
2855,78,90,8943.563425421717,1,2,2,Lost
2856,4,103,11115.649968981745,5,5,4,Champions
2857,19,104,10045.669504117965,3,5,3,Loyal
2858,89,83,10288.353979969024,1,1,3,Lost
2859,27,78,7014.535483980179,2,1,1,Lost
2860,1,85,12227.141511821746,5,1,5,Others
2861,15,93,9516.70151491165,3,3,2,Others
2862,58,83,9766.644478201868,1,1,2,Lost
2863,9,85,8351.319030046463,4,1,1,Others
2864,31,98,8997.326478385927,2,4,2,Loyal
2865,5,105,8840.904986715317,4,5,2,Loyal
2866,4,76,9848.250540161132,5,1,3,Others
2867,15,89,9436.281002092363,3,2,2,Others
2868,5,99,11512.802006244661,4,4,4,Champions
2869,67,91,12747.415528249743,1,2,5,At Risk
2870,0,101,10016.836983728408,5,5,3,Loyal
2871,26,92,9470.172465133664,2,3,2,Others
2872,18,96,8912.547490835188,3,4,2,Loyal
2873,3,102,9005.953484201431,5,5,2,Loyal
2874,19,96,11294.212036287785,3,4,4,Loyal
2875,0,84,8757.007973003387,5,1,1,Others
2876,3,97,9391.449451637269,5,4,2,Loyal
2877,19,96,11111.60497450829,3,4,4,Loyal
2878,3,90,10129.683973407746,5,2,3,Others
2879,29,82,7679.528010106086,2,1,1,Lost
2880,1,99,11010.167016601561,5,4,4,Champions
2881,39,92,9432.643011283875,1,3,2,Others
2882,6,96,10342.137985777854,4,4,3,Loyal
2883,80,86,9742.40096628666,1,2,2,Lost
2884,19,98,10647.572919034958,3,4,3,Loyal
2885,54,89,9711.251980304718,1,2,2,Lost
2886,0,80,6894.4980009794235,5,1,1,Others
2887,4,102,12113.235541152955,5,5,5,Champions
2888,59,97,8648.511982822418,1,4,1,Loyal
2889,1,94,7858.805479574203,5,3,1,Others
2890,2,96,7678.93501110077,5,3,1,Others
2891,102,101,9917.010047864915,1,4,3,Loyal
2892,5,97,11851.91849102974,4,4,5,Champions
2893,76,84,10160.794071722032,1,1,3,Lost
2894,19,97,9820.774005460738,3,4,2,Loyal
2895,42,95,15180.69337544441,1,3,5,At Risk
2896,25,90,7942.15497136116,2,2,1,Lost
2897,27,99,10321.432508945463,2,4,3,Loyal
2898,75,93,11536.381433010105,1,3,4,At Risk
2899,24,100,12961.290513324733,2,4,5,Loyal
2900,18,103,13254.596494197845,3,5,5,Loyal
2901,3,88,9355.283044958116,5,2,2,Others
2902,49,87,11440.947009444239,1,2,4,At Risk
2903,17,81,11523.882954549788,3,1,4,Others
2904,0,88,8770.855545926093,5,2,1,Others
2905,32,85,11607.612041044236,2,1,4,At Risk
2906,23,76,11054.569419240952,2,1,4,At Risk
2907,12,93,9483.05186085701,3,3,2,Others
2908,26,88,8565.69398229122,2,2,1,Lost
2909,18,97,8276.774505901336,3,4,1,Loyal
2910,53,91,11050.58150343895,1,2,4,At Risk
2911,7,91,12123.794000935553,4,3,5,Others
2912,14,85,6896.71898458004,3,1,1,Others
2913,108,97,9976.886967658997,1,4,3,Loyal
2914,17,92,11017.851471710203,3,3,4,Others
2915,33,80,9516.932039928435,2,1,2,Lost
2916,14,87,9109.616956996919,3,2,2,Others
2917,6,74,7195.692031490804,4,1,1,Others
2918,21,101,11318.660494065285,3,4,4,Loyal
2919,56,94,13317.819923877716,1,3,5,At Risk
2920,39,93,8224.86999695301,1,3,1,Others
2921,5,98,10990.362523674967,4,4,4,Champions
2922,46,81,8267.066945171358,1,1,1,Lost
2923,12,114,15423.035971331596,3,5,5,Loyal
2924,28,89,10192.642462253572,2,2,3,Lost
2925,34,103,12771.364481484892,2,5,5,Loyal
2926,6,85,7126.819010734558,4,1,1,Others
2927,88,80,13685.835548210141,1,1,5,At Risk
2928,0,91,7577.657508277891,5,3,1,Others
2929,62,86,9552.378912115097,1,2,2,Lost
2930,6,99,13193.056548690796,4,4,5,Champions
2931,0,92,8351.018019104004,5,3,1,Others
2932,3,84,8322.352516686919,5,1,1,Others
2933,3,82,9598.508591747284,5,1,2,Others
2934,46,86,12523.866967773436,1,2,5,At Risk
2935,8,84,10560.994035243988,4,1,3,Others
2936,1,91,8678.847398233414,5,3,1,Others
2937,56,95,9411.520054674149,1,3,2,Others
2938,21,92,12116.738480424881,3,3,5,Others
2939,11,91,12578.18749666214,4,3,5,Others
2940,17,93,9377.823510122298,3,3,2,Others
2941,57,80,9154.6734739542,1,1,2,Lost
2942,24,91,8215.936898612974,2,2,1,Lost
2943,5,83,9236.831022560596,4,1,2,Others
2944,19,95,10269.669991636278,3,3,3,Others
2945,0,99,9527.55497174263,5,4,2,Loyal
2946,1,91,10514.232024645808,5,3,3,Others
2947,0,96,9627.481535935402,5,3,2,Others
2948,5,88,9488.763521003722,4,2,2,Others
2949,3,98,11913.512032520774,5,4,5,Champions
2950,145,95,8673.087049460411,1,3,1,Others
2951,46,116,12859.601988315586,1,5,5,Loyal
2952,48,98,11714.409408164023,1,4,4,Loyal
2953,36,83,12204.34054903984,2,1,5,At Risk
2954,11,98,10308.641937017439,4,4,3,Loyal
2955,12,89,9865.958022761346,3,2,3,Others
2956,24,98,10816.721993064879,2,4,4,Loyal
2957,63,78,7860.152008724212,1,1,1,Lost
2958,8,73,7243.447961997984,4,1,1,Others
2959,3,106,10540.676002717018,5,5,3,Loyal
2960,31,96,8215.562995028495,2,4,1,Loyal
2961,23,88,7461.733930778504,2,2,1,Lost
2962,67,101,11824.798573803902,1,4,5,Loyal
2963,73,90,9871.096971714496,1,2,3,Lost
2964,23,81,6149.059975123404,2,1,1,Lost
2965,2,100,12521.592438459396,5,4,5,Champions
2966,38,83,10606.524449634553,2,1,3,Lost
2967,1,98,12129.662999486924,5,4,5,Champions
2968,20,104,12950.983964920046,3,5,5,Loyal
2969,67,65,9240.779458165169,1,1,2,Lost
2970,32,94,10007.524058914187,2,3,3,Others
2971,3,101,13880.266026639936,5,4,5,Champions
2972,33,95,8911.480502939225,2,3,2,Others
2973,39,85,11401.584562849996,1,1,4,At Risk
2974,18,97,10576.277496671677,3,4,3,Loyal
2975,20,103,13560.345074427129,3,5,5,Loyal
2976,9,100,10329.67749452591,4,4,3,Loyal
2977,4,112,14353.74696842432,5,5,5,Champions
2978,8,90,9796.778435993194,4,2,2,Others
2979,28,93,11707.219510316849,2,3,4,At Risk
2980,50,108,11119.200506544115,1,5,4,Loyal
2981,12,80,10299.610462498664,3,1,3,Others
2982,39,91,12489.815428566933,1,2,5,At Risk
2983,18,92,12284.472502422335,3,3,5,Others
2984,3,105,10366.839006471633,5,5,3,Loyal
2985,10,99,10833.089014220237,4,4,4,Champions
2986,13,105,12677.360018634796,3,5,5,Loyal
2987,20,97,12193.83095359802,3,4,5,Loyal
2988,7,97,9568.310512602327,4,4,2,Loyal
2989,6,107,11504.882045602799,4,5,4,Champions
2990,47,88,9530.358518671988,1,2,2,Lost
2991,6,84,9857.620508670805,4,1,3,Others
2992,7,84,12174.109888172148,4,1,5,Others
2993,25,83,6028.215951311587,2,1,1,Lost
2994,54,91,9650.751419639588,1,2,2,Lost
2995,4,103,10518.529535102844,5,5,3,Loyal
2996,26,82,8760.751036143303,2,1,1,Lost
2997,1,83,9031.56297595501,5,1,2,Others
2998,10,78,7801.125020098687,4,1,1,Others
2999,57,96,10961.184452295305,1,4,4,Loyal
3000,10,87,8127.72847880125,4,2,1,Others
3001,1,91,10140.104557657243,5,3,3,Others
3002,9,107,11380.231949329378,4,5,4,Champions
3003,8,86,11157.140992307663,4,2,4,Others
3004,66,88,11643.525429201125,1,2,4,At Risk
3005,32,86,9224.616960048677,2,2,2,Lost
3006,18,82,9372.321502637864,3,1,2,Others
3007,9,95,12508.3729701519,4,3,5,Others
3008,47,111,9888.739948415756,1,5,3,Loyal
3009,33,94,10249.285452342034,2,3,3,Others
3010,25,116,12991.816856193542,2,5,5,Loyal
3011,51,94,9303.870059394838,1,3,2,Others
3012,40,101,7585.909934735298,1,4,1,Loyal
3013,27,85,11935.604057049748,2,1,5,At Risk
3014,16,93,10652.456048870086,3,3,3,Others
3015,24,96,12228.435991930963,2,4,5,Loyal
3016,38,112,12615.397486162186,2,5,5,Loyal
3017,4,99,11886.001959109306,4,4,5,Champions
3018,10,91,9139.999001240729,4,3,2,Others
3019,20,98,12056.419514751433,3,4,5,Loyal
3020,8,97,10516.736049985884,4,4,3,Loyal
3021,19,93,9753.812998628615,3,3,2,Others
3022,3,84,6329.337949490549,5,1,1,Others
3023,8,95,7766.670011901855,4,3,1,Others
3024,9,78,6555.398999023438,4,1,1,Others
3025,29,82,10601.435429883002,2,1,3,Lost
3026,81,101,11264.32345534563,1,4,4,Loyal
3027,5,79,10129.252976894379,4,1,3,Others
3028,0,99,11490.534898710252,5,4,4,Champions
3029,33,102,9297.035518407822,2,5,2,Loyal
3030,0,79,8522.807027053834,5,1,1,Others
3031,3,89,8901.826966238023,5,2,2,Others
3032,36,78,7583.451495933534,2,1,1,Lost
3033,10,79,7248.778084039687,4,1,1,Others
3034,8,83,9559.620497751235,4,1,2,Others
3035,0,100,12684.709468936919,5,4,5,Champions
3036,95,80,7772.051008379459,1,1,1,Lost
3037,18,107,12554.259987211226,3,5,5,Loyal
3038,2,109,11677.700926303864,5,5,4,Champions
3039,11,95,8767.065974283218,4,3,1,Others
3040,30,74,9284.052071261405,2,1,2,Lost
3041,59,83,10637.526980662346,1,1,3,Lost
3042,15,104,12176.696027708052,3,5,5,Loyal
3043,12,105,13258.213476920126,3,5,5,Loyal
3044,75,93,11183.182536697386,1,3,4,At Risk
3045,34,105,13142.910427713394,2,5,5,Loyal
3046,21,84,8471.866037583351,3,1,1,Others
3047,23,103,9888.543986463546,2,5,3,Loyal
3048,60,100,9613.147010350229,1,4,2,Loyal
3049,19,89,10900.003416132926,3,2,4,Others
3050,22,85,8004.419500160219,3,1,1,Others
3051,26,106,12527.045982718468,2,5,5,Loyal
3052,11,102,11086.093415629864,4,5,4,Champions
3053,43,100,12018.674985671045,1,4,5,Loyal
3054,0,88,8432.34247767925,5,2,1,Others
3055,66,85,8818.326955080032,1,1,1,Lost
3056,10,100,11339.198017358778,4,4,4,Champions
3057,19,97,11835.692499923709,3,4,5,Loyal
3058,6,87,9625.424983143806,4,2,2,Others
3059,52,80,9328.565543222428,1,1,2,Lost
3060,27,103,8885.464517641069,2,5,2,Loyal
3061,93,90,9776.66448326111,1,2,2,Lost
3062,29,90,9035.167966818808,2,2,2,Lost
3063,39,79,7724.981505918503,1,1,1,Lost
3064,19,89,9850.214980602268,3,2,3,Others
3065,54,91,10198.366025137902,1,2,3,Lost
3066,26,105,11385.731990408898,2,5,4,Loyal
3067,5,77,8994.065510284901,4,1,2,Others
3068,5,85,10055.463525199888,4,1,3,Others
3069,33,100,7723.776962161065,2,4,1,Loyal
3070,6,85,10558.45550789833,4,1,3,Others
3071,37,103,12435.649489641191,2,5,5,Loyal
3072,11,79,7700.103935146332,4,1,1,Others
3073,3,104,12363.970615434646,5,5,5,Champions
3074,17,87,8015.778449344634,3,2,1,Others
3075,20,92,7771.436516547202,3,3,1,Others
3076,2,87,9408.757019448281,5,2,2,Others
3077,36,101,12889.792001926899,2,4,5,Loyal
3078,13,100,10381.083987188338,3,4,3,Loyal
3079,17,84,10245.432557940481,3,1,3,Others
3080,30,94,10948.063473463058,2,3,4,At Risk
3081,22,100,11459.40643609762,3,4,4,Loyal
3082,46,86,9922.084465360644,1,2,3,Lost
3083,18,109,12734.504487061502,3,5,5,Loyal
3084,5,124,14333.221420478823,4,5,5,Champions
3085,9,87,10124.17295087576,4,2,3,Others
3086,23,94,11881.549379301072,2,3,5,At Risk
3087,0,100,10415.741008663177,5,4,3,Loyal
3088,8,80,7145.249937772751,4,1,1,Others
3089,8,100,11145.7664339304,4,4,4,Champions
3090,0,89,11814.895528531075,5,2,4,Others
3091,0,97,11684.981381893158,5,4,4,Champions
3092,23,87,9976.39711172581,2,2,3,Lost
3093,23,87,9977.765516400335,2,2,3,Lost
3094,0,86,8105.892471432685,5,1,1,Others
3095,61,95,10238.824496507643,1,3,3,Others
3096,63,87,7659.244420063496,1,2,1,Lost
3097,10,83,8700.422547745704,4,1,1,Others
3098,0,93,9181.432465362548,5,3,2,Others
3099,7,101,10877.256066083906,4,4,4,Champions
3100,63,115,12732.258079361914,1,5,5,Loyal
3101,28,79,8281.187535643578,2,1,1,Lost
3102,24,88,11073.178513479234,2,2,4,At Risk
3103,16,95,7524.2409472465515,3,3,1,Others
3104,0,84,10626.30996813774,5,1,3,Others
3105,18,95,9929.594452190398,3,3,3,Others
3106,6,102,9035.330531740188,4,5,2,Loyal
3107,0,107,11426.908983612062,5,5,4,Champions
3108,8,91,9681.493450117112,4,3,2,Others
3109,11,89,9121.11496925354,3,2,2,Others
3110,2,105,11454.898451614383,5,5,4,Champions
3111,69,87,7977.996944904328,1,2,1,Lost
3112,4,87,10636.586015415192,5,2,3,Others
3113,61,94,10361.258483505251,1,3,3,Others
3114,27,95,11429.375565862658,2,3,4,At Risk
3115,9,84,8924.518987607957,4,1,2,Others
3116,18,89,9775.139012718204,3,2,2,Others
3117,0,99,10285.43596417904,5,4,3,Loyal
3118,15,107,11380.943454277514,3,5,4,Loyal
3119,49,102,11154.920404195786,1,5,4,Loyal
3120,47,96,10120.536962890625,1,4,3,Loyal
3121,55,83,8518.781997156144,1,1,1,Lost
3122,16,75,6173.3040324687945,3,1,1,Others
3123,29,99,10545.863422501086,2,4,3,Loyal
3124,27,102,10928.480913138394,2,5,4,Loyal
3125,100,103,10394.77945432663,1,5,3,Loyal
3126,0,81,6525.136005830764,5,1,1,Others
3127,11,105,11909.654006552697,4,5,5,Champions
3128,1,94,10322.86089435816,5,3,3,Others
3129,1,97,10272.399950647354,5,4,3,Loyal
3130,1,91,10264.109412169459,5,3,3,Others
3131,28,73,7754.359516739846,2,1,1,Lost
3132,24,89,9907.954005646705,2,2,3,Lost
3133,98,86,9084.11450150013,1,2,2,Lost
3134,2,99,11343.465489006041,5,4,4,Champions
3135,27,119,10800.26498041153,2,5,4,Loyal
3136,24,82,9376.65997760296,2,1,2,Lost
3137,32,87,9789.657964086533,2,2,2,Lost
3138,26,90,10326.702525413037,2,2,3,Lost
3139,40,99,11576.767021322252,1,4,4,Loyal
3140,15,103,11050.789486122132,3,5,4,Loyal
3141,8,94,10182.035448217392,4,3,3,Others
3142,27,90,9189.38742916584,2,2,2,Lost
3143,8,86,8021.006478238105,4,2,1,Others
3144,23,90,12319.513991785048,2,2,5,At Risk
3145,52,105,12133.717525482178,1,5,5,Loyal
3146,10,99,10593.96000356674,4,4,3,Loyal
3147,24,105,10262.596476721767,2,5,3,Loyal
3148,9,94,11697.868980455398,4,3,4,Others
3149,53,85,8930.756979060172,1,1,2,Lost
3150,31,78,9665.517534184455,2,1,2,Lost
3151,19,119,14081.820009016992,3,5,5,Loyal
3152,14,91,9434.255069875719,3,3,2,Others
3153,6,95,10452.358489775657,4,3,3,Others
3154,47,80,9428.586892604826,1,1,2,Lost
3155,3,96,11383.898008823397,5,3,4,Others
3156,4,95,12630.092412614822,5,3,5,Others
3157,5,84,6714.794486474992,4,1,1,Others
3158,10,92,8311.43549940586,4,3,1,Others
3159,42,95,8353.844011354446,1,3,1,Others
3160,35,88,10085.288000154493,2,2,3,Lost
3161,60,92,9873.36502842903,1,3,3,Others
3162,12,90,11610.177987504005,3,2,4,Others
3163,48,100,11634.180013275145,1,4,4,Loyal
3164,18,100,12794.689415168763,3,4,5,Loyal
3165,19,97,12353.69897093773,3,4,5,Loyal
3166,20,95,8914.53150393963,3,3,2,Others
3167,3,88,9233.629013347629,5,2,2,Others
3168,20,87,9826.857977199556,3,2,2,Others
3169,18,117,13332.451449227334,3,5,5,Loyal
3170,1,90,12582.042538642885,5,2,5,Others
3171,32,82,10837.85097887516,2,1,4,At Risk
3172,35,107,14426.309975910186,2,5,5,Loyal
3173,16,91,8158.307005476953,3,3,1,Others
3174,29,83,7323.218514847755,2,1,1,Lost
3175,29,97,11708.698978257184,2,4,4,Loyal
3176,21,76,10601.537979173661,3,1,3,Others
3177,17,98,9227.885485219957,3,4,2,Loyal
3178,20,85,7752.709059429168,3,1,1,Others
3179,3,96,10965.006006193162,5,3,4,Others
3180,19,89,9671.322403383256,3,2,2,Others
3181,106,99,11305.528073716165,1,4,4,Loyal
3182,26,96,10640.972472929952,2,4,3,Loyal
3183,3,97,11099.272504711154,5,4,4,Champions
3184,3,96,13765.277997732162,5,3,5,Others
3185,10,93,7987.351061868667,4,3,1,Others
3186,26,91,10492.936049842838,2,2,3,Lost
3187,6,109,12771.378475165366,4,5,5,Champions
3188,23,79,6362.359468770027,2,1,1,Lost
3189,49,87,12566.284549951555,1,2,5,At Risk
3190,26,89,8416.740481853483,2,2,1,Lost
3191,1,88,8364.877438449861,5,2,1,Others
3192,4,96,8050.608973193171,5,3,1,Others
3193,3,97,9983.383520269392,5,4,3,Loyal
3194,8,115,13014.46552035809,4,5,5,Champions
3195,2,110,10917.756431412698,5,5,4,Champions
3196,6,92,9425.401508331299,4,3,2,Others
3197,5,103,11803.498548102381,4,5,4,Champions
3198,11,86,10157.019475364687,3,2,3,Others
3199,13,91,10744.693920063975,3,3,3,Others
3200,20,93,11674.159092473985,3,3,4,Others
3201,58,85,8111.144498395919,1,1,1,Lost
3202,31,97,11327.690034866335,2,4,4,Loyal
3203,14,93,7688.094958257674,3,3,1,Others
3204,33,100,8033.221561813353,2,4,1,Loyal
3205,78,72,9939.992996120453,1,1,3,Lost
3206,9,79,12071.260093927382,4,1,5,Others
3207,6,90,9463.3840446949,4,2,2,Others
3208,61,112,14570.626055622099,1,5,5,Loyal
3209,22,89,13072.14254477024,3,2,5,Others
3210,14,96,11558.453422546389,3,3,4,Others
3211,3,101,12372.228963947298,5,4,5,Champions
3212,1,84,9165.414480352401,5,1,2,Others
3213,3,89,8857.829522538184,5,2,2,Others
3214,24,98,10403.845912742614,2,4,3,Loyal
3215,88,99,11232.07049076557,1,4,4,Loyal
3216,4,86,11914.703974342345,5,2,5,Others
3217,54,97,10407.798478806018,1,4,3,Loyal
3218,0,92,8577.160532712936,5,3,1,Others
3219,0,96,10044.800982666018,5,3,3,Others
3220,6,89,9439.548999118806,4,2,2,Others
3221,4,95,11855.954975748064,5,3,5,Others
3222,5,88,9139.357954645156,4,2,2,Others
3223,4,92,9588.592028880119,4,3,2,Others
3224,42,103,10535.95255367756,1,5,3,Loyal
3225,27,101,12186.28299846649,2,4,5,Loyal
3226,3,93,10813.743513429166,5,3,4,Others
3227,10,102,9482.78498466015,4,5,2,Loyal
3228,0,94,12229.457922172549,5,3,5,Others
3229,13,104,10010.857027626038,3,5,3,Loyal
3230,6,93,9077.000959777832,4,3,2,Others
3231,9,76,7581.103014194965,4,1,1,Others
3232,0,76,8473.69990594387,5,1,1,Others
3233,10,87,9481.280498719216,4,2,2,Others
3234,41,99,12092.124996352195,1,4,5,Loyal
3235,0,96,12073.449527215958,5,3,5,Others
3236,29,93,9028.917026519774,2,3,2,Others
3237,3,93,10631.280483555793,5,3,3,Others
3238,9,107,10837.527903246879,4,5,4,Champions
3239,8,100,10345.734526038168,4,4,3,Loyal
3240,21,93,10430.414038634297,3,3,3,Others
3241,2,93,9657.371523094176,5,3,2,Others
3242,16,83,7544.147506403922,3,1,1,Others
3243,62,95,9368.855539739134,1,3,2,Others
3244,35,94,10978.741040802002,2,3,4,At Risk
3245,5,101,10801.611498546601,4,4,4,Champions
3246,11,84,11652.470419216155,4,1,4,Others
3247,12,103,11253.920890951158,3,5,4,Loyal
3248,48,98,9650.876512646673,1,4,2,Loyal
3249,34,82,10584.001995801926,2,1,3,Lost
3250,44,93,10156.918516683576,1,3,3,Others
3251,11,95,9434.508435952665,4,3,2,Others
3252,2,98,12653.229994297028,5,4,5,Champions
3253,21,108,12766.550047898292,3,5,5,Loyal
3254,24,102,10085.566517925263,2,5,3,Loyal
3255,23,91,10381.136938524245,2,2,3,Lost
3256,0,81,7807.381464147567,5,1,1,Others
3257,20,103,11815.260486638546,3,5,4,Loyal
3258,12,94,10583.754026603698,3,3,3,Others
3259,13,79,8636.832488965989,3,1,1,Others
3260,32,104,9078.824959325791,2,5,2,Loyal
3261,5,97,10857.009910297396,4,4,4,Champions
3262,92,92,9215.63643013239,1,3,2,Others
3263,83,95,12406.189046049121,1,3,5,At Risk
3264,17,108,10691.229522967338,3,5,3,Loyal
3265,9,108,12108.295070123673,4,5,5,Champions
3266,3,109,11185.316475749016,5,5,4,Champions
3267,4,86,10004.185985279084,5,2,3,Others
3268,108,90,9270.960534143447,1,2,2,Lost
3269,65,81,8009.9869906425465,1,1,1,Lost
3270,36,87,9466.034957909584,2,2,2,Lost
3271,5,96,10365.766510391235,4,3,3,Others
3272,21,117,14539.50602231026,3,5,5,Loyal
3273,0,102,10967.01297688484,5,5,4,Champions
3274,37,75,9097.785045242308,2,1,2,Lost
3275,0,102,11997.323014974594,5,5,5,Champions
3276,26,97,8796.823492193222,2,4,1,Loyal
3277,4,102,10772.838963317869,4,5,4,Champions
3278,27,102,10636.798491489884,2,5,3,Loyal
3279,9,78,9775.97492928505,4,1,2,Others
3280,43,96,10102.279012179377,1,4,3,Loyal
3281,15,88,7864.555511164665,3,2,1,Others
3282,8,97,9525.347458028795,4,4,2,Loyal
3283,1,96,11367.902629041671,5,3,4,Others
3284,9,80,9571.35045593977,4,1,2,Others
3285,27,115,15228.806033277513,2,5,5,Loyal
3286,10,86,5655.806014227866,4,2,1,Others
3287,34,95,10934.93348379135,2,3,4,At Risk
3288,24,100,13391.083376049994,2,4,5,Loyal
3289,31,110,11114.480540299415,2,5,4,Loyal
3290,3,95,9675.471951973439,5,3,2,Others
3291,47,101,8883.294931268692,1,4,2,Loyal
3292,31,84,11330.502932667732,2,1,4,At Risk
3293,8,110,12915.405021429064,4,5,5,Champions
3294,5,109,13317.100481152534,4,5,5,Champions
3295,43,96,11122.191982913018,1,4,4,Loyal
3296,3,100,11684.474490880964,5,4,4,Champions
3297,0,93,10593.807525205611,5,3,3,Others
3298,1,81,10259.640988874433,5,1,3,Others
3299,31,94,10609.221475839613,2,3,3,Others
3300,2,87,10600.839034652712,5,2,3,Others
3301,6,103,10542.31748688221,4,5,3,Loyal
3302,1,76,8965.78097052574,5,1,2,Others
3303,3,89,11438.583534431455,5,2,4,Others
3304,62,89,9829.350438308715,1,2,3,Lost
3305,17,91,10788.33746197224,3,3,4,Others
3306,5,99,12454.335968923568,4,4,5,Champions
3307,66,92,9515.061946344378,1,3,2,Others
3308,19,94,8861.055983161927,3,3,2,Others
3309,17,90,8564.855565071106,3,2,1,Others
3310,9,109,12693.310561084747,4,5,5,Champions
3311,48,80,9073.269435071945,1,1,2,Lost
3312,14,91,8210.102419042589,3,3,1,Others
3313,27,84,10294.416948652268,2,1,3,Lost
3314,13,95,10502.512470149994,3,3,3,Others
3315,0,86,8647.92397494316,5,2,1,Others
3316,27,90,9643.049992156028,2,2,2,Lost
3317,61,89,14646.109005331995,1,2,5,At Risk
3318,14,95,11006.024969697002,3,3,4,Others
3319,10,107,10858.294979858398,4,5,4,Champions
3320,35,78,8533.968991351128,2,1,1,Lost
3321,23,99,11326.21791226864,2,4,4,Loyal
3322,62,86,10556.177008652687,1,2,3,Lost
3323,16,91,10655.702414941787,3,3,3,Others
3324,0,104,11351.707518815994,5,5,4,Champions
3325,14,92,10212.874918437006,3,3,3,Others
3326,19,99,10589.828476142884,3,4,3,Loyal
3327,29,94,11252.234960889815,2,3,4,At Risk
3328,4,91,8228.633954000474,5,3,1,Others
3329,33,96,9231.847999620437,2,4,2,Loyal
3330,10,89,11146.230412673951,4,2,4,Others
3331,9,91,13391.097872257233,4,3,5,Others
3332,8,98,8111.8809840440745,4,4,1,Loyal
3333,3,80,9144.277063417436,5,1,2,Others
3334,9,99,9408.966952300072,4,4,2,Loyal
3335,53,96,10162.982997059822,1,4,3,Loyal
3336,4,103,12846.144054937362,5,5,5,Champions
3337,32,119,13289.548009419439,2,5,5,Loyal
3338,3,78,9164.621459007263,5,1,2,Others
3339,49,104,9856.143932962417,1,5,3,Loyal
3340,14,111,11460.475046157837,3,5,4,Loyal
3341,8,93,11865.03402621746,4,3,5,Others
3342,6,100,11627.08938896656,4,4,4,Champions
3343,5,110,11248.622983264922,4,5,4,Champions
3344,15,91,10039.517498254776,3,3,3,Others
3345,13,83,8131.418419885635,3,1,1,Others
3346,26,88,11480.218572473526,2,2,4,At Risk
3347,24,108,10104.31801381111,2,5,3,Loyal
3348,6,80,10848.11953163147,4,1,4,Others
3349,3,74,8407.20903029442,5,1,1,Others
3350,5,85,8440.97350065708,4,1,1,Others
3351,74,84,9989.104442977905,1,1,3,Lost
3352,6,74,8775.479483652116,4,1,1,Others
3353,72,100,11469.84449906349,1,4,4,Loyal
3354,10,95,9656.668525743487,4,3,2,Others
3355,8,109,11687.74800515175,4,5,4,Champions
3356,21,97,8202.187990641592,3,4,1,Loyal
3357,2,98,9378.243980765343,5,4,2,Loyal
3358,33,93,8221.542061734199,2,3,1,Others
3359,6,92,10091.680481052399,4,3,3,Others
3360,30,88,9139.186966466905,2,2,2,Lost
3361,40,97,10913.53396761417,1,4,4,Loyal
3362,18,110,13471.056508922575,3,5,5,Loyal
3363,3,112,12075.590940213204,5,5,5,Champions
3364,15,114,12529.73754093647,3,5,5,Loyal
3365,4,96,11197.460938644408,5,3,4,Others
3366,81,88,9622.613555526736,1,2,2,Lost
3367,2,81,8822.282837152477,5,1,1,Others
3368,75,88,7964.181005930901,1,2,1,Lost
3369,15,99,9415.790996408463,3,4,2,Loyal
3370,75,88,10639.765465641021,1,2,3,Lost
3371,3,89,11387.407453751568,5,2,4,Others
3372,20,75,9602.013062000275,3,1,2,Others
3373,5,95,9982.693510818483,4,3,3,Others
3374,5,106,9919.130022239684,4,5,3,Loyal
3375,3,84,8654.484501624107,5,1,1,Others
3376,42,110,10993.596991539003,1,5,4,Loyal
3377,102,94,10939.777957367896,1,3,4,At Risk
3378,3,97,15956.765993809699,5,4,5,Champions
3379,21,92,7492.254490327835,3,3,1,Others
3380,52,87,9062.61544954777,1,2,2,Lost
3381,33,113,12965.732446599006,2,5,5,Loyal
3382,4,90,8665.706484115124,5,2,1,Others
3383,54,90,11137.82848010063,1,2,4,At Risk
3384,1,105,10628.361510658266,5,5,3,Loyal
3385,36,121,13687.140981030463,2,5,5,Loyal
3386,14,98,10501.30097055435,3,4,3,Loyal
3387,34,110,12658.74356803894,2,5,5,Loyal
3388,33,93,10148.468982803823,2,3,3,Others
3389,2,107,8406.766002488137,5,5,1,Loyal
3390,11,90,11485.555561208726,4,2,4,Others
3391,12,106,11547.511978006363,3,5,4,Loyal
3392,2,102,11704.26642808914,5,5,4,Champions
3393,77,111,12909.384525191783,1,5,5,Loyal
3394,2,80,9468.58048634529,5,1,2,Others
3395,15,84,11664.549614667892,3,1,4,Others
3396,51,95,11711.94392313957,1,3,4,At Risk
3397,9,91,10168.590026414395,4,3,3,Others
3398,3,80,10526.817454576494,5,1,3,Others
3399,20,93,7466.634012436868,3,3,1,Others
3400,0,106,11102.595521211622,5,5,4,Champions
3401,3,93,10076.736927747725,5,3,3,Others
3402,27,101,13041.721984028814,2,4,5,Loyal
3403,22,98,14240.968511962892,2,4,5,Loyal
3404,1,92,8480.16951289177,5,3,1,Others
3405,4,86,10212.123986935612,5,2,3,Others
3406,23,72,7522.530531311035,2,1,1,Lost
3407,58,96,13412.310975003242,1,4,5,Loyal
3408,13,88,10118.699516582494,3,2,3,Others
3409,33,92,8169.851525640488,2,3,1,Others
3410,62,93,10345.085460329055,1,3,3,Others
3411,17,104,11654.465475177767,3,5,4,Loyal
3412,11,95,12455.888475561136,4,3,5,Others
3413,7,100,12398.99944987297,4,4,5,Champions
3414,43,76,9642.360028672221,1,1,2,Lost
3415,6,105,14510.70951485634,4,5,5,Champions
3416,26,90,12312.373466944695,2,2,5,At Risk
3417,20,88,9237.632971024512,3,2,2,Others
3418,15,87,8891.026983571053,3,2,2,Others
3419,41,91,12588.164009547234,1,2,5,At Risk
3420,18,96,11311.46996935606,3,4,4,Loyal
3421,7,109,11367.933025705815,4,5,4,Champions
3422,10,101,8746.460489320754,4,4,1,Loyal
3423,2,95,9874.188531231881,5,3,3,Others
3424,8,116,15736.274016070369,4,5,5,Champions
3425,90,99,9409.737924027444,1,4,2,Loyal
3426,32,95,12932.821460437772,2,3,5,At Risk
3427,39,85,8004.109474372864,1,1,1,Lost
3428,89,96,9438.60055670738,1,4,2,Loyal
3429,3,94,9995.991029334067,5,3,3,Others
3430,7,92,13738.267526960375,4,3,5,Others
3431,19,72,8359.475040197372,3,1,1,Others
3432,32,105,11530.472949624062,2,5,4,Loyal
3433,2,82,10337.853018140791,5,1,3,Others
3434,1,82,9779.041508460044,5,1,2,Others
3435,15,102,13718.762504339218,3,5,5,Loyal
3436,9,108,11656.527007102968,4,5,4,Champions
3437,10,88,7226.997988319396,4,2,1,Others
3438,3,93,7269.235536885262,5,3,1,Others
3439,5,106,12949.1648958683,4,5,5,Champions
3440,11,101,10241.64045996666,4,4,3,Loyal
3441,6,96,10857.95494149923,4,4,4,Champions
3442,14,94,11554.433513307571,3,3,4,Others
3443,90,90,10372.705487918854,1,2,3,Lost
3444,14,84,8608.539472246168,3,1,1,Others
3445,43,93,11512.708438706397,1,3,4,At Risk
3446,5,100,12540.480994057658,4,4,5,Champions
3447,27,92,10506.583992457388,2,3,3,Others
3448,37,101,13907.781053876875,2,4,5,Loyal
3449,3,94,8715.84901881218,5,3,1,Others
3450,2,91,8135.014527845383,5,3,1,Others
3451,52,107,11791.857474708557,1,5,4,Loyal
3452,21,97,11019.139460945129,3,4,4,Loyal
3453,89,97,11669.39248379469,1,4,4,Loyal
3454,2,77,7929.749985575676,5,1,1,Others
3455,23,103,7995.78298163414,2,5,1,Loyal
3456,2,102,11107.433454418182,5,5,4,Champions
3457,18,82,8823.293029809,3,1,1,Others
3458,52,106,12769.28947212696,1,5,5,Loyal
3459,63,102,8708.669969940183,1,5,1,Loyal
3460,25,97,9975.335960125925,2,4,3,Loyal
3461,0,96,11570.263036823273,5,3,4,Others
3462,53,95,11203.25898449421,1,3,4,At Risk
3463,0,94,10239.283443856239,5,3,3,Others
3464,23,94,12344.848009777072,2,3,5,At Risk
3465,25,91,11582.51549935341,2,2,4,At Risk
3466,7,99,9256.25098712444,4,4,2,Loyal
3467,1,106,12357.026026344298,5,5,5,Champions
3468,75,80,9185.317479014397,1,1,2,Lost
3469,19,114,15002.586497879025,3,5,5,Loyal
3470,61,102,15203.778569817543,1,5,5,Loyal
3471,6,87,10885.396934509277,4,2,4,Others
3472,0,74,5693.693508148192,5,1,1,Others
3473,66,103,12188.717466616632,1,5,5,Loyal
3474,12,84,9670.318986439706,3,1,2,Others
3475,11,78,7314.853565144539,4,1,1,Others
3476,27,100,13115.484585142132,2,4,5,Loyal
3477,1,80,10477.845482110977,5,1,3,Others
3478,10,101,11111.288505291937,4,4,4,Champions
3479,26,95,9590.974998497963,2,3,2,Others
3480,24,84,11353.747009706498,2,1,4,At Risk
3481,38,78,9469.421995496748,2,1,2,Lost
3482,21,97,9465.12049231529,3,4,2,Loyal
3483,20,88,12072.667917108534,3,2,5,Others
3484,62,84,7496.451503443718,1,1,1,Lost
3485,3,92,12455.72410480976,5,3,5,Others
3486,0,79,6873.13246626854,5,1,1,Others
3487,23,114,11722.524446499348,2,5,4,Loyal
3488,0,93,11569.33150525093,5,3,4,Others
3489,9,98,12643.290067362785,4,4,5,Champions
3490,13,94,7347.717469859123,3,3,1,Others
3491,5,98,11614.317557907105,4,4,4,Champions
3492,44,100,11812.778018808365,1,4,4,Loyal
3493,2,113,11929.727474761008,5,5,5,Champions
3494,32,96,10612.816426122186,2,4,3,Loyal
3495,30,95,13101.779001259805,2,3,5,At Risk
3496,74,81,9995.199504184722,1,1,3,Lost
3497,2,100,8407.529497599602,5,4,1,Loyal
3498,14,102,11687.025425267218,3,5,4,Loyal
3499,41,95,10518.779939556123,1,3,3,Others
3500,47,99,9794.129507970809,1,4,2,Loyal
3501,34,98,10643.332989740371,2,4,3,Loyal
3502,33,95,10202.350442790987,2,3,3,Others
3503,20,91,8579.50850596428,3,2,1,Others
3504,0,67,8121.976436018944,5,1,1,Others
3505,13,95,10644.03450217247,3,3,3,Others
3506,8,99,13614.019443321225,4,4,5,Champions
3507,14,91,6087.861981320381,3,3,1,Others
3508,57,103,10938.376011943814,1,5,4,Loyal
3509,23,89,9253.796015143394,2,2,2,Lost
3510,10,83,9572.15751309395,4,1,2,Others
3511,33,86,8637.265988278388,2,2,1,Lost
3512,1,103,11416.080014300349,5,5,4,Champions
3513,67,93,12581.565966248512,1,3,5,At Risk
3514,12,96,11453.12745535374,3,3,4,Others
3515,0,91,12653.170499968528,5,3,5,Others
3516,27,92,8063.041447138787,2,3,1,Others
3517,36,87,10292.54799764156,2,2,3,Lost
3518,103,84,8244.542993450166,1,1,1,Lost
3519,27,95,7762.13646876812,2,3,1,Others
3520,0,92,12331.305992627143,5,3,5,Others
3521,28,96,8511.251482653619,2,4,1,Loyal
3522,40,94,9847.468999028206,1,3,3,Others
3523,10,71,6883.843493962288,4,1,1,Others
3524,2,110,12968.759975743296,5,5,5,Champions
3525,22,86,8672.817017030717,3,2,1,Others
3526,73,96,8134.237472200393,1,4,1,Loyal
3527,66,91,11159.289887619017,1,2,4,At Risk
3528,0,77,8867.449517488481,5,1,2,Others
3529,10,102,10565.394929432869,4,5,3,Loyal
3530,15,97,9625.658980441092,3,4,2,Loyal
3531,0,101,10511.745453405378,5,5,3,Loyal
3532,30,103,9047.234956037999,2,5,2,Loyal
3533,22,97,9371.741474509237,3,4,2,Loyal
3534,20,89,8497.457986569403,3,2,1,Others
3535,12,118,13459.42247222662,3,5,5,Loyal
3536,20,109,14574.340516591068,3,5,5,Loyal
3537,12,90,9981.06641981602,3,2,3,Others
3538,1,87,8552.01804499626,5,2,1,Others
3539,82,83,9335.64445421696,1,1,2,Lost
3540,21,82,8656.08340353966,3,1,1,Others
3541,10,100,12780.46248030662,4,4,5,Champions
3542,21,88,8629.152482914924,3,2,1,Others
3543,87,85,9066.186968612668,1,1,2,Lost
3544,26,120,14450.014944076534,2,5,5,Loyal
3545,56,90,10447.120523166657,1,2,3,Lost
3546,116,86,11822.949129199982,1,2,5,At Risk
3547,70,98,10311.384067273138,1,4,3,Loyal
3548,13,103,10285.416922187807,3,5,3,Loyal
3549,13,110,9567.968461608887,3,5,2,Loyal
3550,16,93,10892.727882146834,3,3,4,Others
3551,0,97,10861.679979372024,5,4,4,Champions
3552,6,84,8995.739502620696,4,1,2,Others
3553,6,83,11044.104575181007,4,1,4,Others
3554,64,89,13079.117547559741,1,2,5,At Risk
3555,23,94,12260.102934837341,2,3,5,At Risk
3556,0,95,8766.180985307692,5,3,1,Others
3557,20,106,11613.719043934347,3,5,4,Loyal
3558,23,97,7833.135038268567,2,4,1,Loyal
3559,37,98,8804.954994463922,2,4,1,Loyal
3560,6,112,13586.609977674483,4,5,5,Champions
3561,4,88,8662.388996315003,5,2,1,Others
3562,8,81,7615.342557001114,4,1,1,Others
3563,13,93,12294.418056440354,3,3,5,Others
3564,71,105,13733.16893877983,1,5,5,Loyal
3565,20,95,11005.976540708542,3,3,4,Others
3566,3,104,12818.68242583275,5,5,5,Champions
3567,26,100,10029.522539496422,2,4,3,Loyal
3568,12,101,12713.907492303848,3,4,5,Loyal
3569,11,95,10773.566536736489,4,3,4,Others
3570,2,100,8854.202422046663,5,4,2,Loyal
3571,62,84,8698.393513631821,1,1,1,Lost
3572,1,96,11159.44797832966,5,3,4,Others
3573,37,90,8631.17895643711,2,2,1,Lost
3574,19,107,9349.130937922002,3,5,2,Loyal
3575,4,85,10227.332531642913,4,1,3,Others
3576,11,94,8938.849468207358,4,3,2,Others
3577,53,95,10437.612044262887,1,3,3,Others
3578,6,89,11081.437522459028,4,2,4,Others
3579,15,114,12934.281525039674,3,5,5,Loyal
3580,4,95,8673.037971162794,5,3,1,Others
3581,17,83,9645.386534404755,3,1,2,Others
3582,42,92,10033.50801644325,1,3,3,Others
3583,5,111,11166.600988221167,4,5,4,Champions
3584,61,95,9810.46597790718,1,3,2,Others
3585,23,104,12473.85254985094,2,5,5,Loyal
3586,14,96,10509.550939142704,3,4,3,Loyal
3587,26,101,12129.612890243532,2,4,5,Loyal
3588,6,111,10977.446995043754,4,5,4,Champions
3589,25,89,9219.514091801642,2,2,2,Lost
3590,0,82,8505.861010360717,5,1,1,Others
3591,21,109,14472.59495792389,3,5,5,Loyal
3592,51,98,10657.3984662056,1,4,3,Loyal
3593,33,80,11467.414433789252,2,1,4,At Risk
3594,9,119,12637.138029932974,4,5,5,Champions
3595,46,97,10836.824976396563,1,4,4,Loyal
3596,12,76,7214.446468758583,3,1,1,Others
3597,55,119,10283.144017374516,1,5,3,Loyal
3598,24,98,11258.60789680481,2,4,4,Loyal
3599,0,81,10097.925980877873,5,1,3,Others
3600,13,84,6599.7484352111815,3,1,1,Others
3601,26,88,9590.393517518043,2,2,2,Lost
3602,41,96,12424.920079278947,1,4,5,Loyal
3603,42,96,12101.230022478105,1,4,5,Loyal
3604,5,105,10703.113914752006,4,5,3,Loyal
3605,14,98,10002.853484535217,3,4,3,Loyal
3606,16,78,8054.416025209426,3,1,1,Others
3607,55,95,9781.462541341782,1,3,2,Others
3608,29,95,8598.310503196717,2,3,1,Others
3609,84,80,8428.14104268551,1,1,1,Lost
3610,3,85,9190.141482996942,5,1,2,Others
3611,16,88,11691.046532297134,3,2,4,Others
3612,9,86,9197.403468966486,4,2,2,Others
3613,84,96,7953.904011273385,1,4,1,Loyal
3614,19,110,13470.555035972593,3,5,5,Loyal
3615,21,77,7265.531003332137,3,1,1,Others
3616,30,106,11063.156918120385,2,5,4,Loyal
3617,54,101,11498.915475678445,1,4,4,Loyal
3618,7,87,10490.47687189579,4,2,3,Others
3619,30,92,8520.337972545622,2,3,1,Others
3620,16,100,9796.49245388508,3,4,2,Loyal
3621,3,90,8617.752966094016,5,2,1,Others
3622,10,94,8760.998003125189,4,3,1,Others
3623,11,101,11387.177445578574,4,4,4,Champions
3624,16,101,10867.799954748152,3,4,4,Loyal
3625,8,86,9639.488962888718,4,2,2,Others
3626,28,105,9738.612944269178,2,5,2,Loyal
3627,2,101,10162.20951318741,5,4,3,Loyal
3628,3,94,10311.939014577865,5,3,3,Others
3629,2,98,8659.138485002517,5,4,1,Loyal
3630,11,87,9962.812903714179,4,2,3,Others
3631,4,89,10761.85398981571,5,2,4,Others
3632,26,84,9651.051977276804,2,1,2,Lost
3633,8,98,10995.586944592002,4,4,4,Champions
3634,1,87,9414.984026885033,5,2,2,Others
3635,0,83,8412.68052930832,5,1,1,Others
3636,25,116,13257.048057603837,2,5,5,Loyal
3637,9,93,9989.783938837052,4,3,3,Others
3638,6,89,8680.527963495257,4,2,1,Others
3639,31,88,8338.215500187875,2,2,1,Lost
3640,20,111,12684.175491976739,3,5,5,Loyal
3641,1,91,9935.001895785332,5,3,3,Others
3642,23,93,11249.956465673447,2,3,4,At Risk
3643,32,96,8988.874982547759,2,4,2,Loyal
3644,34,103,11553.335996842385,2,5,4,Loyal
3645,6,98,11246.125942492485,4,4,4,Champions
3646,0,86,8458.6669939518,5,2,1,Others
3647,9,92,10571.894961881635,4,3,3,Others
3648,25,99,9648.288523197174,2,4,2,Loyal
3649,10,87,8453.771491897109,4,2,1,Others
3650,20,98,12159.005411434173,3,4,5,Loyal
3651,3,86,7135.73844230175,5,2,1,Others
3652,9,92,9417.50347547531,4,3,2,Others
3653,20,81,7586.086981439592,3,1,1,Others
3654,1,86,9602.746473622321,5,2,2,Others
3655,34,98,11865.006983041763,2,4,5,Loyal
3656,70,87,12308.384974217417,1,2,5,At Risk
3657,61,94,9287.632017421724,1,3,2,Others
3658,4,83,10104.94499592781,4,1,3,Others
3659,93,89,8771.002059435845,1,2,1,Lost
3660,0,82,9387.651985025406,5,1,2,Others
3661,15,99,9568.863919734955,3,4,2,Loyal
3662,20,96,11487.188904237748,3,4,4,Loyal
3663,4,88,7917.4559217929855,5,2,1,Others
3664,0,87,11111.925920963287,5,2,4,Others
3665,6,89,10486.814929986,4,2,3,Others
3666,17,95,11046.056020259854,3,3,4,Others
3667,18,69,9866.211414599418,3,1,3,Others
3668,0,105,13003.401082229611,5,5,5,Champions
3669,41,104,8469.350982379912,1,5,1,Loyal
3670,25,94,10221.836017513275,2,3,3,Others
3671,36,68,7818.382524251939,2,1,1,Lost
3672,28,89,10480.67347755432,2,2,3,Lost
3673,2,92,11843.183603358268,5,3,5,Others
3674,7,79,8262.489925026892,4,1,1,Others
3675,49,90,10908.57297720909,1,2,4,At Risk
3676,31,105,14024.937458109856,2,5,5,Loyal
3677,61,85,8612.926956915855,1,1,1,Lost
3678,27,98,14842.16697695255,2,4,5,Loyal
3679,91,76,7623.944969844818,1,1,1,Lost
3680,28,122,15902.122430038453,2,5,5,Loyal
3681,6,91,9870.994517350198,4,3,3,Others
3682,30,95,11982.814073705675,2,3,5,At Risk
3683,29,76,7626.317544436456,2,1,1,Lost
3684,19,85,10347.344497275351,3,1,3,Others
3685,21,85,9579.74604973793,3,1,2,Others
3686,24,90,8679.995483875275,2,2,1,Lost
3687,133,76,10123.828996276856,1,1,3,Lost
3688,8,114,13533.952933025359,4,5,5,Champions
3689,1,90,9681.733945465092,5,2,2,Others
3690,47,89,9313.316006374358,1,2,2,Lost
3691,38,97,10009.589461541173,2,4,3,Loyal
3692,73,79,10711.952557194234,1,1,3,Lost
3693,55,90,10622.390579962732,1,2,3,Lost
3694,61,74,9447.455937623978,1,1,2,Lost
3695,0,110,15462.343035602571,5,5,5,Champions
3696,31,99,11109.964078998564,2,4,4,Loyal
3697,3,90,10791.301094770433,5,2,4,Others
3698,0,103,13220.729975128173,5,5,5,Champions
3699,26,87,11232.417513370514,2,2,4,At Risk
3700,32,84,7959.866472315787,2,1,1,Lost
3701,7,96,12068.85343017578,4,4,5,Champions
3702,1,95,8713.434943997861,5,3,1,Others
3703,24,115,10597.849498033527,2,5,3,Loyal
3704,3,93,11404.3355281353,5,3,4,Others
3705,35,98,14176.691520190237,2,4,5,Loyal
3706,30,90,12299.471941232681,2,2,5,At Risk
3707,34,109,11673.321863961217,2,5,4,Loyal
3708,7,97,10303.861617231369,4,4,3,Loyal
3709,48,100,8602.464457774162,1,4,1,Loyal
3710,32,94,9628.971479177475,2,3,2,Others
3711,20,91,11314.436527633665,3,3,4,Others
3712,10,88,11247.345389556885,4,2,4,Others
3713,8,102,10396.49800314903,4,5,3,Loyal
3714,24,99,10292.999020671847,2,4,3,Loyal
3715,21,95,12069.653486299518,3,3,5,Others
3716,31,93,11036.131516146661,2,3,4,At Risk
3717,6,100,12936.044416069986,4,4,5,Champions
3718,16,115,13813.66150996685,3,5,5,Loyal
3719,2,86,8618.005452442168,5,2,1,Others
3720,7,103,10922.43950333595,4,5,4,Champions
3721,94,80,9788.207968282699,1,1,2,Lost
3722,24,93,9783.172528457639,2,3,2,Others
3723,27,92,11168.319494247435,2,3,4,At Risk
3724,9,96,10919.696937704088,4,4,4,Champions
3725,42,102,11142.769596576689,1,5,4,Loyal
3726,15,95,10945.592033147812,3,3,4,Others
3727,26,108,16297.205086684227,2,5,5,Loyal
3728,22,88,9544.7429315567,3,2,2,Others
3729,77,89,9853.520491945743,1,2,3,Lost
3730,16,107,10249.512578320506,3,5,3,Loyal
3731,4,86,9733.287521791459,5,2,2,Others
3732,43,95,9485.255458259582,1,3,2,Others
3733,53,108,12448.431973445415,1,5,5,Loyal
3734,7,90,9848.697911071778,4,2,3,Others
3735,32,98,11363.109995055194,2,4,4,Loyal
3736,13,91,10752.729534387585,3,3,3,Others
3737,12,82,9598.817491531372,3,1,2,Others
3738,57,87,11657.578996491433,1,2,4,At Risk
3739,25,100,10164.784995293616,2,4,3,Loyal
3740,10,81,10437.327508163453,4,1,3,Others
3741,27,93,10547.79447760582,2,3,3,Others
3742,30,100,9697.500481915473,2,4,2,Loyal
3743,9,93,9159.492972850801,4,3,2,Others
3744,0,95,12388.559101891517,5,3,5,Others
3745,34,76,8811.70898346901,2,1,1,Lost
3746,90,94,9798.803478598595,1,3,2,Others
3747,11,97,8418.828460407258,3,4,1,Loyal
3748,55,93,10225.187972712518,1,3,3,Others
3749,6,98,11588.686536073687,4,4,4,Champions
3750,31,89,8008.6529941082,2,2,1,Lost
3751,8,93,8728.074527597428,4,3,1,Others
3752,13,109,12077.68004668951,3,5,5,Loyal
3753,6,93,10731.930491876603,4,3,3,Others
3754,4,91,10403.31408036947,5,3,3,Others
3755,10,101,9633.091982507707,4,4,2,Loyal
3756,31,115,15383.527494621276,2,5,5,Loyal
3757,5,100,9555.8235162735,4,4,2,Loyal
3758,3,84,10980.826498079297,5,1,4,Others
3759,3,97,9998.278524661066,5,4,3,Loyal
3760,15,108,12813.916966807843,3,5,5,Loyal
3761,2,89,9260.672088193895,5,2,2,Others
3762,50,88,10668.76595747471,1,2,3,Lost
3763,11,88,9062.679462552069,4,2,2,Others
3764,4,102,11822.541006565096,4,5,4,Champions
3765,10,93,10208.480447030066,4,3,3,Others
3766,16,97,7841.676974010468,3,4,1,Loyal
3767,2,97,11199.154010438919,5,4,4,Champions
3768,35,100,9758.163978958126,2,4,2,Loyal
3769,79,80,7982.564989233016,1,1,1,Lost
3770,20,82,7423.6964941740025,3,1,1,Others
3771,4,93,8365.877974438667,5,3,1,Others
3772,0,89,11482.335548210145,5,2,4,Others
3773,4,99,10648.550490999223,5,4,3,Loyal
3774,9,99,11498.324427080153,4,4,4,Champions
3775,41,80,8875.91549258232,1,1,2,Lost
3776,12,103,9580.38349095583,3,5,2,Loyal
3777,28,98,9614.296557688713,2,4,2,Loyal
3778,69,96,11344.114976978304,1,4,4,Loyal
3779,14,85,8505.580518507959,3,1,1,Others
3780,1,105,12420.100014567375,5,5,5,Champions
3781,61,77,6863.147496724127,1,1,1,Lost
3782,2,102,13973.115400505065,5,5,5,Champions
3783,1,90,11687.456526947022,5,2,4,Others
3784,22,91,12407.102471995353,2,2,5,At Risk
3785,20,81,9553.824026894568,3,1,2,Others
3786,30,119,12237.201447212696,2,5,5,Loyal
3787,43,89,9542.710958385469,1,2,2,Lost
3788,6,87,11251.409544205666,4,2,4,Others
3789,0,96,9877.44642839432,5,3,3,Others
3790,20,89,12989.93252120018,3,2,5,Others
3791,16,90,12228.122918224337,3,2,5,Others
3792,37,87,11610.945532035827,2,2,4,At Risk
3793,54,88,11963.839528942108,1,2,5,At Risk
3794,3,92,14804.182991313935,5,3,5,Others
3795,8,95,12982.389502859114,4,3,5,Others
3796,38,87,10942.319454693792,2,2,4,At Risk
3797,6,105,9929.331506812572,4,5,3,Loyal
3798,53,80,5673.231007623673,1,1,1,Lost
3799,46,104,12579.202986323837,1,5,5,Loyal
3800,12,72,9160.961461806297,3,1,2,Others
3801,1,94,13522.14207766056,5,3,5,Others
3802,15,84,8562.83745827675,3,1,1,Others
3803,8,102,11728.032488369943,4,5,4,Champions
3804,4,93,9994.219439172744,4,3,3,Others
3805,18,86,9825.960055708885,3,2,2,Others
3806,2,84,11648.33540849686,5,1,4,Others
3807,24,97,9646.123485720162,2,4,2,Loyal
3808,25,87,6207.233971166611,2,2,1,Lost
3809,21,99,12289.536959981919,3,4,5,Loyal
3810,24,100,10858.05002799034,2,4,4,Loyal
3811,20,79,8533.069513678554,3,1,1,Others
3812,27,76,10107.626987671852,2,1,3,Lost
3813,1,88,9880.433097350598,5,2,3,Others
3814,6,86,8091.170469903946,4,2,1,Others
3815,17,82,8047.384033370019,3,1,1,Others
3816,23,103,11278.868498659134,2,5,4,Loyal
3817,46,104,12529.605446267127,1,5,5,Loyal
3818,10,88,10657.537506580351,4,2,3,Others
3819,95,78,11623.162476038933,1,1,4,At Risk
3820,14,119,12773.125498318674,3,5,5,Loyal
3821,2,86,6986.309922337532,5,2,1,Others
3822,8,90,9885.93399853706,4,2,3,Others
3823,27,98,11009.711974692342,2,4,4,Loyal
3824,31,79,8819.927953875065,2,1,1,Lost
3825,8,111,12976.481927204131,4,5,5,Champions
3826,8,95,10487.749508047105,4,3,3,Others
3827,17,84,8755.502938866615,3,1,1,Others
3828,6,83,9412.28060002327,4,1,2,Others
3829,66,88,10112.045415687562,1,2,3,Lost
3830,27,99,12739.975024461746,2,4,5,Loyal
3831,49,97,10108.419543540473,1,4,3,Loyal
3832,3,104,10703.623964262006,5,5,3,Loyal
3833,6,94,8388.317475175858,4,3,1,Others
3834,27,79,7329.706007432939,2,1,1,Lost
3835,29,91,10682.730018806458,2,2,3,Lost
3836,19,100,12046.358540463445,3,4,5,Loyal
3837,23,94,9704.15047312975,2,3,2,Others
3838,22,88,8057.191504955291,2,2,1,Lost
3839,3,91,11114.541951417921,5,3,4,Others
3840,3,105,11413.642478871345,5,5,4,Champions
3841,47,84,7877.85255100727,1,1,1,Lost
3842,2,95,9109.257981801033,5,3,2,Others
3843,3,79,7675.669529604911,5,1,1,Others
3844,20,102,12094.425970411301,3,5,5,Loyal
3845,6,126,16599.20455751419,4,5,5,Champions
3846,9,92,9293.576009917258,4,3,2,Others
3847,4,101,10431.157504975796,4,4,3,Loyal
3848,83,78,10919.353545713424,1,1,4,At Risk
3849,13,93,11819.109371042254,3,3,4,Others
3850,11,93,9431.631482458113,3,3,2,Others
3851,76,85,9584.635952472689,1,1,2,Lost
3852,57,85,7519.335005545616,1,1,1,Lost
3853,55,112,12905.931950223445,1,5,5,Loyal
3854,7,108,11773.12753305435,4,5,4,Champions
3855,98,88,10113.567517232894,1,2,3,Lost
3856,33,99,14242.161016273498,2,4,5,Loyal
3857,17,109,14752.784506225586,3,5,5,Loyal
3858,1,82,8249.67798779011,5,1,1,Others
3859,24,104,10135.262533283236,2,5,3,Loyal
3860,5,99,12582.271455907821,4,4,5,Champions
3861,10,90,7763.32592663765,4,2,1,Others
3862,10,104,8564.809000897407,4,5,1,Loyal
3863,37,96,11960.926088118553,2,4,5,Loyal
3864,8,102,13400.256514406203,4,5,5,Champions
3865,15,112,15588.363959527014,3,5,5,Loyal
3866,9,97,8302.20142788887,4,4,1,Loyal
3867,3,85,8187.089481997491,5,1,1,Others
3868,19,84,7145.337482333182,3,1,1,Others
3869,93,83,6939.62703410387,1,1,1,Lost
3870,6,91,12191.725976705551,4,3,5,Others
3871,16,104,11712.215471172338,3,5,4,Loyal
3872,4,89,9122.553488230704,5,2,2,Others
3873,2,108,15100.496486747266,5,5,5,Champions
3874,13,116,10982.597438764571,3,5,4,Loyal
3875,83,105,13908.519000411035,1,5,5,Loyal
3876,53,92,9575.732510447504,1,3,2,Others
3877,20,82,9604.657484388352,3,1,2,Others
3878,15,82,7711.391490721701,3,1,1,Others
3879,20,100,12873.638447475434,3,4,5,Loyal
3880,1,96,10903.266514801979,5,3,4,Others
3881,42,82,9635.188996124267,1,1,2,Lost
3882,19,91,9887.786499261856,3,3,3,Others
3883,21,107,12940.700942158699,3,5,5,Loyal
3884,15,103,9684.407969999314,3,5,2,Loyal
3885,7,101,11085.2579818964,4,4,4,Champions
3886,22,89,9066.39854154587,3,2,2,Others
3887,14,82,8225.24804649353,3,1,1,Others
3888,12,90,8626.516507363322,3,2,1,Others
3889,21,90,9899.482894325254,3,2,3,Others
3890,6,101,12951.3215215683,4,4,5,Champions
3891,83,76,8435.7864248991,1,1,1,Lost
3892,3,98,8777.551499962807,5,4,1,Loyal
3893,28,91,9181.745974636076,2,2,2,Lost
3894,9,96,10225.975969696045,4,3,3,Others
3895,9,98,10819.448890662195,4,4,4,Champions
3896,8,103,11790.577454471586,4,5,4,Champions
3897,14,95,10512.220970392229,3,3,3,Others
3898,65,80,7799.420480442048,1,1,1,Lost
3899,74,80,7922.469994163513,1,1,1,Lost
3900,138,107,10966.08093981743,1,5,4,Loyal
3901,10,91,10435.876023364064,4,3,3,Others
3902,9,84,8398.180056762696,4,1,1,Others
3903,20,94,10012.604432988168,3,3,3,Others
3904,22,91,9619.75138838291,3,2,2,Others
3905,15,101,11826.628973054881,3,4,5,Loyal
3906,35,85,8440.286494398119,2,1,1,Lost
3907,6,88,9083.38701169491,4,2,2,Others
3908,0,90,10706.483417987823,5,2,3,Others
3909,11,104,11729.033929014204,4,5,4,Champions
3910,16,76,7692.695504522324,3,1,1,Others
3911,1,91,11111.409982371331,5,3,4,Others
3912,1,90,8222.184439349174,5,2,1,Others
3913,4,96,13841.929460811614,5,3,5,Others
3914,20,85,9833.643487739562,3,1,3,Others
3915,7,74,8633.995529103278,4,1,1,Others
3916,21,95,9651.544034159182,3,3,2,Others
3917,2,89,8419.517004728317,5,2,1,Others
3918,74,92,11188.701960158349,1,3,4,At Risk
3919,56,89,10601.822025775911,1,2,3,Lost
3920,1,99,11375.427979969983,5,4,4,Champions
3921,5,95,11061.98446187973,4,3,4,Others
3922,38,99,9894.54055609703,2,4,3,Loyal
3923,23,79,8973.47950720787,2,1,2,Lost
3924,1,77,7382.2104602336885,5,1,1,Others
3925,43,100,11734.669014716148,1,4,4,Loyal
3926,13,102,11728.387073516848,3,5,4,Loyal
3927,15,91,8573.12198123932,3,3,1,Others
3928,9,83,10399.594393873214,4,1,3,Others
3929,64,86,9811.155065941812,1,2,2,Lost
3930,91,98,11587.803000593183,1,4,4,Loyal
3931,16,84,7620.232999682426,3,1,1,Others
3932,29,105,10129.872025954724,2,5,3,Loyal
3933,8,90,8889.546524190902,4,2,2,Others
3934,19,91,8625.508470845223,3,3,1,Others
3935,24,98,9861.099056363104,2,4,3,Loyal
3936,13,94,11032.450047159198,3,3,4,Others
3937,1,87,8694.500999045371,5,2,1,Others
3938,4,98,10549.148057866096,5,4,3,Loyal
3939,2,82,8550.053511691094,5,1,1,Others
3940,3,81,10627.873432159424,5,1,3,Others
3941,70,79,7345.215500497817,1,1,1,Lost
3942,64,90,11868.02198507786,1,2,5,At Risk
3943,12,99,11045.504432344438,3,4,4,Loyal
3944,13,85,9695.578443837167,3,1,2,Others
3945,5,90,9519.238002943992,4,2,2,Others
3946,0,89,8140.716536068916,5,2,1,Others
3947,20,96,9205.894524121286,3,4,2,Loyal
3948,5,85,8879.010540294648,4,1,2,Others
3949,46,89,9543.90249233246,1,2,2,Lost
3950,0,80,7460.061962509155,5,1,1,Others
3951,23,76,7805.1415407657605,2,1,1,Lost
3952,0,99,10249.050013303757,5,4,3,Loyal
3953,5,85,8712.371993851662,4,1,1,Others
3954,1,89,9389.324939870834,5,2,2,Others
3955,17,101,10518.967992639544,3,4,3,Loyal
3956,11,96,12684.324958610534,3,3,5,Others
3957,36,94,9758.42249884606,2,3,2,Others
3958,60,88,10334.158981132507,1,2,3,Lost
3959,53,101,11502.57448823452,1,4,4,Loyal
3960,56,94,10517.62047379017,1,3,3,Others
3961,0,97,11586.795991122723,5,4,4,Champions
3962,4,96,9948.530003833774,5,3,3,Others
3963,60,86,10775.064986133577,1,2,4,At Risk
3964,17,85,8147.866459453105,3,1,1,Others
3965,4,100,11195.660410928727,5,4,4,Champions
3966,26,86,7581.846986722946,2,2,1,Lost
3967,25,88,8476.193536806106,2,2,1,Lost
3968,8,93,11240.136516928671,4,3,4,Others
3969,87,109,16452.32449808121,1,5,5,Loyal
3970,3,105,8087.629958057402,5,5,1,Loyal
3971,19,74,9626.774420642854,3,1,2,Others
3972,17,95,13780.617496991155,3,3,5,Others
3973,20,97,10887.155044710638,3,4,4,Loyal
3974,21,94,9200.408050060272,3,3,2,Others
3975,5,88,8272.337524604796,4,2,1,Others
3976,0,83,10234.306509160995,5,1,3,Others
3977,12,100,10816.626913952827,3,4,4,Loyal
3978,14,111,12423.240446519854,3,5,5,Loyal
3979,10,94,12419.742975091935,4,3,5,Others
3980,27,110,12014.036964416502,2,5,5,Loyal
3981,29,102,12778.833359074593,2,5,5,Loyal
3982,3,89,7040.151528429985,5,2,1,Others
3983,19,101,10228.58746358156,3,4,3,Loyal
3984,10,113,12715.343961763381,4,5,5,Champions
3985,4,91,10034.671500253677,5,3,3,Others
3986,0,99,11784.704039335253,5,4,4,Champions
3987,46,103,11741.53452911377,1,5,4,Loyal
3988,7,84,11123.812012863158,4,1,4,Others
3989,15,110,11647.336424708368,3,5,4,Loyal
3990,24,98,10380.956982803347,2,4,3,Loyal
3991,47,90,7862.9735144853585,1,2,1,Lost
3992,103,89,10887.07602467537,1,2,4,At Risk
3993,8,87,9283.473037528991,4,2,2,Others
3994,15,81,9689.076551771164,3,1,2,Others
3995,0,92,11904.433043479921,5,3,5,Others
3996,24,96,9437.304460525515,2,4,2,Loyal
3997,7,98,11570.286513876916,4,4,4,Champions
3998,33,85,9138.731465435028,2,1,2,Lost
3999,9,92,11427.192530417442,4,3,4,Others
4000,2,79,10721.637423443795,5,1,3,Others
4001,10,78,8985.643503808977,4,1,2,Others
4002,1,90,8236.090551137924,5,2,1,Others
4003,14,89,10903.641965806482,3,2,4,Others
4004,4,77,10107.70290440321,5,1,3,Others
4005,0,88,8933.94499607086,5,2,2,Others
4006,5,90,11651.903505682943,4,2,4,Others
4007,3,87,9279.674018979073,5,2,2,Others
4008,11,92,7453.127490186691,4,3,1,Others
4009,51,111,11313.003951406477,1,5,4,Loyal
4010,64,85,10617.29892821312,1,1,3,Lost
4011,45,106,11638.128446102144,1,5,4,Loyal
4012,9,106,9758.370476722717,4,5,2,Loyal
4013,15,98,11933.34055956602,3,4,5,Loyal
4014,25,111,13988.87594742775,2,5,5,Loyal
4015,1,81,8203.273965024948,5,1,1,Others
4016,1,94,11108.476519536971,5,3,4,Others
4017,4,105,13281.794416904451,5,5,5,Champions
4018,5,94,8159.012002158164,4,3,1,Others
4019,8,101,12612.269911789896,4,4,5,Champions
4020,30,79,8099.579463589192,2,1,1,Lost
4021,27,99,12089.335112667082,2,4,5,Loyal
4022,28,94,12754.195422649384,2,3,5,At Risk
4023,24,92,10890.143544101715,2,3,4,At Risk
4024,19,76,6682.965968990325,3,1,1,Others
4025,35,99,10550.184941101073,2,4,3,Loyal
4026,0,86,9777.979999685289,5,1,2,Others
4027,83,100,10253.14504071474,1,4,3,Loyal
4028,26,106,10277.465470588206,2,5,3,Loyal
4029,10,87,7170.846969163418,4,2,1,Others
4030,17,95,11347.451539504531,3,3,4,Others
4031,3,80,9543.172948217392,5,1,2,Others
4032,24,90,8484.5384835124,2,2,1,Lost
4033,8,85,10573.374967193604,4,1,3,Others
4034,18,95,9526.206516194345,3,3,2,Others
4035,16,82,9548.058018970489,3,1,2,Others
4036,2,100,12410.858393907549,5,4,5,Champions
4037,25,94,10870.384987330439,2,3,4,At Risk
4038,37,92,11274.639042139053,2,3,4,At Risk
4039,5,87,12620.471000194551,4,2,5,Others
4040,1,93,9399.577000761034,5,3,2,Others
4041,82,113,11909.9055021286,1,5,5,Loyal
4042,55,93,9475.441439151762,1,3,2,Others
4043,21,113,11430.995987176897,3,5,4,Loyal
4044,19,91,9951.910075950624,3,3,3,Others
4045,19,86,9352.349999451637,3,2,2,Others
4046,7,99,11002.32547698021,4,4,4,Champions
4047,4,88,11961.727490592002,4,2,5,Others
4048,5,82,6717.403467226029,4,1,1,Others
4049,48,74,9975.59157345295,1,1,3,Lost
4050,1,87,11078.678893661496,5,2,4,Others
4051,10,102,9393.623968696595,4,5,2,Loyal
4052,38,96,9597.83345968723,2,4,2,Loyal
4053,22,96,8488.40848207474,2,4,1,Loyal
4054,87,94,9343.187474370003,1,3,2,Others
4055,23,102,11952.657506012916,2,5,5,Loyal
4056,0,79,8007.472468566893,5,1,1,Others
4057,44,102,12061.104947185517,1,5,5,Loyal
4058,17,77,8458.862037158011,3,1,1,Others
4059,126,84,9008.329475212098,1,1,2,Lost
4060,100,94,10504.431469964977,1,3,3,Others
4061,25,77,9144.043944740295,2,1,2,Lost
4062,20,88,8787.21801393032,3,2,1,Others
4063,8,82,7882.145451641084,4,1,1,Others
4064,6,92,10091.997494602205,4,3,3,Others
4065,2,99,11366.890061712265,5,4,4,Champions
4066,10,95,9356.614013147357,4,3,2,Others
4067,101,104,12574.813459992409,1,5,5,Loyal
4068,25,93,7051.211472654343,2,3,1,Others
4069,19,78,9041.265489053727,3,1,2,Others
4070,0,100,11665.338556289673,5,4,4,Champions
4071,73,92,9820.838467824458,1,3,2,Others
4072,6,88,9524.651981139183,4,2,2,Others
4073,5,108,9662.479958868027,4,5,2,Loyal
4074,5,86,9988.937449789048,4,2,3,Others
4075,16,73,11008.340060138704,3,1,4,Others
4076,27,107,10015.881453323365,2,5,3,Loyal
4077,22,85,9587.128524374964,3,1,2,Others
4078,19,117,15535.376840496063,3,5,5,Loyal
4079,34,103,14502.12756669521,2,5,5,Loyal
4080,77,67,7472.808513665199,1,1,1,Lost
4081,18,91,11873.051517772674,3,2,5,Others
4082,2,96,12604.208007419109,5,3,5,Others
4083,80,88,7937.597939133643,1,2,1,Lost
4084,8,100,10485.027561593057,4,4,3,Loyal
4085,11,87,11046.734014701844,3,2,4,Others
4086,10,109,12913.002401995656,4,5,5,Champions
4087,9,106,10466.897020530701,4,5,3,Loyal
4088,32,92,13154.913594007488,2,3,5,At Risk
4089,19,90,8399.796487855912,3,2,1,Others
4090,21,81,9039.099917078018,3,1,2,Others
4091,4,83,8965.516934919357,5,1,2,Others
4092,24,88,9908.07842144966,2,2,3,Lost
4093,23,92,10560.692018699643,2,3,3,Others
4094,24,103,14317.780546259879,2,5,5,Loyal
4095,59,106,9226.832987427711,1,5,2,Loyal
4096,10,102,9136.951550483704,4,5,2,Loyal
4097,101,85,7377.985978984832,1,1,1,Lost
4098,14,103,11919.220536184312,3,5,5,Loyal
4099,0,88,8504.719524621964,5,2,1,Others
4100,10,104,11209.335984325407,4,5,4,Champions
4101,23,86,9400.15502126217,2,2,2,Lost
4102,10,89,11067.299373030663,4,2,4,Others
4103,22,104,12949.42910337448,3,5,5,Loyal
4104,17,89,7543.643549537659,3,2,1,Others
4105,22,86,10913.692935371399,3,2,4,Others
4106,2,96,11821.792019927501,5,3,4,Others
4107,46,99,10168.623542761801,1,4,3,Loyal
4108,21,102,10016.124492311475,3,5,3,Loyal
4109,1,98,8933.83694051504,5,4,2,Loyal
4110,0,96,11392.045036458969,5,3,4,Others
4111,48,93,11187.970589637758,1,3,4,At Risk
4112,20,104,12278.422399067878,3,5,5,Loyal
4113,9,98,10583.948023366927,4,4,3,Loyal
4114,10,107,12222.6440251112,4,5,5,Champions
4115,24,90,9446.223454189301,2,2,2,Lost
4116,57,109,10191.735458612442,1,5,3,Loyal
4117,3,95,12976.841976523403,5,3,5,Others
4118,0,88,10769.431480240824,5,2,4,Others
4119,11,82,10241.9869502306,4,1,3,Others
4120,24,94,9794.420475101471,2,3,2,Others
4121,15,72,10247.268037796019,3,1,3,Others
4122,8,100,11325.021992206573,4,4,4,Champions
4123,9,89,10361.837053561208,4,2,3,Others
4124,86,95,11093.088013076782,1,3,4,At Risk
4125,11,97,10358.591474151612,3,4,3,Loyal
4126,20,107,9767.684485602376,3,5,2,Loyal
4127,23,74,9412.679490900038,2,1,2,Lost
4128,13,89,9227.07998199463,3,2,2,Others
4129,15,93,9476.277963829041,3,3,2,Others
4130,7,88,11999.152487754822,4,2,5,Others
4131,11,90,9380.571970701218,4,2,2,Others
4132,4,84,10011.6720140934,5,1,3,Others
4133,2,84,10274.561985111235,5,1,3,Others
4134,2,90,9988.786982011796,5,2,3,Others
4135,1,88,9414.645015430451,5,2,2,Others
4136,0,107,12672.421958136558,5,5,5,Champions
4137,1,97,10418.53299806118,5,4,3,Loyal
4138,19,106,9523.234536552429,3,5,2,Loyal
4139,5,85,10919.201133751867,4,1,4,Others
4140,19,92,7884.275973773003,3,3,1,Others
4141,8,89,9566.039456224442,4,2,2,Others
4142,17,103,10712.362472629547,3,5,3,Loyal
4143,23,75,7659.716041755677,2,1,1,Lost
4144,37,102,10761.780472564697,2,5,4,Loyal
4145,37,95,10161.985986924172,2,3,3,Others
4146,11,85,11203.770457410812,4,1,4,Others
4147,6,96,10099.770986938474,4,4,3,Loyal
4148,60,103,11451.613519382476,1,5,4,Loyal
4149,5,93,10925.541007804872,4,3,4,Others
4150,49,77,8849.434949731825,1,1,2,Lost
4151,3,80,10470.350995886327,5,1,3,Others
4152,14,95,12652.469486999515,3,3,5,Others
4153,54,93,9080.9369648695,1,3,2,Others
4154,10,85,7391.138482320308,4,1,1,Others
4155,33,90,8943.342500233652,2,2,2,Lost
4156,16,87,7207.15343837738,3,2,1,Others
4157,6,97,10000.731465053559,4,4,3,Loyal
4158,1,88,8444.969988656043,5,2,1,Others
4159,23,98,9148.280059742929,2,4,2,Loyal
4160,37,91,8680.14849663973,2,2,1,Lost
4161,16,72,8969.447537517548,3,1,2,Others
4162,1,89,8829.73944439888,5,2,2,Others
4163,0,99,10062.324970483782,5,4,3,Loyal
4164,59,96,9362.462522983551,1,4,2,Loyal
4165,1,95,9642.707479333878,5,3,2,Others
4166,59,95,10615.928895688057,1,3,3,Others
4167,68,97,11377.44495999813,1,4,4,Loyal
4168,7,93,11385.116529464723,4,3,4,Others
4169,13,84,8919.067996406555,3,1,2,Others
4170,29,97,10262.056002998354,2,4,3,Loyal
4171,19,83,8672.5464823246,3,1,1,Others
4172,19,99,10717.385005378726,3,4,3,Loyal
4173,8,85,10907.461035966875,4,1,4,Others
4174,10,85,11054.993943214417,4,1,4,Others
4175,59,98,12471.043956708907,1,4,5,Loyal
4176,5,105,11875.601962447166,4,5,5,Champions
4177,29,83,11412.321981716153,2,1,4,At Risk
4178,18,108,14155.979465341567,3,5,5,Loyal
4179,20,94,11826.491980648041,3,3,5,Others
4180,6,106,11021.116011857985,4,5,4,Champions
4181,48,94,12587.401506674292,1,3,5,At Risk
4182,37,109,10234.56146613359,2,5,3,Loyal
4183,7,83,9784.008477544785,4,1,2,Others
4184,2,119,16497.30397619009,5,5,5,Champions
4185,9,90,8114.782428336143,4,2,1,Others
4186,52,83,9114.72792954445,1,1,2,Lost
4187,63,101,11387.262549734114,1,4,4,Loyal
4188,20,96,11316.746997785573,3,4,4,Loyal
4189,0,91,9834.824021816254,5,3,3,Others
4190,29,74,8471.201514720917,2,1,1,Lost
4191,14,107,11656.013523578646,3,5,4,Loyal
4192,2,89,7339.1564564704895,5,2,1,Others
4193,17,103,11103.598453593255,3,5,4,Loyal
4194,49,77,7778.0855242729185,1,1,1,Lost
4195,20,99,10174.161564445496,3,4,3,Loyal
4196,25,103,10407.91499054432,2,5,3,Loyal
4197,63,92,11093.772954535483,1,3,4,At Risk
4198,28,81,7957.069465684891,2,1,1,Lost
4199,4,104,9913.983421230318,4,5,3,Loyal
4200,12,93,10231.818515872954,3,3,3,Others
4201,34,100,11869.326961493492,2,4,5,Loyal
4202,25,94,9047.937978696824,2,3,2,Others
4203,0,91,7122.154537749291,5,3,1,Others
4204,13,89,10777.897007918358,3,2,4,Others
4205,15,91,9904.885905838011,3,3,3,Others
4206,11,87,6826.42402420044,4,2,1,Others
4207,42,81,8929.017923307418,1,1,2,Lost
4208,45,95,9400.052987480163,1,3,2,Others
4209,32,96,10671.662538194658,2,4,3,Loyal
4210,15,81,10802.866462039945,3,1,4,Others
4211,3,90,12689.524914121626,5,2,5,Others
4212,15,93,13395.566499137878,3,3,5,Others
4213,48,101,11385.42850574255,1,4,4,Loyal
4214,42,93,8596.417520713805,1,3,1,Others
4215,4,108,13044.203435921669,5,5,5,Champions
4216,69,86,8948.545000600814,1,2,2,Lost
4217,21,93,10944.19745055437,3,3,4,Others
4218,93,79,8188.7745112419125,1,1,1,Lost
4219,5,90,9719.9284678936,4,2,2,Others
4220,24,90,10495.151059412956,2,2,3,Lost
4221,30,107,14413.175487804414,2,5,5,Loyal
4222,59,97,9798.674917674065,1,4,2,Loyal
4223,54,95,9819.301478886606,1,3,2,Others
4224,27,90,11999.764073562625,2,2,5,At Risk
4225,5,91,9136.232478117943,4,3,2,Others
4226,8,103,9352.07897233963,4,5,2,Loyal
4227,53,112,15044.36597137451,1,5,5,Loyal
4228,1,91,11758.719486284255,5,3,4,Others
4229,42,97,11100.662928676606,1,4,4,Loyal
4230,3,97,10375.2660367012,5,4,3,Loyal
4231,20,108,11850.434538698199,3,5,5,Loyal
4232,3,75,9206.995009207725,5,1,2,Others
4233,32,108,13628.60846977234,2,5,5,Loyal
4234,15,95,10174.17342145443,3,3,3,Others
4235,26,93,11020.099432611463,2,3,4,At Risk
4236,22,98,10961.32888710499,2,4,4,Loyal
4237,7,86,9618.112937498092,4,2,2,Others
4238,121,84,11749.354399085043,1,1,4,At Risk
4239,36,120,13181.066568374636,2,5,5,Loyal
4240,3,95,11169.118967962268,5,3,4,Others
4241,21,92,10524.628522872927,3,3,3,Others
4242,104,84,8545.498432540895,1,1,1,Lost
4243,23,86,10961.782909059524,2,2,4,At Risk
4244,37,92,11347.645519542697,2,3,4,At Risk
4245,33,94,13701.674444234372,2,3,5,At Risk
4246,77,98,10224.169475829602,1,4,3,Loyal
4247,19,96,11520.176972532272,3,4,4,Loyal
4248,7,95,14571.049974179268,4,3,5,Others
4249,77,103,11704.760950183869,1,5,4,Loyal
4250,76,113,14417.046472740174,1,5,5,Loyal
4251,57,72,7560.902469444273,1,1,1,Lost
4252,18,101,12287.406935977935,3,4,5,Loyal
4253,0,84,9329.465005588534,5,1,2,Others
4254,14,79,8333.217566025258,3,1,1,Others
4255,4,94,9425.024452281003,5,3,2,Others
4256,10,95,9956.406973695755,4,3,3,Others
4257,62,92,10294.040471434593,1,3,3,Others
4258,23,89,10340.626927042009,2,2,3,Lost
4259,30,87,9708.451951503752,2,2,2,Lost
4260,58,89,9346.59854540825,1,2,2,Lost
4261,20,84,9637.540448498725,3,1,2,Others
4262,6,101,10529.860915756226,4,4,3,Loyal
4263,11,110,13561.776421582697,4,5,5,Champions
4264,3,95,9871.922009730342,5,3,3,Others
4265,20,104,12068.942961764338,3,5,5,Loyal
4266,34,88,9766.216957044602,2,2,2,Lost
4267,37,98,11710.468445181841,2,4,4,Loyal
4268,80,98,11617.964026784895,1,4,4,Loyal
4269,46,111,10946.159612774847,1,5,4,Loyal
4270,13,94,12024.845096468924,3,3,5,Others
4271,84,90,10223.910054039952,1,2,3,Lost
4272,0,103,10031.60695667267,5,5,3,Loyal
4273,15,93,11113.435540246961,3,3,4,Others
4274,28,82,8345.780982589722,2,1,1,Lost
4275,2,92,9213.09196805954,5,3,2,Others
4276,24,85,9536.090451192855,2,1,2,Lost
4277,23,86,11302.580011463166,2,2,4,At Risk
4278,5,87,10071.269462251665,4,2,3,Others
4279,1,108,10577.90699057579,5,5,3,Loyal
4280,6,92,12270.230523967744,4,3,5,Others
4281,8,91,9276.628455209731,4,3,2,Others
4282,61,89,11404.82699816227,1,2,4,At Risk
4283,21,94,11280.82795767784,3,3,4,Others
4284,94,84,9566.34849743843,1,1,2,Lost
4285,34,88,8185.486002135278,2,2,1,Lost
4286,36,89,6851.358530414105,2,2,1,Lost
4287,0,104,12186.0564599514,5,5,5,Champions
4288,11,98,12114.04592087269,3,4,5,Loyal
4289,37,85,10549.356454229353,2,1,3,Lost
4290,32,99,10666.431945824625,2,4,3,Loyal
4291,0,80,9128.58999361992,5,1,2,Others
4292,12,99,9118.388491308688,3,4,2,Loyal
4293,79,103,12094.553955698015,1,5,5,Loyal
4294,26,84,11129.575973391537,2,1,4,At Risk
4295,5,83,7296.000507450105,4,1,1,Others
4296,13,90,11566.663483667375,3,2,4,Others
4297,19,103,10795.004976177215,3,5,4,Loyal
4298,0,83,8063.457026314735,5,1,1,Others
4299,35,91,10610.367499470713,2,2,3,Lost
4300,17,92,9957.774569535253,3,3,3,Others
4301,0,84,7841.322002673149,5,1,1,Others
4302,105,91,11099.590454936028,1,2,4,At Risk
4303,1,96,10226.087484669684,5,3,3,Others
4304,27,106,11225.735477256774,2,5,4,Loyal
4305,35,99,11179.856396722793,2,4,4,Loyal
4306,7,84,7785.426039552689,4,1,1,Others
4307,38,88,10070.216517806055,2,2,3,Lost
4308,35,103,13494.967064237593,2,5,5,Loyal
4309,2,95,6790.303481411935,5,3,1,Others
4310,22,109,10955.28994486332,3,5,4,Loyal
4311,19,95,7274.1159677028645,3,3,1,Others
4312,17,92,9357.508063793182,3,3,2,Others
4313,69,98,12786.190505933762,1,4,5,Loyal
4314,19,95,9544.941016983987,3,3,2,Others
4315,29,94,13002.859574770928,2,3,5,At Risk
4316,9,110,14930.03592104912,4,5,5,Champions
4317,57,96,10885.474088549616,1,4,4,Loyal
4318,20,97,11095.740975213052,3,4,4,Loyal
4319,48,81,8302.963952708245,1,1,1,Lost
4320,10,104,11199.617466378211,4,5,4,Champions
4321,23,101,12772.228965353965,2,4,5,Loyal
4322,19,94,9021.423990941048,3,3,2,Others
4323,5,100,11783.116489171984,4,4,4,Champions
4324,0,84,6189.3004447937,5,1,1,Others
4325,5,89,9923.116945934295,4,2,3,Others
4326,78,91,9525.27900211811,1,2,2,Lost
4327,11,91,8547.479496717451,4,3,1,Others
4328,40,90,8022.222032928466,1,2,1,Lost
4329,2,92,11242.620066070554,5,3,4,Others
4330,5,85,10066.059485960006,4,1,3,Others
4331,5,111,10817.951969122885,4,5,4,Champions
4332,1,89,7856.017529010772,5,2,1,Others
4333,5,101,11076.03054546118,4,4,4,Champions
4334,73,77,9824.031592178344,1,1,2,Lost
4335,8,99,12548.744972133638,4,4,5,Champions
4336,35,102,13370.283522987369,2,5,5,Loyal
4337,47,99,14995.984018731117,1,4,5,Loyal
4338,5,78,7457.2005054950705,4,1,1,Others
4339,27,88,8717.63196249008,2,2,1,Lost
4340,46,100,11785.39150831699,1,4,4,Loyal
4341,1,95,11527.272968912122,5,3,4,Others
4342,1,92,9872.197027301789,5,3,3,Others
4343,38,88,13295.829564309122,2,2,5,At Risk
4344,17,87,7439.774960029125,3,2,1,Others
4345,0,105,14676.823119354249,5,5,5,Champions
4346,91,95,8762.873455953599,1,3,1,Others
4347,5,87,10355.000485014914,4,2,3,Others
4348,11,107,10662.479426670074,4,5,3,Loyal
4349,26,86,9197.052502727509,2,2,2,Lost
4350,73,93,12209.813413226606,1,3,5,At Risk
4351,19,92,10284.51256635189,3,3,3,Others
4352,57,94,11405.987540912625,1,3,4,At Risk
4353,9,89,9678.456472587584,4,2,2,Others
4354,59,87,8043.34152532816,1,2,1,Lost
4355,79,90,10080.814947032926,1,2,3,Lost
4356,7,103,14340.551057291033,4,5,5,Champions
4357,85,83,9420.192482042314,1,1,2,Lost
4358,24,90,10821.049001026153,2,2,4,At Risk
4359,8,88,7821.482503938676,4,2,1,Others
4360,1,102,13529.61105644703,5,5,5,Champions
4361,9,105,13116.534476304054,4,5,5,Champions
4362,4,96,9648.427436733245,5,3,2,Others
4363,32,76,8813.514490318299,2,1,1,Lost
4364,23,88,9659.751975893972,2,2,2,Lost
4365,6,83,10357.28387989998,4,1,3,Others
4366,33,107,13135.431006383897,2,5,5,Loyal
4367,51,91,12046.307065868377,1,2,5,At Risk
4368,9,99,11606.206432366373,4,4,4,Champions
4369,12,86,5621.6655037879955,3,2,1,Others
4370,4,87,8440.572499060632,5,2,1,Others
4371,60,107,13680.789026308059,1,5,5,Loyal
4372,40,102,10792.555473935607,1,5,4,Loyal
4373,17,95,11332.40749349594,3,3,4,Others
4374,3,82,7524.191976499556,5,1,1,Others
4375,1,92,11486.975973844528,5,3,4,Others
4376,13,96,12081.614989423755,3,3,5,Others
4377,1,105,14929.427050256727,5,5,5,Champions
4378,72,95,10081.695957994461,1,3,3,Others
4379,8,89,9495.218480658532,4,2,2,Others
4380,0,109,13045.760987317564,5,5,5,Champions
4381,0,89,8906.032985460757,5,2,2,Others
4382,6,99,12216.800014376639,4,4,5,Champions
4383,41,92,10082.799072885511,1,3,3,Others
4384,39,90,10310.265489912032,1,2,3,Lost
4385,33,100,10352.904039549829,2,4,3,Loyal
4386,8,78,8912.354468536376,4,1,2,Others
4387,1,88,8422.096488904954,5,2,1,Others
4388,44,89,6951.924480032921,1,2,1,Lost
4389,7,102,9826.309495115282,4,5,2,Loyal
4390,16,101,10805.062042737009,3,4,4,Loyal
4391,9,91,7683.732490384579,4,3,1,Others
4392,12,108,11267.560493969913,3,5,4,Loyal
4393,8,92,10095.686020445823,4,3,3,Others
4394,14,79,7558.129075968265,3,1,1,Others
4395,14,93,11132.992512869836,3,3,4,Others
4396,17,115,15114.709502935408,3,5,5,Loyal
4397,1,105,8970.571522855758,5,5,2,Loyal
4398,15,101,13342.305051827432,3,4,5,Loyal
4399,20,99,10777.704004645348,3,4,4,Loyal
4400,54,97,10112.513961219789,1,4,3,Loyal
4401,8,88,8736.761586904526,4,2,1,Others
4402,3,98,14140.346492052078,5,4,5,Champions
4403,5,85,8308.391457605361,4,1,1,Others
4404,37,87,7327.148488330842,2,2,1,Lost
4405,46,112,10070.783466410636,1,5,3,Loyal
4406,17,83,7623.817466259003,3,1,1,Others
4407,5,93,10221.422955775259,4,3,3,Others
4408,6,87,8886.277984523773,4,2,2,Others
4409,66,94,9814.093478393555,1,3,2,Others
4410,54,103,11442.085437345504,1,5,4,Loyal
4411,40,109,11199.715042984486,1,5,4,Loyal
4412,0,115,11521.816443634034,5,5,4,Champions
4413,13,96,10851.579957818987,3,3,4,Others
4414,17,77,10479.516922903062,3,1,3,Others
4415,0,90,11225.57852590084,5,2,4,Others
4416,33,95,11054.194529151917,2,3,4,At Risk
4417,63,83,10471.621020185947,1,1,3,Lost
4418,17,104,12911.644037604332,3,5,5,Loyal
4419,16,99,9544.006930065152,3,4,2,Loyal
4420,41,82,8071.517988049983,1,1,1,Lost
4421,0,89,12042.608492541312,5,2,5,Others
4422,3,90,10643.487540149688,5,2,3,Others
4423,59,103,8715.252479362487,1,5,1,Loyal
4424,2,86,6808.137447214127,5,2,1,Others
4425,103,100,11749.484507465362,1,4,4,Loyal
4426,9,85,10176.469927167893,4,1,3,Others
4427,0,94,10873.895986676216,5,3,4,Others
4428,17,95,10335.604986190794,3,3,3,Others
4429,10,75,7040.541459703445,4,1,1,Others
4430,38,96,10437.679444169999,2,4,3,Loyal
4431,0,99,11374.098482322692,5,4,4,Champions
4432,6,114,11697.913477754595,4,5,4,Champions
4433,24,115,12498.745068502427,2,5,5,Loyal
4434,48,82,8190.7265622138975,1,1,1,Lost
4435,15,91,10050.045954322815,3,3,3,Others
4436,11,103,10501.612968063355,4,5,3,Loyal
4437,7,91,11897.655943894386,4,3,5,Others
4438,12,102,11056.148525691031,3,5,4,Loyal
4439,10,84,9673.122038269043,4,1,2,Others
4440,23,98,12259.003979396823,2,4,5,Loyal
4441,15,100,9980.662477731703,3,4,3,Loyal
4442,33,106,14441.518575286864,2,5,5,Loyal
4443,49,95,10001.232488107682,1,3,3,Others
4444,22,103,12129.811984479426,3,5,5,Loyal
4445,7,79,8644.11993370056,4,1,1,Others
4446,39,90,11200.350963401794,1,2,4,At Risk
4447,16,99,10268.502055597306,3,4,3,Loyal
4448,2,92,11224.949543499948,5,3,4,Others
4449,0,94,10706.97700572014,5,3,3,Others
4450,43,100,13216.355481910705,1,4,5,Loyal
4451,19,85,9562.15746769905,3,1,2,Others
4452,5,90,8638.368970727923,4,2,1,Others
4453,3,99,9561.290494894982,5,4,2,Loyal
4454,12,101,11171.872025966644,3,4,4,Loyal
4455,0,95,9956.475397729873,5,3,3,Others
4456,6,92,11124.435978794098,4,3,4,Others
4457,7,101,10286.551019001006,4,4,3,Loyal
4458,54,91,11730.062972402573,1,2,4,At Risk
4459,52,88,8242.452530622482,1,2,1,Lost
4460,22,106,11611.720075750354,3,5,4,Loyal
4461,0,87,11198.291559267045,5,2,4,Others
4462,12,90,11328.517483282089,3,2,4,Others
4463,96,96,8116.363914489747,1,4,1,Loyal
4464,6,97,9532.983022093773,4,4,2,Loyal
4465,87,93,10037.348917341233,1,3,3,Others
4466,66,92,10341.872991740704,1,3,3,Others
4467,7,112,12662.733483123777,4,5,5,Champions
4468,6,93,10672.825964474681,4,3,3,Others
4469,10,85,8866.127013528348,4,1,2,Others
4470,12,79,9237.518500995635,3,1,2,Others
4471,4,86,10193.836947107317,4,2,3,Others
4472,12,97,13199.531512832642,3,4,5,Loyal
4473,48,91,10557.415042448041,1,2,3,Lost
4474,8,76,7839.8905363559725,4,1,1,Others
4475,7,86,9918.060476255418,4,2,3,Others
4476,24,86,9907.652449822426,2,2,3,Lost
4477,17,112,10300.569481158258,3,5,3,Loyal
4478,27,85,8557.680430650711,2,1,1,Lost
4479,7,98,11612.5840379715,4,4,4,Champions
4480,35,98,11105.309925079346,2,4,4,Loyal
4481,31,114,14090.149067831037,2,5,5,Loyal
4482,18,84,6500.930972886085,3,1,1,Others
4483,0,83,11526.332083094121,5,1,4,Others
4484,4,95,7907.035404419899,5,3,1,Others
4485,37,87,7719.045466423036,2,2,1,Lost
4486,64,77,7919.291519701483,1,1,1,Lost
4487,12,102,12311.599502921103,3,5,5,Loyal
4488,4,96,12393.8870660305,4,3,5,Others
4489,15,92,8693.136091661452,3,3,1,Others
4490,6,104,11021.832511162758,4,5,4,Champions
4491,27,102,9096.440527319908,2,5,2,Loyal
4492,22,94,11397.730053949355,3,3,4,Others
4493,16,102,10759.059501242638,3,5,3,Loyal
4494,20,83,10239.649021482466,3,1,3,Others
4495,48,112,13649.046990013121,1,5,5,Loyal
4496,15,86,12190.658517217636,3,2,5,Others
4497,3,86,11744.52898712158,5,2,4,Others
4498,8,98,9797.414963006971,4,4,2,Loyal
4499,8,89,8812.32148308754,4,2,1,Others
4500,4,107,13131.903979253766,5,5,5,Champions
4501,49,85,8763.009533357621,1,1,1,Lost
4502,13,88,8291.099002313615,3,2,1,Others
4503,0,91,8885.264981484415,5,3,2,Others
4504,17,108,12173.818045318128,3,5,5,Loyal
4505,62,93,8452.886967158318,1,3,1,Others
4506,31,98,12529.513052010538,2,4,5,Loyal
4507,9,93,10751.155422735214,4,3,3,Others
4508,70,106,11376.508036518095,1,5,4,Loyal
4509,16,100,10961.514472794532,3,4,4,Loyal
4510,9,118,15572.776017713548,4,5,5,Champions
4511,32,100,11981.319434762001,2,4,5,Loyal
4512,3,104,14147.342503440379,5,5,5,Champions
4513,32,94,13199.327978229523,2,3,5,At Risk
4514,6,85,7303.907962918282,4,1,1,Others
4515,13,83,7681.92550945282,3,1,1,Others
4516,6,96,9540.825981116295,4,4,2,Loyal
4517,3,83,8426.670507597924,5,1,1,Others
4518,61,105,11463.95694410801,1,5,4,Loyal
4519,44,86,9367.232932901385,1,2,2,Lost
4520,2,90,8935.28303408623,5,2,2,Others
4521,19,94,11962.275001239776,3,3,5,Others
4522,1,94,10057.0034719944,5,3,3,Others
4523,25,94,7555.216484689712,2,3,1,Others
4524,7,112,15225.196071171757,4,5,5,Champions
4525,13,94,11994.096024751665,3,3,5,Others
4526,12,116,10816.977556824684,3,5,4,Loyal
4527,38,91,10263.41538763046,2,2,3,Lost
4528,24,88,8424.947514247895,2,2,1,Lost
4529,5,90,11955.203970861436,4,2,5,Others
4530,15,101,12541.356961345673,3,4,5,Loyal
4531,70,79,9111.709538602829,1,1,2,Lost
4532,3,93,8851.367036914824,5,3,2,Others
4533,9,107,10387.297035646438,4,5,3,Loyal
4534,20,91,12981.47204065323,3,3,5,Others
4535,37,90,6943.881988644602,2,2,1,Lost
4536,8,100,12048.27697277069,4,4,5,Champions
4537,31,97,11913.166038680076,2,4,5,Loyal
4538,9,110,11897.155050206184,4,5,5,Champions
4539,9,91,11631.374472284315,4,3,4,Others
4540,33,99,10767.732997763158,2,4,4,Loyal
4541,38,90,8839.509047007561,2,2,2,Lost
4542,12,72,8768.558954620361,3,1,1,Others
4543,5,96,9028.918454551698,4,4,2,Loyal
4544,10,88,7095.625492048263,4,2,1,Others
4545,62,86,10296.26348848343,1,2,3,Lost
4546,10,107,13984.53903412819,4,5,5,Champions
4547,4,89,11617.847554802896,5,2,4,Others
4548,0,100,8414.90300195217,5,4,1,Loyal
4549,33,93,9089.74042775631,2,3,2,Others
4550,11,94,9936.739972925187,4,3,3,Others
4551,12,81,7611.438516712188,3,1,1,Others
4552,20,99,9456.634498524665,3,4,2,Loyal
4553,1,107,11477.874036026,5,5,4,Champions
4554,6,86,9207.730526399613,4,2,2,Others
4555,4,84,9227.043446278572,5,1,2,Others
4556,18,72,8492.032031154633,3,1,1,Others
4557,10,96,12793.076040554044,4,3,5,Others
4558,3,90,7195.03997539282,5,2,1,Others
4559,8,90,10058.697496533392,4,2,3,Others
4560,0,108,13862.709454107286,5,5,5,Champions
4561,15,85,9058.615950345993,3,1,2,Others
4562,48,91,12736.099013996121,1,2,5,At Risk
4563,2,95,14184.814031219485,5,3,5,Others
4564,27,100,10737.967475557327,2,4,3,Loyal
4565,37,92,9512.292936062811,2,3,2,Others
4566,4,86,7341.366018271447,5,2,1,Others
4567,35,96,13257.990950250629,2,4,5,Loyal
4568,61,105,12854.918534660335,1,5,5,Loyal
4569,33,80,10348.753467297554,2,1,3,Lost
4570,7,98,10342.37444603443,4,4,3,Loyal
4571,0,88,8398.707010960577,5,2,1,Others
4572,13,111,13335.914455795288,3,5,5,Loyal
4573,53,92,8274.590025496484,1,3,1,Others
4574,31,101,9385.891543722153,2,4,2,Loyal
4575,55,86,8476.275944447516,1,2,1,Lost
4576,23,82,11391.974636483192,2,1,4,At Risk
4577,85,109,12690.371488952638,1,5,5,Loyal
4578,20,94,7245.089489626886,3,3,1,Others
4579,8,94,10597.601902723314,4,3,3,Others
4580,47,87,9929.842548894881,1,2,3,Lost
4581,14,90,9065.7179312706,3,2,2,Others
4582,0,107,9958.374037957194,5,5,3,Loyal
4583,7,74,8163.499546670914,4,1,1,Others
4584,26,102,12212.818452930453,2,5,5,Loyal
4585,39,94,8643.625503849984,1,3,1,Others
4586,23,90,12928.909050059317,2,2,5,At Risk
4587,10,105,14175.06944811344,4,5,5,Champions
4588,26,90,8011.213978910446,2,2,1,Lost
4589,23,96,12024.808533608913,2,4,5,Loyal
4590,4,100,9475.417981362345,5,4,2,Loyal
4591,12,100,8621.843469619753,3,4,1,Loyal
4592,1,88,8951.093036770819,5,2,2,Others
4593,7,104,11943.145037984845,4,5,5,Champions
4594,2,92,11577.976035881044,5,3,4,Others
4595,11,101,10138.828998160361,4,4,3,Loyal
4596,20,93,9566.37498278618,3,3,2,Others
4597,66,98,10972.632070565223,1,4,4,Loyal
4598,20,96,9508.002496302128,3,4,2,Loyal
4599,25,101,11938.53892941475,2,4,5,Loyal
4600,0,98,10789.015461170675,5,4,4,Champions
4601,107,93,10818.944481110573,1,3,4,At Risk
4602,97,79,7797.448507356642,1,1,1,Lost
4603,6,94,8550.532024884222,4,3,1,Others
4604,26,106,14479.493019437788,2,5,5,Loyal
4605,35,94,10899.972486305236,2,3,4,At Risk
4606,6,103,6726.2175424337365,4,5,1,Loyal
4607,0,91,10201.959093379974,5,3,3,Others
4608,119,84,8244.100983476637,1,1,1,Lost
4609,0,85,8662.118524551392,5,1,1,Others
4610,49,109,9028.755957937243,1,5,2,Loyal
4611,23,85,8500.191497111322,2,1,1,Lost
4612,0,93,10994.609441685678,5,3,4,Others
4613,2,110,10425.195963048933,5,5,3,Loyal
4614,58,93,8926.384983110429,1,3,2,Others
4615,36,94,10335.361004900933,2,3,3,Others
4616,0,91,10243.729479193687,5,3,3,Others
4617,22,85,8797.58750143051,2,1,1,Lost
4618,1,98,10889.595550107955,5,4,4,Champions
4619,5,90,9978.482991385461,4,2,3,Others
4620,8,91,9612.902477097512,4,3,2,Others
4621,57,86,10339.227548050878,1,2,3,Lost
4622,61,105,10030.607964158058,1,5,3,Loyal
4623,1,95,10076.190957176685,5,3,3,Others
4624,31,107,12471.910571336748,2,5,5,Loyal
4625,19,79,9581.502934741973,3,1,2,Others
4626,25,100,12065.239993333817,2,4,5,Loyal
4627,9,82,10633.384031641484,4,1,3,Others
4628,20,102,10211.936446237563,3,5,3,Loyal
4629,14,94,11905.065044355395,3,3,5,Others
4630,6,101,13137.223875045775,4,4,5,Champions
4631,67,75,9907.372987079623,1,1,3,Lost
4632,54,103,13655.059539604183,1,5,5,Loyal
4633,8,103,10806.740969228747,4,5,4,Champions
4634,4,93,8735.64751074314,4,3,1,Others
4635,16,88,9677.426490306852,3,2,2,Others
4636,25,81,7934.303529644012,2,1,1,Lost
4637,5,97,11385.42349052429,4,4,4,Champions
4638,21,95,11005.845493435861,3,3,4,Others
4639,18,100,12054.047023749354,3,4,5,Loyal
4640,0,95,11885.748034429553,5,3,5,Others
4641,25,88,7346.6820056915285,2,2,1,Lost
4642,17,78,9253.681473231316,3,1,2,Others
4643,10,89,12633.889023673533,4,2,5,Others
4644,47,115,10616.109931969642,1,5,3,Loyal
4645,3,102,13159.617518115047,5,5,5,Champions
4646,24,89,8339.853530979155,2,2,1,Lost
4647,8,110,11406.097019076346,4,5,4,Champions
4648,11,103,11197.743547248841,4,5,4,Champions
4649,11,105,12171.269041895866,4,5,5,Champions
4650,46,92,8955.794512748718,1,3,2,Others
4651,9,103,11107.05442671776,4,5,4,Champions
4652,51,80,7520.810545015335,1,1,1,Lost
4653,8,80,7316.753480362891,4,1,1,Others
4654,64,103,9652.443463468553,1,5,2,Loyal
4655,3,96,11127.338550126553,5,3,4,Others
4656,56,98,8647.093948197366,1,4,1,Loyal
4657,15,98,13069.25191833973,3,4,5,Loyal
4658,57,86,7656.929964375495,1,2,1,Lost
4659,11,93,10513.268486499786,4,3,3,Others
4660,12,94,11542.091487956042,3,3,4,Others
4661,0,113,8955.595514297485,5,5,2,Loyal
4662,37,85,8436.249018454551,2,1,1,Lost
4663,45,87,8234.595463562013,1,2,1,Lost
4664,5,72,8389.271049070358,4,1,1,Others
4665,0,98,9188.065031838416,5,4,2,Loyal
4666,7,91,9460.207482028007,4,3,2,Others
4667,3,92,12068.66590900421,5,3,5,Others
4668,15,111,12610.84051938057,3,5,5,Loyal
4669,19,109,12730.892533612254,3,5,5,Loyal
4670,23,85,9337.398003578186,2,1,2,Lost
4671,13,82,7826.302991700171,3,1,1,Others
4672,18,94,9011.260096359254,3,3,2,Others
4673,54,94,10077.278470754625,1,3,3,Others
4674,19,100,9812.383405089382,3,4,2,Loyal
4675,7,94,12766.802982556821,4,3,5,Others
4676,43,88,8813.47803449631,1,2,1,Lost
4677,0,99,11761.73949522972,5,4,4,Champions
4678,63,90,7655.175457048417,1,2,1,Lost
4679,29,91,9079.528504776954,2,2,2,Lost
4680,14,87,10464.630496215821,3,2,3,Others
4681,23,86,10685.984985232351,2,2,3,Lost
4682,113,85,8975.201924061774,1,1,2,Lost
4683,31,103,10923.297468042372,2,5,4,Loyal
4684,9,108,13946.986996650694,4,5,5,Champions
4685,24,102,12734.243013334275,2,5,5,Loyal
4686,6,83,8981.29594540596,4,1,2,Others
4687,67,95,9318.809021544457,1,3,2,Others
4688,18,87,9744.313509655,3,2,2,Others
4689,27,101,14437.537490797045,2,4,5,Loyal
4690,2,86,8557.236032533645,5,2,1,Others
4691,70,110,13731.417502975464,1,5,5,Loyal
4692,141,84,11106.181436419489,1,1,4,At Risk
4693,37,77,8882.6195043087,2,1,2,Lost
4694,8,106,12143.654492068292,4,5,5,Champions
4695,0,87,10135.753069615363,5,2,3,Others
4696,3,97,8839.591510343553,5,4,2,Loyal
4697,6,97,9580.472507286073,4,4,2,Loyal
4698,13,90,11057.300015711784,3,2,4,Others
4699,32,80,7163.360972213744,2,1,1,Lost
4700,39,99,9744.198932623864,1,4,2,Loyal
4701,4,87,6964.464448571205,5,2,1,Others
4702,34,84,10173.385934567454,2,1,3,Lost
4703,17,95,11398.501020383834,3,3,4,Others
4704,12,104,12344.736497902868,3,5,5,Loyal
4705,36,79,6160.298519492149,2,1,1,Lost
4706,2,88,8707.395984363555,5,2,1,Others
4707,20,88,9909.031950116158,3,2,3,Others
4708,12,97,8689.26000430584,3,4,1,Loyal
4709,47,81,9505.065916442873,1,1,2,Lost
4710,57,83,7824.352032995223,1,1,1,Lost
4711,4,98,9775.187466764452,4,4,2,Loyal
4712,1,81,10400.06452009678,5,1,3,Others
4713,31,105,11906.379542398452,2,5,5,Loyal
4714,2,103,9828.459986805916,5,5,2,Loyal
4715,5,99,9708.781521558763,4,4,2,Loyal
4716,8,109,8954.32998239994,4,5,2,Loyal
4717,66,103,10927.393936491011,1,5,4,Loyal
4718,6,84,9035.952002763748,4,1,2,Others
4719,64,86,8165.990997838974,1,2,1,Lost
4720,42,95,11624.035522770882,1,3,4,At Risk
4721,3,106,11577.334471726419,5,5,4,Champions
4722,82,82,8937.49998152256,1,1,2,Lost
4723,5,97,14429.445966672898,4,4,5,Champions
4724,43,103,10542.80748035908,1,5,3,Loyal
4725,2,97,13864.271021699906,5,4,5,Champions
4726,0,92,10764.955460357665,5,3,4,Others
4727,40,86,10712.407983970645,1,2,3,Lost
4728,43,85,9777.700969052315,1,1,2,Lost
4729,11,95,10314.974010682106,3,3,3,Others
4730,17,92,8450.33698525429,3,3,1,Others
4731,3,97,13243.003998816012,5,4,5,Champions
4732,0,104,10135.15150551796,5,5,3,Loyal
4733,73,77,7649.941062855719,1,1,1,Lost
4734,12,90,10332.745012903213,3,2,3,Others
4735,4,91,12602.28899126053,5,3,5,Others
4736,35,102,11340.116055524351,2,5,4,Loyal
4737,17,101,9396.766492307186,3,4,2,Loyal
4738,0,94,8189.800425767897,5,3,1,Others
4739,27,94,9403.10047364235,2,3,2,Others
4740,9,101,11447.256480550765,4,4,4,Champions
4741,34,95,8889.817482924462,2,3,2,Others
4742,21,104,15211.566414427758,3,5,5,Loyal
4743,5,79,10728.40446071625,4,1,3,Others
4744,9,79,7189.406501650809,4,1,1,Others
4745,21,91,11987.091986560825,3,2,5,Others
4746,46,89,9101.679952859879,1,2,2,Lost
4747,76,89,9034.586441254616,1,2,2,Lost
4748,8,91,10523.853015351293,4,3,3,Others
4749,47,68,8459.94205827713,1,1,1,Lost
4750,54,82,7036.423008441925,1,1,1,Lost
4751,49,101,10899.339949655532,1,4,4,Loyal
4752,16,87,8551.420951676368,3,2,1,Others
4753,12,93,10538.433484411238,3,3,3,Others
4754,2,105,10549.651515364643,5,5,3,Loyal
4755,43,80,9556.585916996004,1,1,2,Lost
4756,42,95,11720.06151754856,1,3,4,At Risk
4757,2,97,11376.954019355773,5,4,4,Champions
4758,30,103,12223.990079164505,2,5,5,Loyal
4759,62,84,9325.045487952233,1,1,2,Lost
4760,2,87,11991.737947034837,5,2,5,Others
4761,14,88,10281.080956506732,3,2,3,Others
4762,6,93,12315.680978155135,4,3,5,Others
4763,8,82,10716.07992787361,4,1,3,Others
4764,1,92,7557.035993051529,5,3,1,Others
4765,17,96,8446.335982847213,3,4,1,Loyal
4766,4,86,6808.900477051735,5,2,1,Others
4767,1,92,9179.088507270815,5,3,2,Others
4768,30,74,9920.781528246403,2,1,3,Lost
4769,53,115,14111.109531712535,1,5,5,Loyal
4770,29,88,9580.132016777994,2,2,2,Lost
4771,23,104,9695.312564539909,2,5,2,Loyal
4772,19,92,9248.641511559485,3,3,2,Others
4773,7,107,9751.534478163718,4,5,2,Loyal
4774,35,101,12166.687404155731,2,4,5,Loyal
4775,6,87,10727.386018300058,4,2,3,Others
4776,8,93,10078.687472701073,4,3,3,Others
4777,20,91,9136.282992243767,3,2,2,Others
4778,31,94,11283.451545274258,2,3,4,At Risk
4779,5,83,8579.34099061489,4,1,1,Others
4780,29,96,9375.919501304626,2,4,2,Loyal
4781,55,88,8033.14598045349,1,2,1,Lost
4782,6,94,11149.438560581208,4,3,4,Others
4783,37,106,13153.22909834385,2,5,5,Loyal
4784,9,90,12890.929017996788,4,2,5,Others
4785,38,91,9994.88103456497,2,2,3,Lost
4786,13,94,11032.46400709152,3,3,4,Others
4787,25,85,9660.33595609665,2,1,2,Lost
4788,25,91,7506.703510522844,2,2,1,Lost
4789,2,97,10760.736509597302,5,4,4,Champions
4790,23,93,8605.700534653664,2,3,1,Others
4791,19,105,11231.572492694855,3,5,4,Loyal
4792,28,82,9961.745972251892,2,1,3,Lost
4793,6,99,10629.471481752396,4,4,3,Loyal
4794,41,92,10362.226052832602,1,3,3,Others
4795,29,82,9756.87157216072,2,1,2,Lost
4796,20,107,12867.691953372952,3,5,5,Loyal
4797,104,82,8466.331458830833,1,1,1,Lost
4798,15,89,12611.886969399455,3,2,5,Others
4799,11,88,9032.241427636145,4,2,2,Others
4800,5,99,9980.18298741579,4,4,3,Loyal
4801,4,96,11825.312070035936,5,3,5,Others
4802,17,83,7515.685526299476,3,1,1,Others
4803,9,98,12188.078922843932,4,4,5,Champions
4804,10,92,9791.86005923748,4,3,2,Others
4805,10,93,10880.645994448665,4,3,4,Others
4806,27,99,10908.43455939293,2,4,4,Loyal
4807,6,106,9872.577998507022,4,5,3,Loyal
4808,0,100,12943.719432997706,5,4,5,Champions
4809,7,84,8557.638029193879,4,1,1,Others
4810,25,90,10432.213496398927,2,2,3,Lost
4811,34,89,13093.031987810138,2,2,5,At Risk
4812,4,99,7267.593960237503,5,4,1,Loyal
4813,3,111,12672.42102475166,5,5,5,Champions
4814,7,85,10297.485512065889,4,1,3,Others
4815,66,94,9026.431035923957,1,3,2,Others
4816,19,82,11502.646006631849,3,1,4,Others
4817,24,89,9753.260998749733,2,2,2,Lost
4818,0,90,10947.737950730325,5,2,4,Others
4819,9,93,12334.392051124572,4,3,5,Others
4820,73,93,8652.708993673325,1,3,1,Others
4821,12,97,9588.884578251837,3,4,2,Loyal
4822,37,83,7301.865997552871,2,1,1,Lost
4823,6,88,9178.960002636908,4,2,2,Others
4824,19,100,12607.858038926128,3,4,5,Loyal
4825,8,77,8417.875486636161,4,1,1,Others
4826,8,120,12421.759932422638,4,5,5,Champions
4827,6,88,11204.144410920142,4,2,4,Others
4828,57,92,10966.923031592369,1,3,4,At Risk
4829,3,94,10177.131985735894,5,3,3,Others
4830,14,99,9340.4690256238,3,4,2,Loyal
4831,11,95,10812.84455857277,4,3,4,Others
4832,8,89,9514.2099971056,4,2,2,Others
4833,15,81,8710.873571276663,3,1,1,Others
4834,14,100,10913.759496068955,3,4,4,Loyal
4835,1,81,8016.796995186805,5,1,1,Others
4836,3,113,11881.68397233486,5,5,5,Champions
4837,7,94,8811.937491798404,4,3,1,Others
4838,23,96,9356.647982335087,2,4,2,Loyal
4839,0,106,12584.814049029352,5,5,5,Champions
4840,4,95,14457.554029393195,5,3,5,Others
4841,2,96,10038.34501593113,5,3,3,Others
4842,42,83,9816.075097560884,1,1,2,Lost
4843,35,80,8112.524989271165,2,1,1,Lost
4844,79,90,10237.380542993546,1,2,3,Lost
4845,39,106,8164.1445240736,1,5,1,Loyal
4846,62,85,9045.65103724003,1,1,2,Lost
4847,87,96,12709.636566329003,1,4,5,Loyal
4848,49,89,11810.720965933799,1,2,4,At Risk
4849,6,96,10830.580475378038,4,4,4,Champions
4850,12,99,12777.931036138534,3,4,5,Loyal
4851,8,97,11723.504025840763,4,4,4,Champions
4852,5,82,9011.556493425369,4,1,2,Others
4853,28,94,9943.219530582428,2,3,3,Others
4854,40,102,11361.91091915369,1,5,4,Loyal
4855,49,85,7674.883061075209,1,1,1,Lost
4856,23,83,9424.768529272078,2,1,2,Lost
4857,1,72,7046.930516409875,5,1,1,Others
4858,11,94,11475.502029848096,4,3,4,Others
4859,1,100,9903.108419322965,5,4,3,Loyal
4860,16,100,12381.838952732083,3,4,5,Loyal
4861,24,116,10844.838501882556,2,5,4,Loyal
4862,23,98,10092.27299880981,2,4,3,Loyal
4863,29,104,10874.043526983261,2,5,4,Loyal
4864,26,94,12742.715019178388,2,3,5,At Risk
4865,4,98,11596.960435390476,5,4,4,Champions
4866,27,84,9309.028518736362,2,1,2,Lost
4867,15,99,12760.056442880634,3,4,5,Loyal
4868,22,100,11154.606980490687,3,4,4,Loyal
4869,14,113,14401.002610456942,3,5,5,Loyal
4870,11,79,7436.293028497697,4,1,1,Others
4871,16,112,12346.877495718003,3,5,5,Loyal
4872,11,85,10839.560972285273,3,1,4,Others
4873,0,66,6430.027501583099,5,1,1,Others
4874,33,110,10386.832511997223,2,5,3,Loyal
4875,30,113,13587.656471538543,2,5,5,Loyal
4876,8,107,11365.355499410629,4,5,4,Champions
4877,12,96,12274.359074354174,3,3,5,Others
4878,11,81,9679.250011348724,3,1,2,Others
4879,6,92,10821.757995200156,4,3,4,Others
4880,2,97,8916.54304909706,5,4,2,Loyal
4881,29,80,7913.695481157305,2,1,1,Lost
4882,1,85,8163.098512971403,5,1,1,Others
4883,43,96,10579.899457645417,1,4,3,Loyal
4884,66,89,8898.791930794714,1,2,2,Lost
4885,17,87,9938.09053320885,3,2,3,Others
4886,20,93,11614.142544555665,3,3,4,Others
4887,27,95,11230.815978121756,2,3,4,At Risk
4888,67,89,8676.972007584573,1,2,1,Lost
4889,23,104,9664.634468579292,2,5,2,Loyal
4890,34,105,13972.794486641884,2,5,5,Loyal
4891,6,100,11929.321993255613,4,4,5,Champions
4892,37,100,10419.894970607758,2,4,3,Loyal
4893,4,100,12621.990537762642,5,4,5,Champions
4894,24,94,8234.146480441093,2,3,1,Others
4895,0,95,11524.063974785806,5,3,4,Others
4896,43,98,8851.71547009945,1,4,2,Loyal
4897,52,103,12025.314011979104,1,5,5,Loyal
4898,14,92,10198.424453258514,3,3,3,Others
4899,4,85,9487.82046391964,5,1,2,Others
4900,5,115,16569.1340018034,4,5,5,Champions
4901,68,81,8257.158038783075,1,1,1,Lost
4902,26,101,9483.737985455988,2,4,2,Loyal
4903,30,95,8019.742553472518,2,3,1,Others
4904,23,106,11884.804433870315,2,5,5,Loyal
4905,51,85,9622.712940120698,1,1,2,Lost
4906,28,86,8178.874501323699,2,2,1,Lost
4907,22,80,7692.39596710205,3,1,1,Others
4908,19,88,9585.850977492333,3,2,2,Others
4909,39,97,10192.53046154976,1,4,3,Loyal
4910,64,89,12325.838009476662,1,2,5,At Risk
4911,5,98,13348.1839846611,4,4,5,Champions
4912,17,96,9437.221483755111,3,4,2,Loyal
4913,13,102,11211.667992019653,3,5,4,Loyal
4914,41,88,10286.63944478035,1,2,3,Lost
4915,7,115,15895.694439244273,4,5,5,Champions
4916,53,102,11291.920536422733,1,5,4,Loyal
4917,17,80,11965.8159273386,3,1,5,Others
4918,57,103,9686.384481072428,1,5,2,Loyal
4919,34,106,9078.70544166565,2,5,2,Loyal
4920,13,85,7153.862031602859,3,1,1,Others
4921,24,84,9488.402463769915,2,1,2,Lost
4922,15,100,12541.595028448102,3,4,5,Loyal
4923,47,76,8217.35494337082,1,1,1,Lost
4924,17,92,11311.163980817795,3,3,4,Others
4925,23,91,10429.218519592285,2,2,3,Lost
4926,0,83,9325.396447610854,5,1,2,Others
4927,18,81,9918.44409890175,3,1,3,Others
4928,23,101,11581.769999456406,2,4,4,Loyal
4929,10,118,12022.885065686702,4,5,5,Champions
4930,27,106,10820.57195048332,2,5,4,Loyal
4931,45,88,8418.060953354836,1,2,1,Lost
4932,70,92,8820.233999323846,1,3,1,Others
4933,22,92,10130.664010906221,3,3,3,Others
4934,49,86,10502.750962042808,1,2,3,Lost
4935,11,95,9120.896479988098,3,3,2,Others
4936,71,90,10404.618549275398,1,2,3,Lost
4937,47,98,10885.493977320197,1,4,4,Loyal
4938,110,101,10949.106437027456,1,4,4,Loyal
4939,5,94,10734.436449360848,4,3,3,Others
4940,66,86,8752.832087373732,1,2,1,Lost
4941,0,87,9541.290054416657,5,2,2,Others
4942,5,103,13399.370191073416,4,5,5,Champions
4943,4,89,10678.742411875726,4,2,3,Others
4944,14,105,11304.104038071635,3,5,4,Loyal
4945,28,108,13210.93697578907,2,5,5,Loyal
4946,2,109,11430.149976491928,5,5,4,Champions
4947,3,103,10260.567948579788,5,5,3,Loyal
4948,5,92,8605.644482183456,4,3,1,Others
4949,14,101,14147.683638381957,3,4,5,Loyal
4950,5,100,12347.602493190767,4,4,5,Champions
4951,14,94,9590.546933674814,3,3,2,Others
4952,23,116,12732.537054038046,2,5,5,Loyal
4953,34,94,10471.388520050046,2,3,3,Others
4954,1,90,11948.817512965203,5,2,5,Others
4955,9,120,14553.040440607072,4,5,5,Champions
4956,29,116,12048.551041769982,2,5,5,Loyal
4957,15,105,9865.335476660728,3,5,3,Loyal
4958,0,89,9171.319014382361,5,2,2,Others
4959,0,93,13326.631378126147,5,3,5,Others
4960,52,84,11384.504919433593,1,1,4,At Risk
4961,3,94,9472.637510466575,5,3,2,Others
4962,4,104,10795.41052892208,5,5,4,Champions
4963,11,96,9951.912535524367,4,4,3,Loyal
4964,10,100,9539.305954504012,4,4,2,Loyal
4965,35,77,6110.734011030198,2,1,1,Lost
4966,37,85,7266.471478605271,2,1,1,Lost
4967,47,99,9094.155453157424,1,4,2,Loyal
4968,0,104,14120.308463907244,5,5,5,Champions
4969,8,111,14100.283363914488,4,5,5,Champions
4970,69,108,10191.467981958389,1,5,3,Loyal
4971,25,100,9836.649466919902,2,4,3,Loyal
4972,15,83,8643.547511065006,3,1,1,Others
4973,27,88,10962.840013217925,2,2,4,At Risk
4974,27,109,10934.945474624636,2,5,4,Loyal
4975,6,82,8547.13751513958,4,1,1,Others
4976,1,98,10828.481508159637,5,4,4,Champions
4977,37,93,11320.026449918745,2,3,4,At Risk
4978,69,89,9824.337432444097,1,2,2,Lost
4979,0,94,11836.472886657715,5,3,5,Others
4980,51,91,9517.694882655143,1,2,2,Lost
4981,62,103,10988.836000585556,1,5,4,Loyal
4982,17,84,7150.66154153347,3,1,1,Others
4983,78,106,11179.077008008959,1,5,4,Loyal
4984,31,85,9360.088483023643,2,1,2,Lost
4985,144,85,9485.56995666027,1,1,2,Lost
4986,11,106,12251.856480133532,4,5,5,Champions
4987,18,93,9309.847969484328,3,3,2,Others
4988,20,94,11711.809498405457,3,3,4,Others
4989,72,93,10554.870421671867,1,3,3,Others
4990,47,73,8486.065473413468,1,1,1,Lost
4991,2,102,12166.708499288558,5,5,5,Champions
4992,26,78,10333.794431328773,2,1,3,Lost
4993,24,94,9169.625942468643,2,3,2,Others
4994,1,103,12881.828044414518,5,5,5,Champions
4995,3,97,11857.699913072585,5,4,5,Champions
4996,21,83,8362.449542713168,3,1,1,Others
4997,8,109,13037.55999889374,4,5,5,Champions
4998,0,78,8404.907488679886,5,1,1,Others
4999,23,96,10567.300516796113,2,4,3,Loyal
5000,17,102,11160.670947742463,3,5,4,Loyal
